mc	mn	quarterbeats	quarterbeats_all_endings	duration_qb	mc_onset	mn_onset	event	timesig	staff	voice	duration	gracenote	nominal_duration	scalar	chord_id	dynamics	articulation	tempo	qpm	metronome_base	metronome_number	tempo_visible	slur	crescendo_line
1	1	0	0	0.0	0	0	Tempo	3/4	1	1	0							ùÖü=138	138.0	ùÖü	138.0	0.0		
1	1	0	0	1.0	0	0	Chord	3/4	1	1	1/4		1/4	1	0								0	
1	1	1	1	0.3333333333333333	1/4	1/4	Chord	3/4	1	1	1/12		1/8	2/3	1									
1	1	4/3	4/3	0.3333333333333333	1/3	1/3	Chord	3/4	1	1	1/12		1/8	2/3	2									
1	1	5/3	5/3	0.3333333333333333	5/12	5/12	Chord	3/4	1	1	1/12		1/8	2/3	3									
1	1	2	2	0.3333333333333333	1/2	1/2	Chord	3/4	1	1	1/12		1/8	2/3	4									
1	1	7/3	7/3	0.3333333333333333	7/12	7/12	Chord	3/4	1	1	1/12		1/8	2/3	5									
1	1	8/3	8/3	0.3333333333333333	2/3	2/3	Chord	3/4	1	1	1/12		1/8	2/3	6									
1	1	0	0	1.0	0	0	Chord	3/4	1	2	1/4		1/4	1	7									
1	1	0	0	1.0	0	0	Chord	3/4	2	1	1/4		1/4	1	8									
1	1	1	1	1.0	1/4	1/4	Chord	3/4	2	1	1/4		1/4	1	9									
2	2	3	3	1.0	0	0	Chord	3/4	1	1	1/4		1/4	1	10								1	
2	2	4	4	0.3333333333333333	1/4	1/4	Chord	3/4	1	1	1/12		1/8	2/3	11									
2	2	13/3	13/3	0.3333333333333333	1/3	1/3	Chord	3/4	1	1	1/12		1/8	2/3	12									
2	2	14/3	14/3	0.3333333333333333	5/12	5/12	Chord	3/4	1	1	1/12		1/8	2/3	13									
2	2	5	5	0.3333333333333333	1/2	1/2	Chord	3/4	1	1	1/12		1/8	2/3	14									
2	2	16/3	16/3	0.3333333333333333	7/12	7/12	Chord	3/4	1	1	1/12		1/8	2/3	15									
2	2	17/3	17/3	0.3333333333333333	2/3	2/3	Chord	3/4	1	1	1/12		1/8	2/3	16									
2	2	3	3	1.0	0	0	Chord	3/4	1	2	1/4		1/4	1	17									
2	2	3	3	1.0	0	0	Chord	3/4	2	1	1/4		1/4	1	18									
2	2	4	4	1.0	1/4	1/4	Chord	3/4	2	1	1/4		1/4	1	19									
3	3	6	6	1.0	0	0	Chord	3/4	1	1	1/4		1/4	1	20		ornamentTrill							
3	3	7	7	0.3333333333333333	1/4	1/4	Chord	3/4	1	1	1/12		1/8	2/3	21									
3	3	22/3	22/3	0.3333333333333333	1/3	1/3	Chord	3/4	1	1	1/12		1/8	2/3	22									
3	3	23/3	23/3	0.3333333333333333	5/12	5/12	Chord	3/4	1	1	1/12		1/8	2/3	23									
3	3	8	8	0.3333333333333333	1/2	1/2	Chord	3/4	1	1	1/12		1/8	2/3	24									
3	3	25/3	25/3	0.3333333333333333	7/12	7/12	Chord	3/4	1	1	1/12		1/8	2/3	25									
3	3	26/3	26/3	0.3333333333333333	2/3	2/3	Chord	3/4	1	1	1/12		1/8	2/3	26									
3	3	6	6	1.0	0	0	Chord	3/4	2	1	1/4		1/4	1	27									
3	3	7	7	1.0	1/4	1/4	Chord	3/4	2	1	1/4		1/4	1	28									
3	3	8	8	1.0	1/2	1/2	Chord	3/4	2	1	1/4		1/4	1	29									
4	4	9	9	0.75	0	0	Chord	3/4	1	1	3/16		1/8	3/2	30		ornamentTrill						2	
4	4	39/4	39/4	0.125	3/16	3/16	Chord	3/4	1	1	1/32		1/32	1	31								2	
4	4	79/8	79/8	0.125	7/32	7/32	Chord	3/4	1	1	1/32		1/32	1	32									
4	4	10	10	1.0	1/4	1/4	Chord	3/4	1	1	1/4		1/4	1	33									
4	4	9	9	1.0	0	0	Chord	3/4	2	1	1/4		1/4	1	34									
4	4	10	10	1.0	1/4	1/4	Chord	3/4	2	1	1/4		1/4	1	35									
5	5	12	12	1.0	0	0	Chord	3/4	1	1	1/4		1/4	1	36									
5	5	13	13	0.3333333333333333	1/4	1/4	Chord	3/4	1	1	1/12		1/8	2/3	37									
5	5	40/3	40/3	0.3333333333333333	1/3	1/3	Chord	3/4	1	1	1/12		1/8	2/3	38									
5	5	41/3	41/3	0.3333333333333333	5/12	5/12	Chord	3/4	1	1	1/12		1/8	2/3	39									
5	5	14	14	0.3333333333333333	1/2	1/2	Chord	3/4	1	1	1/12		1/8	2/3	40									
5	5	43/3	43/3	0.3333333333333333	7/12	7/12	Chord	3/4	1	1	1/12		1/8	2/3	41									
5	5	44/3	44/3	0.3333333333333333	2/3	2/3	Chord	3/4	1	1	1/12		1/8	2/3	42									
5	5	12	12	1.0	0	0	Chord	3/4	1	2	1/4		1/4	1	43									
5	5	12	12	1.0	0	0	Chord	3/4	2	1	1/4		1/4	1	44									
5	5	13	13	1.0	1/4	1/4	Chord	3/4	2	1	1/4		1/4	1	45									
5	5	14	14	1.0	1/2	1/2	Chord	3/4	2	1	1/4		1/4	1	46									
6	6	15	15	1.0	0	0	Chord	3/4	1	1	1/4		1/4	1	47									
6	6	16	16	0.3333333333333333	1/4	1/4	Chord	3/4	1	1	1/12		1/8	2/3	48									
6	6	49/3	49/3	0.3333333333333333	1/3	1/3	Chord	3/4	1	1	1/12		1/8	2/3	49									
6	6	50/3	50/3	0.3333333333333333	5/12	5/12	Chord	3/4	1	1	1/12		1/8	2/3	50									
6	6	17	17	0.3333333333333333	1/2	1/2	Chord	3/4	1	1	1/12		1/8	2/3	51									
6	6	52/3	52/3	0.3333333333333333	7/12	7/12	Chord	3/4	1	1	1/12		1/8	2/3	52									
6	6	53/3	53/3	0.3333333333333333	2/3	2/3	Chord	3/4	1	1	1/12		1/8	2/3	53									
6	6	15	15	1.0	0	0	Chord	3/4	1	2	1/4		1/4	1	54									
6	6	15	15	1.0	0	0	Chord	3/4	2	1	1/4		1/4	1	55									
6	6	16	16	1.0	1/4	1/4	Chord	3/4	2	1	1/4		1/4	1	56									
6	6	17	17	1.0	1/2	1/2	Chord	3/4	2	1	1/4		1/4	1	57									
7	7	18	18	0.3333333333333333	0	0	Chord	3/4	1	1	1/12		1/8	2/3	58									
7	7	55/3	55/3	0.3333333333333333	1/12	1/12	Chord	3/4	1	1	1/12		1/8	2/3	59									
7	7	56/3	56/3	0.3333333333333333	1/6	1/6	Chord	3/4	1	1	1/12		1/8	2/3	60									
7	7	19	19	0.3333333333333333	1/4	1/4	Chord	3/4	1	1	1/12		1/8	2/3	61									
7	7	58/3	58/3	0.3333333333333333	1/3	1/3	Chord	3/4	1	1	1/12		1/8	2/3	62									
7	7	59/3	59/3	0.3333333333333333	5/12	5/12	Chord	3/4	1	1	1/12		1/8	2/3	63									
7	7	20	20	0.3333333333333333	1/2	1/2	Chord	3/4	1	1	1/12		1/8	2/3	64									
7	7	61/3	61/3	0.3333333333333333	7/12	7/12	Chord	3/4	1	1	1/12		1/8	2/3	65									
7	7	62/3	62/3	0.3333333333333333	2/3	2/3	Chord	3/4	1	1	1/12		1/8	2/3	66									
7	7	18	18	2.0	0	0	Chord	3/4	2	1	1/2		1/2	1	67									
7	7	20	20	1.0	1/2	1/2	Chord	3/4	2	1	1/4		1/4	1	68									
8	8	21	21	1.0	0	0	Chord	3/4	1	1	1/4		1/4	1	69		ornamentTrill							
8	8	22	22	1.0	1/4	1/4	Chord	3/4	1	1	1/4		1/4	1	70									
8	8	21	21	1.0	0	0	Chord	3/4	2	1	1/4		1/4	1	71									
8	8	22	22	1.0	1/4	1/4	Chord	3/4	2	1	1/4		1/4	1	72									
8	8	23	23	1.0	1/2	1/2	Chord	3/4	2	1	1/4		1/4	1	73									
9	9	24	24	0.0	0	0	Dynamic	3/4	1	1	0					p								
9	9	24	24	1.0	0	0	Chord	3/4	1	1	1/4		1/4	1	74		ornamentTrill							
9	9	25	25	1.0	1/4	1/4	Chord	3/4	1	1	1/4		1/4	1	75								3	
9	9	26	26	1.0	1/2	1/2	Chord	3/4	1	1	1/4		1/4	1	76									
9	9	24	24	1.0	0	0	Chord	3/4	2	1	1/4		1/4	1	77									
10	10	27	27	1.0	0	0	Chord	3/4	1	1	1/4		1/4	1	78		ornamentTrill							
10	10	28	28	1.0	1/4	1/4	Chord	3/4	1	1	1/4		1/4	1	79								4	
10	10	29	29	1.0	1/2	1/2	Chord	3/4	1	1	1/4		1/4	1	80									
11	11	30	30	1.0	0	0	Chord	3/4	1	1	1/4		1/4	1	81		ornamentTrill							
11	11	31	31	1.0	1/4	1/4	Chord	3/4	1	1	1/4		1/4	1	82									
11	11	32	32	1.0	1/2	1/2	Chord	3/4	1	1	1/4		1/4	1	83									
11	11	30	30	1.0	0	0	Chord	3/4	2	1	1/4		1/4	1	84									
11	11	31	31	1.0	1/4	1/4	Chord	3/4	2	1	1/4		1/4	1	85									
11	11	32	32	1.0	1/2	1/2	Chord	3/4	2	1	1/4		1/4	1	86									
12	12	33	33	1.0	0	0	Chord	3/4	1	1	1/4		1/4	1	87		ornamentTrill							
12	12	34	34	1.0	1/4	1/4	Chord	3/4	1	1	1/4		1/4	1	88									
12	12	35	35	1.0	1/2	1/2	Chord	3/4	1	1	1/4		1/4	1	89									
12	12	33	33	1.0	0	0	Chord	3/4	2	1	1/4		1/4	1	90									
12	12	34	34	1.0	1/4	1/4	Chord	3/4	2	1	1/4		1/4	1	91									
12	12	35	35	1.0	1/2	1/2	Chord	3/4	2	1	1/4		1/4	1	92									
13	13	36	36	1.0	0	0	Chord	3/4	1	1	1/4		1/4	1	93									
13	13	37	37	0.3333333333333333	1/4	1/4	Chord	3/4	1	1	1/12		1/8	2/3	94									
13	13	112/3	112/3	0.3333333333333333	1/3	1/3	Chord	3/4	1	1	1/12		1/8	2/3	95									
13	13	113/3	113/3	0.3333333333333333	5/12	5/12	Chord	3/4	1	1	1/12		1/8	2/3	96									
13	13	38	38	0.3333333333333333	1/2	1/2	Chord	3/4	1	1	1/12		1/8	2/3	97									
13	13	115/3	115/3	0.3333333333333333	7/12	7/12	Chord	3/4	1	1	1/12		1/8	2/3	98									
13	13	116/3	116/3	0.3333333333333333	2/3	2/3	Chord	3/4	1	1	1/12		1/8	2/3	99									
13	13	36	36	0.0	0	0	Dynamic	3/4	2	1	0					f								
13	13	36	36	1.0	0	0	Chord	3/4	2	1	1/4		1/4	1	100									
13	13	38	38	1.0	1/2	1/2	Chord	3/4	2	1	1/4		1/4	1	101									
14	14	39	39	0.0	0	0	Chord	3/4	1	1	0	grace4	1/4	1	102									
14	14	39	39	2.0	0	0	Chord	3/4	1	1	1/2		1/2	1	103		ornamentTrill							
14	14	41	41	1.0	1/2	1/2	Chord	3/4	1	1	1/4		1/4	1	104									
14	14	39	39	1.0	0	0	Chord	3/4	2	1	1/4		1/4	1	105									
14	14	40	40	1.0	1/4	1/4	Chord	3/4	2	1	1/4		1/4	1	106									
14	14	41	41	1.0	1/2	1/2	Chord	3/4	2	1	1/4		1/4	1	107									
15	15	42	42	1.0	0	0	Chord	3/4	1	1	1/4		1/4	1	108									
15	15	43	43	0.3333333333333333	1/4	1/4	Chord	3/4	1	1	1/12		1/8	2/3	109									
15	15	130/3	130/3	0.3333333333333333	1/3	1/3	Chord	3/4	1	1	1/12		1/8	2/3	110									
15	15	131/3	131/3	0.3333333333333333	5/12	5/12	Chord	3/4	1	1	1/12		1/8	2/3	111									
15	15	44	44	0.3333333333333333	1/2	1/2	Chord	3/4	1	1	1/12		1/8	2/3	112									
15	15	133/3	133/3	0.3333333333333333	7/12	7/12	Chord	3/4	1	1	1/12		1/8	2/3	113									
15	15	134/3	134/3	0.3333333333333333	2/3	2/3	Chord	3/4	1	1	1/12		1/8	2/3	114									
15	15	42	42	1.0	0	0	Chord	3/4	2	1	1/4		1/4	1	115									
15	15	43	43	1.0	1/4	1/4	Chord	3/4	2	1	1/4		1/4	1	116									
15	15	44	44	1.0	1/2	1/2	Chord	3/4	2	1	1/4		1/4	1	117									
16	16	45	45	0.0	0	0	Chord	3/4	1	1	0	grace4	1/4	1	118									
16	16	45	45	2.0	0	0	Chord	3/4	1	1	1/2		1/2	1	119		ornamentTrill							
16	16	47	47	1.0	1/2	1/2	Chord	3/4	1	1	1/4		1/4	1	120									
16	16	45	45	1.0	0	0	Chord	3/4	2	1	1/4		1/4	1	121									
16	16	46	46	1.0	1/4	1/4	Chord	3/4	2	1	1/4		1/4	1	122									
16	16	47	47	1.0	1/2	1/2	Chord	3/4	2	1	1/4		1/4	1	123									
17	17	48	48	0.3333333333333333	0	0	Chord	3/4	1	1	1/12		1/8	2/3	124									
17	17	145/3	145/3	0.3333333333333333	1/12	1/12	Chord	3/4	1	1	1/12		1/8	2/3	125									
17	17	146/3	146/3	0.3333333333333333	1/6	1/6	Chord	3/4	1	1	1/12		1/8	2/3	126									
17	17	49	49	0.3333333333333333	1/4	1/4	Chord	3/4	1	1	1/12		1/8	2/3	127									
17	17	148/3	148/3	0.3333333333333333	1/3	1/3	Chord	3/4	1	1	1/12		1/8	2/3	128									
17	17	149/3	149/3	0.3333333333333333	5/12	5/12	Chord	3/4	1	1	1/12		1/8	2/3	129									
17	17	50	50	0.5	1/2	1/2	Chord	3/4	1	1	1/8		1/8	1	130									
17	17	48	48	2.0	0	0	Chord	3/4	2	1	1/2		1/2	1	131									
17	17	50	50	1.0	1/2	1/2	Chord	3/4	2	1	1/4		1/4	1	132									
18	18	51	51	0.3333333333333333	0	0	Chord	3/4	1	1	1/12		1/8	2/3	133									
18	18	154/3	154/3	0.3333333333333333	1/12	1/12	Chord	3/4	1	1	1/12		1/8	2/3	134									
18	18	155/3	155/3	0.3333333333333333	1/6	1/6	Chord	3/4	1	1	1/12		1/8	2/3	135									
18	18	52	52	0.3333333333333333	1/4	1/4	Chord	3/4	1	1	1/12		1/8	2/3	136									
18	18	157/3	157/3	0.3333333333333333	1/3	1/3	Chord	3/4	1	1	1/12		1/8	2/3	137									
18	18	158/3	158/3	0.3333333333333333	5/12	5/12	Chord	3/4	1	1	1/12		1/8	2/3	138									
18	18	53	53	0.5	1/2	1/2	Chord	3/4	1	1	1/8		1/8	1	139									
18	18	51	51	2.0	0	0	Chord	3/4	2	1	1/2		1/2	1	140									
18	18	53	53	1.0	1/2	1/2	Chord	3/4	2	1	1/4		1/4	1	141									
19	19	54	54	0.0	0	0	Chord	3/4	1	1	0	grace16	1/16	1	142									
19	19	54	54	0.5	0	0	Chord	3/4	1	1	1/8		1/8	1	143									
19	19	109/2	109/2	0.25	1/8	1/8	Chord	3/4	1	1	1/16		1/16	1	144									
19	19	219/4	219/4	0.25	3/16	3/16	Chord	3/4	1	1	1/16		1/16	1	145									
19	19	55	55	1.0	1/4	1/4	Chord	3/4	1	1	1/4		1/4	1	146									
19	19	56	56	1.0	1/2	1/2	Chord	3/4	1	1	1/4		1/4	1	147		ornamentTrill							
19	19	55	55	1.0	1/4	1/4	Chord	3/4	1	2	1/4		1/4	1	148									
19	19	56	56	1.0	1/2	1/2	Chord	3/4	1	2	1/4		1/4	1	149									
19	19	54	54	1.0	0	0	Chord	3/4	2	1	1/4		1/4	1	150									
19	19	55	55	1.0	1/4	1/4	Chord	3/4	2	1	1/4		1/4	1	151									
19	19	56	56	1.0	1/2	1/2	Chord	3/4	2	1	1/4		1/4	1	152									
20	20	57	57	1.0	0	0	Chord	3/4	1	1	1/4		1/4	1	153									
20	20	175/3	175/3	0.3333333333333333	1/3	1/3	Chord	3/4	1	1	1/12		1/8	2/3	154									
20	20	176/3	176/3	0.3333333333333333	5/12	5/12	Chord	3/4	1	1	1/12		1/8	2/3	155									
20	20	59	59	0.3333333333333333	1/2	1/2	Chord	3/4	1	1	1/12		1/8	2/3	156									
20	20	178/3	178/3	0.3333333333333333	7/12	7/12	Chord	3/4	1	1	1/12		1/8	2/3	157									
20	20	179/3	179/3	0.3333333333333333	2/3	2/3	Chord	3/4	1	1	1/12		1/8	2/3	158									
20	20	57	57	1.0	0	0	Chord	3/4	2	1	1/4		1/4	1	159									
20	20	58	58	1.0	1/4	1/4	Chord	3/4	2	1	1/4		1/4	1	160									
21	21	60	60	1.0	0	0	Chord	3/4	1	1	1/4		1/4	1	161								5	
21	21	61	61	0.3333333333333333	1/4	1/4	Chord	3/4	1	1	1/12		1/8	2/3	162									
21	21	184/3	184/3	0.3333333333333333	1/3	1/3	Chord	3/4	1	1	1/12		1/8	2/3	163									
21	21	185/3	185/3	0.3333333333333333	5/12	5/12	Chord	3/4	1	1	1/12		1/8	2/3	164									
21	21	62	62	0.0	1/2	1/2	Chord	3/4	1	1	0	grace16	1/16	2/3	165									
21	21	62	62	0.3333333333333333	1/2	1/2	Chord	3/4	1	1	1/12		1/8	2/3	166									
21	21	187/3	187/3	0.3333333333333333	7/12	7/12	Chord	3/4	1	1	1/12		1/8	2/3	167									
21	21	188/3	188/3	0.3333333333333333	2/3	2/3	Chord	3/4	1	1	1/12		1/8	2/3	168									
21	21	60	60	1.0	0	0	Chord	3/4	1	2	1/4		1/4	1	169									
21	21	60	60	1.0	0	0	Chord	3/4	2	1	1/4		1/4	1	170									
21	21	61	61	1.0	1/4	1/4	Chord	3/4	2	1	1/4		1/4	1	171									
21	21	62	62	1.0	1/2	1/2	Chord	3/4	2	1	1/4		1/4	1	172									
22	22	63	63	1.0	0	0	Chord	3/4	1	1	1/4		1/4	1	173									
22	22	193/3	193/3	0.3333333333333333	1/3	1/3	Chord	3/4	1	1	1/12		1/8	2/3	174									
22	22	194/3	194/3	0.3333333333333333	5/12	5/12	Chord	3/4	1	1	1/12		1/8	2/3	175									
22	22	65	65	0.3333333333333333	1/2	1/2	Chord	3/4	1	1	1/12		1/8	2/3	176									
22	22	196/3	196/3	0.3333333333333333	7/12	7/12	Chord	3/4	1	1	1/12		1/8	2/3	177									
22	22	197/3	197/3	0.3333333333333333	2/3	2/3	Chord	3/4	1	1	1/12		1/8	2/3	178									
22	22	63	63	1.0	0	0	Chord	3/4	2	1	1/4		1/4	1	179									
22	22	64	64	1.0	1/4	1/4	Chord	3/4	2	1	1/4		1/4	1	180									
23	23	66	66	0.3333333333333333	0	0	Chord	3/4	1	1	1/12		1/8	2/3	181									
23	23	199/3	199/3	0.3333333333333333	1/12	1/12	Chord	3/4	1	1	1/12		1/8	2/3	182									
23	23	200/3	200/3	0.3333333333333333	1/6	1/6	Chord	3/4	1	1	1/12		1/8	2/3	183									
23	23	67	67	0.3333333333333333	1/4	1/4	Chord	3/4	1	1	1/12		1/8	2/3	184									
23	23	202/3	202/3	0.3333333333333333	1/3	1/3	Chord	3/4	1	1	1/12		1/8	2/3	185									
23	23	203/3	203/3	0.3333333333333333	5/12	5/12	Chord	3/4	1	1	1/12		1/8	2/3	186									
23	23	68	68	0.3333333333333333	1/2	1/2	Chord	3/4	1	1	1/12		1/8	2/3	187									
23	23	205/3	205/3	0.3333333333333333	7/12	7/12	Chord	3/4	1	1	1/12		1/8	2/3	188									
23	23	206/3	206/3	0.3333333333333333	2/3	2/3	Chord	3/4	1	1	1/12		1/8	2/3	189									
23	23	66	66	1.0	0	0	Chord	3/4	2	1	1/4		1/4	1	190									
23	23	67	67	1.0	1/4	1/4	Chord	3/4	2	1	1/4		1/4	1	191									
23	23	68	68	1.0	1/2	1/2	Chord	3/4	2	1	1/4		1/4	1	192									
24	24	69	69	1.0	0	0	Chord	3/4	1	1	1/4		1/4	1	193									
24	24	211/3	211/3	0.3333333333333333	1/3	1/3	Chord	3/4	1	1	1/12		1/8	2/3	194									
24	24	212/3	212/3	0.3333333333333333	5/12	5/12	Chord	3/4	1	1	1/12		1/8	2/3	195									
24	24	71	71	0.3333333333333333	1/2	1/2	Chord	3/4	1	1	1/12		1/8	2/3	196									
24	24	214/3	214/3	0.3333333333333333	7/12	7/12	Chord	3/4	1	1	1/12		1/8	2/3	197									
24	24	215/3	215/3	0.3333333333333333	2/3	2/3	Chord	3/4	1	1	1/12		1/8	2/3	198									
24	24	69	69	1.0	0	0	Chord	3/4	2	1	1/4		1/4	1	199									
24	24	70	70	1.0	1/4	1/4	Chord	3/4	2	1	1/4		1/4	1	200									
25	25	72	72	1.0	0	0	Chord	3/4	1	1	1/4		1/4	1	201								6	
25	25	73	73	0.3333333333333333	1/4	1/4	Chord	3/4	1	1	1/12		1/8	2/3	202									
25	25	220/3	220/3	0.3333333333333333	1/3	1/3	Chord	3/4	1	1	1/12		1/8	2/3	203									
25	25	221/3	221/3	0.3333333333333333	5/12	5/12	Chord	3/4	1	1	1/12		1/8	2/3	204									
25	25	74	74	0.0	1/2	1/2	Chord	3/4	1	1	0	grace16	1/16	2/3	205									
25	25	74	74	0.3333333333333333	1/2	1/2	Chord	3/4	1	1	1/12		1/8	2/3	206									
25	25	223/3	223/3	0.3333333333333333	7/12	7/12	Chord	3/4	1	1	1/12		1/8	2/3	207									
25	25	224/3	224/3	0.3333333333333333	2/3	2/3	Chord	3/4	1	1	1/12		1/8	2/3	208									
25	25	72	72	1.0	0	0	Chord	3/4	1	2	1/4		1/4	1	209									
25	25	72	72	1.0	0	0	Chord	3/4	2	1	1/4		1/4	1	210									
25	25	73	73	1.0	1/4	1/4	Chord	3/4	2	1	1/4		1/4	1	211									
25	25	74	74	1.0	1/2	1/2	Chord	3/4	2	1	1/4		1/4	1	212									
26	26	75	75	1.0	0	0	Chord	3/4	1	1	1/4		1/4	1	213									
26	26	229/3	229/3	0.3333333333333333	1/3	1/3	Chord	3/4	1	1	1/12		1/8	2/3	214									
26	26	230/3	230/3	0.3333333333333333	5/12	5/12	Chord	3/4	1	1	1/12		1/8	2/3	215									
26	26	77	77	0.3333333333333333	1/2	1/2	Chord	3/4	1	1	1/12		1/8	2/3	216									
26	26	232/3	232/3	0.3333333333333333	7/12	7/12	Chord	3/4	1	1	1/12		1/8	2/3	217									
26	26	233/3	233/3	0.3333333333333333	2/3	2/3	Chord	3/4	1	1	1/12		1/8	2/3	218									
26	26	75	75	1.0	0	0	Chord	3/4	2	1	1/4		1/4	1	219									
26	26	76	76	1.0	1/4	1/4	Chord	3/4	2	1	1/4		1/4	1	220									
27	27	78	78	0.3333333333333333	0	0	Chord	3/4	1	1	1/12		1/8	2/3	221									
27	27	235/3	235/3	0.3333333333333333	1/12	1/12	Chord	3/4	1	1	1/12		1/8	2/3	222									
27	27	236/3	236/3	0.3333333333333333	1/6	1/6	Chord	3/4	1	1	1/12		1/8	2/3	223									
27	27	79	79	0.3333333333333333	1/4	1/4	Chord	3/4	1	1	1/12		1/8	2/3	224									
27	27	238/3	238/3	0.3333333333333333	1/3	1/3	Chord	3/4	1	1	1/12		1/8	2/3	225									
27	27	239/3	239/3	0.3333333333333333	5/12	5/12	Chord	3/4	1	1	1/12		1/8	2/3	226									
27	27	80	80	0.3333333333333333	1/2	1/2	Chord	3/4	1	1	1/12		1/8	2/3	227									
27	27	241/3	241/3	0.3333333333333333	7/12	7/12	Chord	3/4	1	1	1/12		1/8	2/3	228									
27	27	242/3	242/3	0.3333333333333333	2/3	2/3	Chord	3/4	1	1	1/12		1/8	2/3	229									
27	27	78	78	1.0	0	0	Chord	3/4	2	1	1/4		1/4	1	230									
27	27	79	79	1.0	1/4	1/4	Chord	3/4	2	1	1/4		1/4	1	231									
27	27	80	80	1.0	1/2	1/2	Chord	3/4	2	1	1/4		1/4	1	232									
27	27	80	80	1.0	1/2	1/2	Chord	3/4	2	2	1/4		1/4	1	233									
28	28	81	81	2.0	0	0	Chord	3/4	1	1	1/2		1/2	1	234								7	
28	28	83	83	1.0	1/2	1/2	Chord	3/4	1	1	1/4		1/4	1	235									
28	28	81	81	2.0	0	0	Chord	3/4	2	1	1/2		1/2	1	236									
28	28	83	83	1.0	1/2	1/2	Chord	3/4	2	1	1/4		1/4	1	237									
28	28	81	81	2.0	0	0	Chord	3/4	2	2	1/2		1/2	1	238									
29	29	84	84	0.0	0	0	Dynamic	3/4	1	1	0					f								
29	29	84	84	0.25	0	0	Chord	3/4	1	1	1/16		1/16	1	239									
29	29	337/4	337/4	0.25	1/16	1/16	Chord	3/4	1	1	1/16		1/16	1	240									
29	29	169/2	169/2	0.25	1/8	1/8	Chord	3/4	1	1	1/16		1/16	1	241									
29	29	339/4	339/4	0.25	3/16	3/16	Chord	3/4	1	1	1/16		1/16	1	242									
29	29	85	85	1.0	1/4	1/4	Chord	3/4	1	1	1/4		1/4	1	243									
29	29	84	84	0.5	0	0	Chord	3/4	2	1	1/8		1/8	1	244									
29	29	169/2	169/2	0.5	1/8	1/8	Chord	3/4	2	1	1/8		1/8	1	245									
29	29	85	85	0.5	1/4	1/4	Chord	3/4	2	1	1/8		1/8	1	246									
29	29	171/2	171/2	0.5	3/8	3/8	Chord	3/4	2	1	1/8		1/8	1	247									
29	29	86	86	0.5	1/2	1/2	Chord	3/4	2	1	1/8		1/8	1	248									
29	29	173/2	173/2	0.5	5/8	5/8	Chord	3/4	2	1	1/8		1/8	1	249									
30	30	87	87	0.0	0	0	Dynamic	3/4	1	1	0					p								
30	30	87	87	0.5	0	0	Chord	3/4	1	1	1/8		1/8	1	250									
30	30	88	88	0.5	1/4	1/4	Chord	3/4	1	1	1/8		1/8	1	251									
30	30	89	89	0.5	1/2	1/2	Chord	3/4	1	1	1/8		1/8	1	252									
30	30	87	87	0.5	0	0	Chord	3/4	1	2	1/8		1/8	1	253									
30	30	88	88	0.5	1/4	1/4	Chord	3/4	1	2	1/8		1/8	1	254									
30	30	89	89	0.5	1/2	1/2	Chord	3/4	1	2	1/8		1/8	1	255									
30	30	87	87	0.5	0	0	Chord	3/4	2	1	1/8		1/8	1	256									
30	30	175/2	175/2	0.5	1/8	1/8	Chord	3/4	2	1	1/8		1/8	1	257									
30	30	88	88	0.5	1/4	1/4	Chord	3/4	2	1	1/8		1/8	1	258									
30	30	177/2	177/2	0.5	3/8	3/8	Chord	3/4	2	1	1/8		1/8	1	259									
30	30	89	89	0.5	1/2	1/2	Chord	3/4	2	1	1/8		1/8	1	260									
30	30	179/2	179/2	0.5	5/8	5/8	Chord	3/4	2	1	1/8		1/8	1	261									
31	31	90	90	0.0	0	0	Dynamic	3/4	1	1	0					f								
31	31	90	90	0.25	0	0	Chord	3/4	1	1	1/16		1/16	1	262									
31	31	361/4	361/4	0.25	1/16	1/16	Chord	3/4	1	1	1/16		1/16	1	263									
31	31	181/2	181/2	0.25	1/8	1/8	Chord	3/4	1	1	1/16		1/16	1	264									
31	31	363/4	363/4	0.25	3/16	3/16	Chord	3/4	1	1	1/16		1/16	1	265									
31	31	91	91	1.0	1/4	1/4	Chord	3/4	1	1	1/4		1/4	1	266									
31	31	90	90	0.5	0	0	Chord	3/4	2	1	1/8		1/8	1	267									
31	31	181/2	181/2	0.5	1/8	1/8	Chord	3/4	2	1	1/8		1/8	1	268									
31	31	91	91	0.5	1/4	1/4	Chord	3/4	2	1	1/8		1/8	1	269									
31	31	183/2	183/2	0.5	3/8	3/8	Chord	3/4	2	1	1/8		1/8	1	270									
31	31	92	92	0.5	1/2	1/2	Chord	3/4	2	1	1/8		1/8	1	271									
31	31	185/2	185/2	0.5	5/8	5/8	Chord	3/4	2	1	1/8		1/8	1	272									
32	32	93	93	0.0	0	0	Dynamic	3/4	1	1	0					p								
32	32	93	93	0.5	0	0	Chord	3/4	1	1	1/8		1/8	1	273									
32	32	94	94	0.5	1/4	1/4	Chord	3/4	1	1	1/8		1/8	1	274									
32	32	95	95	0.5	1/2	1/2	Chord	3/4	1	1	1/8		1/8	1	275									
32	32	93	93	0.5	0	0	Chord	3/4	1	2	1/8		1/8	1	276									
32	32	94	94	0.5	1/4	1/4	Chord	3/4	1	2	1/8		1/8	1	277									
32	32	95	95	0.5	1/2	1/2	Chord	3/4	1	2	1/8		1/8	1	278									
32	32	93	93	0.5	0	0	Chord	3/4	2	1	1/8		1/8	1	279									
32	32	187/2	187/2	0.5	1/8	1/8	Chord	3/4	2	1	1/8		1/8	1	280									
32	32	94	94	0.5	1/4	1/4	Chord	3/4	2	1	1/8		1/8	1	281									
32	32	189/2	189/2	0.5	3/8	3/8	Chord	3/4	2	1	1/8		1/8	1	282									
32	32	95	95	0.5	1/2	1/2	Chord	3/4	2	1	1/8		1/8	1	283									
32	32	191/2	191/2	0.5	5/8	5/8	Chord	3/4	2	1	1/8		1/8	1	284									
33	33	96	96	0.0	0	0	Dynamic	3/4	1	1	0					f								
33	33	96	96	0.25	0	0	Chord	3/4	1	1	1/16		1/16	1	285									
33	33	385/4	385/4	0.25	1/16	1/16	Chord	3/4	1	1	1/16		1/16	1	286									
33	33	193/2	193/2	0.25	1/8	1/8	Chord	3/4	1	1	1/16		1/16	1	287									
33	33	387/4	387/4	0.25	3/16	3/16	Chord	3/4	1	1	1/16		1/16	1	288									
33	33	97	97	1.0	1/4	1/4	Chord	3/4	1	1	1/4		1/4	1	289									
33	33	96	96	0.5	0	0	Chord	3/4	2	1	1/8		1/8	1	290									
33	33	193/2	193/2	0.5	1/8	1/8	Chord	3/4	2	1	1/8		1/8	1	291									
33	33	97	97	0.5	1/4	1/4	Chord	3/4	2	1	1/8		1/8	1	292									
33	33	195/2	195/2	0.5	3/8	3/8	Chord	3/4	2	1	1/8		1/8	1	293									
33	33	98	98	0.5	1/2	1/2	Chord	3/4	2	1	1/8		1/8	1	294									
33	33	197/2	197/2	0.5	5/8	5/8	Chord	3/4	2	1	1/8		1/8	1	295									
34	34	99	99	0.0	0	0	Dynamic	3/4	1	1	0					p								
34	34	99	99	0.5	0	0	Chord	3/4	1	1	1/8		1/8	1	296									
34	34	100	100	0.5	1/4	1/4	Chord	3/4	1	1	1/8		1/8	1	297									
34	34	101	101	0.5	1/2	1/2	Chord	3/4	1	1	1/8		1/8	1	298									
34	34	99	99	0.5	0	0	Chord	3/4	1	2	1/8		1/8	1	299									
34	34	100	100	0.5	1/4	1/4	Chord	3/4	1	2	1/8		1/8	1	300									
34	34	101	101	0.5	1/2	1/2	Chord	3/4	1	2	1/8		1/8	1	301									
34	34	99	99	0.5	0	0	Chord	3/4	2	1	1/8		1/8	1	302									
34	34	199/2	199/2	0.5	1/8	1/8	Chord	3/4	2	1	1/8		1/8	1	303									
34	34	100	100	0.5	1/4	1/4	Chord	3/4	2	1	1/8		1/8	1	304									
34	34	201/2	201/2	0.5	3/8	3/8	Chord	3/4	2	1	1/8		1/8	1	305									
34	34	101	101	0.5	1/2	1/2	Chord	3/4	2	1	1/8		1/8	1	306									
34	34	203/2	203/2	0.5	5/8	5/8	Chord	3/4	2	1	1/8		1/8	1	307									
35	35	102	102	0.0	0	0	Dynamic	3/4	1	1	0					f								
35	35	102	102	0.25	0	0	Chord	3/4	1	1	1/16		1/16	1	308									
35	35	409/4	409/4	0.25	1/16	1/16	Chord	3/4	1	1	1/16		1/16	1	309									
35	35	205/2	205/2	0.25	1/8	1/8	Chord	3/4	1	1	1/16		1/16	1	310									
35	35	411/4	411/4	0.25	3/16	3/16	Chord	3/4	1	1	1/16		1/16	1	311									
35	35	103	103	1.0	1/4	1/4	Chord	3/4	1	1	1/4		1/4	1	312									
35	35	102	102	0.5	0	0	Chord	3/4	2	1	1/8		1/8	1	313									
35	35	205/2	205/2	0.5	1/8	1/8	Chord	3/4	2	1	1/8		1/8	1	314									
35	35	103	103	0.5	1/4	1/4	Chord	3/4	2	1	1/8		1/8	1	315									
35	35	207/2	207/2	0.5	3/8	3/8	Chord	3/4	2	1	1/8		1/8	1	316									
35	35	104	104	0.5	1/2	1/2	Chord	3/4	2	1	1/8		1/8	1	317									
35	35	209/2	209/2	0.5	5/8	5/8	Chord	3/4	2	1	1/8		1/8	1	318									
36	36	105	105	0.0	0	0	Dynamic	3/4	1	1	0					p								
36	36	105	105	0.5	0	0	Chord	3/4	1	1	1/8		1/8	1	319									
36	36	106	106	0.5	1/4	1/4	Chord	3/4	1	1	1/8		1/8	1	320									
36	36	107	107	0.5	1/2	1/2	Chord	3/4	1	1	1/8		1/8	1	321									
36	36	105	105	0.5	0	0	Chord	3/4	1	2	1/8		1/8	1	322									
36	36	106	106	0.5	1/4	1/4	Chord	3/4	1	2	1/8		1/8	1	323									
36	36	107	107	0.5	1/2	1/2	Chord	3/4	1	2	1/8		1/8	1	324									
36	36	105	105	0.5	0	0	Chord	3/4	2	1	1/8		1/8	1	325									
36	36	211/2	211/2	0.5	1/8	1/8	Chord	3/4	2	1	1/8		1/8	1	326									
36	36	106	106	0.5	1/4	1/4	Chord	3/4	2	1	1/8		1/8	1	327									
36	36	213/2	213/2	0.5	3/8	3/8	Chord	3/4	2	1	1/8		1/8	1	328									
36	36	107	107	0.5	1/2	1/2	Chord	3/4	2	1	1/8		1/8	1	329									
36	36	215/2	215/2	0.5	5/8	5/8	Chord	3/4	2	1	1/8		1/8	1	330									
37	37	108	108	0.25	0	0	Chord	3/4	1	1	1/16		1/16	1	331									
37	37	433/4	433/4	0.25	1/16	1/16	Chord	3/4	1	1	1/16		1/16	1	332									
37	37	217/2	217/2	0.25	1/8	1/8	Chord	3/4	1	1	1/16		1/16	1	333									
37	37	435/4	435/4	0.25	3/16	3/16	Chord	3/4	1	1	1/16		1/16	1	334									
37	37	109	109	0.5	1/4	1/4	Chord	3/4	1	1	1/8		1/8	1	335									
37	37	219/2	219/2	0.5	3/8	3/8	Chord	3/4	1	1	1/8		1/8	1	336									
37	37	110	110	0.5	1/2	1/2	Chord	3/4	1	1	1/8		1/8	1	337									
37	37	221/2	221/2	0.5	5/8	5/8	Chord	3/4	1	1	1/8		1/8	1	338									
37	37	108	108	1.0	0	0	Chord	3/4	2	1	1/4		1/4	1	339									
38	38	111	111	0.25	0	0	Chord	3/4	1	1	1/16		1/16	1	340									
38	38	445/4	445/4	0.25	1/16	1/16	Chord	3/4	1	1	1/16		1/16	1	341									
38	38	223/2	223/2	0.25	1/8	1/8	Chord	3/4	1	1	1/16		1/16	1	342									
38	38	447/4	447/4	0.25	3/16	3/16	Chord	3/4	1	1	1/16		1/16	1	343									
38	38	112	112	0.5	1/4	1/4	Chord	3/4	1	1	1/8		1/8	1	344									
38	38	225/2	225/2	0.5	3/8	3/8	Chord	3/4	1	1	1/8		1/8	1	345									
38	38	113	113	0.5	1/2	1/2	Chord	3/4	1	1	1/8		1/8	1	346									
38	38	227/2	227/2	0.5	5/8	5/8	Chord	3/4	1	1	1/8		1/8	1	347									
39	39	114	114	0.0	0	0	Spanner	3/4	1	1	0													0
39	39	114	114	0.25	0	0	Chord	3/4	1	1	1/16		1/16	1	348									0
39	39	457/4	457/4	0.25	1/16	1/16	Chord	3/4	1	1	1/16		1/16	1	349									0
39	39	229/2	229/2	0.25	1/8	1/8	Chord	3/4	1	1	1/16		1/16	1	350									0
39	39	459/4	459/4	0.25	3/16	3/16	Chord	3/4	1	1	1/16		1/16	1	351									0
39	39	115	115	0.5	1/4	1/4	Chord	3/4	1	1	1/8		1/8	1	352									0
39	39	231/2	231/2	0.5	3/8	3/8	Chord	3/4	1	1	1/8		1/8	1	353									0
39	39	116	116	0.5	1/2	1/2	Chord	3/4	1	1	1/8		1/8	1	354									0
39	39	233/2	233/2	0.5	5/8	5/8	Chord	3/4	1	1	1/8		1/8	1	355									0
39	39	114	114	2.0	0	0	Chord	3/4	2	1	1/2		1/2	1	356									
39	39	114	114	2.0	0	0	Chord	3/4	2	2	1/2		1/2	1	357									
40	40	117	117	0.0	0	0	Spanner	3/4	1	1	0													
40	40	117	117	0.25	0	0	Chord	3/4	1	1	1/16		1/16	1	358									
40	40	469/4	469/4	0.25	1/16	1/16	Chord	3/4	1	1	1/16		1/16	1	359									
40	40	235/2	235/2	0.25	1/8	1/8	Chord	3/4	1	1	1/16		1/16	1	360									
40	40	471/4	471/4	0.25	3/16	3/16	Chord	3/4	1	1	1/16		1/16	1	361									
40	40	118	118	0.5	1/4	1/4	Chord	3/4	1	1	1/8		1/8	1	362									
40	40	237/2	237/2	0.5	3/8	3/8	Chord	3/4	1	1	1/8		1/8	1	363									
40	40	119	119	0.5	1/2	1/2	Chord	3/4	1	1	1/8		1/8	1	364									
40	40	239/2	239/2	0.5	5/8	5/8	Chord	3/4	1	1	1/8		1/8	1	365									
40	40	117	117	2.0	0	0	Chord	3/4	2	1	1/2		1/2	1	366									
40	40	117	117	2.0	0	0	Chord	3/4	2	2	1/2		1/2	1	367									
41	41	120	120	0.3333333333333333	0	0	Chord	3/4	1	1	1/12		1/8	2/3	368									
41	41	361/3	361/3	0.3333333333333333	1/12	1/12	Chord	3/4	1	1	1/12		1/8	2/3	369									
41	41	362/3	362/3	0.3333333333333333	1/6	1/6	Chord	3/4	1	1	1/12		1/8	2/3	370									
41	41	121	121	0.3333333333333333	1/4	1/4	Chord	3/4	1	1	1/12		1/8	2/3	371									
41	41	364/3	364/3	0.3333333333333333	1/3	1/3	Chord	3/4	1	1	1/12		1/8	2/3	372									
41	41	365/3	365/3	0.3333333333333333	5/12	5/12	Chord	3/4	1	1	1/12		1/8	2/3	373									
41	41	122	122	0.3333333333333333	1/2	1/2	Chord	3/4	1	1	1/12		1/8	2/3	374									
41	41	367/3	367/3	0.3333333333333333	7/12	7/12	Chord	3/4	1	1	1/12		1/8	2/3	375									
41	41	368/3	368/3	0.3333333333333333	2/3	2/3	Chord	3/4	1	1	1/12		1/8	2/3	376									
41	41	120	120	1.0	0	0	Chord	3/4	2	1	1/4		1/4	1	377									
41	41	121	121	1.0	1/4	1/4	Chord	3/4	2	1	1/4		1/4	1	378									
42	42	123	123	0.3333333333333333	0	0	Chord	3/4	1	1	1/12		1/8	2/3	379									
42	42	370/3	370/3	0.3333333333333333	1/12	1/12	Chord	3/4	1	1	1/12		1/8	2/3	380									
42	42	371/3	371/3	0.3333333333333333	1/6	1/6	Chord	3/4	1	1	1/12		1/8	2/3	381									
42	42	124	124	0.3333333333333333	1/4	1/4	Chord	3/4	1	1	1/12		1/8	2/3	382									
42	42	373/3	373/3	0.3333333333333333	1/3	1/3	Chord	3/4	1	1	1/12		1/8	2/3	383									
42	42	374/3	374/3	0.3333333333333333	5/12	5/12	Chord	3/4	1	1	1/12		1/8	2/3	384									
42	42	125	125	0.3333333333333333	1/2	1/2	Chord	3/4	1	1	1/12		1/8	2/3	385									
42	42	376/3	376/3	0.3333333333333333	7/12	7/12	Chord	3/4	1	1	1/12		1/8	2/3	386									
42	42	377/3	377/3	0.3333333333333333	2/3	2/3	Chord	3/4	1	1	1/12		1/8	2/3	387									
42	42	123	123	1.0	0	0	Chord	3/4	2	1	1/4		1/4	1	388									
42	42	124	124	1.0	1/4	1/4	Chord	3/4	2	1	1/4		1/4	1	389									
43	43	126	126	0.3333333333333333	0	0	Chord	3/4	1	1	1/12		1/8	2/3	390									
43	43	379/3	379/3	0.3333333333333333	1/12	1/12	Chord	3/4	1	1	1/12		1/8	2/3	391									
43	43	380/3	380/3	0.3333333333333333	1/6	1/6	Chord	3/4	1	1	1/12		1/8	2/3	392									
43	43	127	127	0.3333333333333333	1/4	1/4	Chord	3/4	1	1	1/12		1/8	2/3	393									
43	43	382/3	382/3	0.3333333333333333	1/3	1/3	Chord	3/4	1	1	1/12		1/8	2/3	394									
43	43	383/3	383/3	0.3333333333333333	5/12	5/12	Chord	3/4	1	1	1/12		1/8	2/3	395									
43	43	128	128	0.3333333333333333	1/2	1/2	Chord	3/4	1	1	1/12		1/8	2/3	396									
43	43	385/3	385/3	0.3333333333333333	7/12	7/12	Chord	3/4	1	1	1/12		1/8	2/3	397									
43	43	386/3	386/3	0.3333333333333333	2/3	2/3	Chord	3/4	1	1	1/12		1/8	2/3	398									
43	43	126	126	1.0	0	0	Chord	3/4	2	1	1/4		1/4	1	399									
43	43	127	127	1.0	1/4	1/4	Chord	3/4	2	1	1/4		1/4	1	400									
43	43	128	128	1.0	1/2	1/2	Chord	3/4	2	1	1/4		1/4	1	401									
44	44	129	129	0.3333333333333333	0	0	Chord	3/4	1	1	1/12		1/8	2/3	402									
44	44	388/3	388/3	0.3333333333333333	1/12	1/12	Chord	3/4	1	1	1/12		1/8	2/3	403									
44	44	389/3	389/3	0.3333333333333333	1/6	1/6	Chord	3/4	1	1	1/12		1/8	2/3	404									
44	44	130	130	0.3333333333333333	1/4	1/4	Chord	3/4	1	1	1/12		1/8	2/3	405									
44	44	391/3	391/3	0.3333333333333333	1/3	1/3	Chord	3/4	1	1	1/12		1/8	2/3	406									
44	44	392/3	392/3	0.3333333333333333	5/12	5/12	Chord	3/4	1	1	1/12		1/8	2/3	407									
44	44	131	131	0.3333333333333333	1/2	1/2	Chord	3/4	1	1	1/12		1/8	2/3	408									
44	44	394/3	394/3	0.3333333333333333	7/12	7/12	Chord	3/4	1	1	1/12		1/8	2/3	409									
44	44	395/3	395/3	0.3333333333333333	2/3	2/3	Chord	3/4	1	1	1/12		1/8	2/3	410									
44	44	129	129	1.0	0	0	Chord	3/4	2	1	1/4		1/4	1	411									
44	44	131	131	1.0	1/2	1/2	Chord	3/4	2	1	1/4		1/4	1	412									
45	45	132	132	0.3333333333333333	0	0	Chord	3/4	1	1	1/12		1/8	2/3	413									
45	45	397/3	397/3	0.3333333333333333	1/12	1/12	Chord	3/4	1	1	1/12		1/8	2/3	414									
45	45	398/3	398/3	0.3333333333333333	1/6	1/6	Chord	3/4	1	1	1/12		1/8	2/3	415									
45	45	133	133	0.3333333333333333	1/4	1/4	Chord	3/4	1	1	1/12		1/8	2/3	416									
45	45	400/3	400/3	0.3333333333333333	1/3	1/3	Chord	3/4	1	1	1/12		1/8	2/3	417									
45	45	401/3	401/3	0.3333333333333333	5/12	5/12	Chord	3/4	1	1	1/12		1/8	2/3	418									
45	45	134	134	0.3333333333333333	1/2	1/2	Chord	3/4	1	1	1/12		1/8	2/3	419									
45	45	403/3	403/3	0.3333333333333333	7/12	7/12	Chord	3/4	1	1	1/12		1/8	2/3	420									
45	45	404/3	404/3	0.3333333333333333	2/3	2/3	Chord	3/4	1	1	1/12		1/8	2/3	421									
45	45	132	132	1.0	0	0	Chord	3/4	2	1	1/4		1/4	1	422									
45	45	133	133	1.0	1/4	1/4	Chord	3/4	2	1	1/4		1/4	1	423									
45	45	134	134	1.0	1/2	1/2	Chord	3/4	2	1	1/4		1/4	1	424									
46	46	135	135	0.3333333333333333	0	0	Chord	3/4	1	1	1/12		1/8	2/3	425									
46	46	406/3	406/3	0.3333333333333333	1/12	1/12	Chord	3/4	1	1	1/12		1/8	2/3	426									
46	46	407/3	407/3	0.3333333333333333	1/6	1/6	Chord	3/4	1	1	1/12		1/8	2/3	427									
46	46	137	137	0.3333333333333333	1/2	1/2	Chord	3/4	1	1	1/12		1/8	2/3	428									
46	46	412/3	412/3	0.3333333333333333	7/12	7/12	Chord	3/4	1	1	1/12		1/8	2/3	429									
46	46	413/3	413/3	0.3333333333333333	2/3	2/3	Chord	3/4	1	1	1/12		1/8	2/3	430									
46	46	135	135	1.0	0	0	Chord	3/4	2	1	1/4		1/4	1	431									
46	46	136	136	1.0	1/4	1/4	Chord	3/4	2	1	1/4		1/4	1	432									
47	47	138	138	1.0	0	0	Chord	3/4	1	1	1/4		1/4	1	433								8	
47	47	139	139	0.3333333333333333	1/4	1/4	Chord	3/4	1	1	1/12		1/8	2/3	434									
47	47	418/3	418/3	0.3333333333333333	1/3	1/3	Chord	3/4	1	1	1/12		1/8	2/3	435									
47	47	419/3	419/3	0.3333333333333333	5/12	5/12	Chord	3/4	1	1	1/12		1/8	2/3	436									
47	47	140	140	0.3333333333333333	1/2	1/2	Chord	3/4	1	1	1/12		1/8	2/3	437									
47	47	421/3	421/3	0.3333333333333333	7/12	7/12	Chord	3/4	1	1	1/12		1/8	2/3	438									
47	47	422/3	422/3	0.3333333333333333	2/3	2/3	Chord	3/4	1	1	1/12		1/8	2/3	439									
47	47	138	138	1.0	0	0	Chord	3/4	1	2	1/4		1/4	1	440									
47	47	138	138	1.0	0	0	Chord	3/4	2	1	1/4		1/4	1	441									
47	47	139	139	1.0	1/4	1/4	Chord	3/4	2	1	1/4		1/4	1	442									
48	48	141	141	1.0	0	0	Chord	3/4	1	1	1/4		1/4	1	443								9	
48	48	142	142	0.3333333333333333	1/4	1/4	Chord	3/4	1	1	1/12		1/8	2/3	444									
48	48	427/3	427/3	0.3333333333333333	1/3	1/3	Chord	3/4	1	1	1/12		1/8	2/3	445									
48	48	428/3	428/3	0.3333333333333333	5/12	5/12	Chord	3/4	1	1	1/12		1/8	2/3	446									
48	48	143	143	0.3333333333333333	1/2	1/2	Chord	3/4	1	1	1/12		1/8	2/3	447									
48	48	430/3	430/3	0.3333333333333333	7/12	7/12	Chord	3/4	1	1	1/12		1/8	2/3	448									
48	48	431/3	431/3	0.3333333333333333	2/3	2/3	Chord	3/4	1	1	1/12		1/8	2/3	449									
48	48	141	141	1.0	0	0	Chord	3/4	1	2	1/4		1/4	1	450									
48	48	141	141	1.0	0	0	Chord	3/4	2	1	1/4		1/4	1	451									
48	48	142	142	1.0	1/4	1/4	Chord	3/4	2	1	1/4		1/4	1	452									
49	49	144	144	1.0	0	0	Chord	3/4	1	1	1/4		1/4	1	453		ornamentTrill							
49	49	145	145	0.3333333333333333	1/4	1/4	Chord	3/4	1	1	1/12		1/8	2/3	454									
49	49	436/3	436/3	0.3333333333333333	1/3	1/3	Chord	3/4	1	1	1/12		1/8	2/3	455									
49	49	437/3	437/3	0.3333333333333333	5/12	5/12	Chord	3/4	1	1	1/12		1/8	2/3	456									
49	49	146	146	0.3333333333333333	1/2	1/2	Chord	3/4	1	1	1/12		1/8	2/3	457									
49	49	439/3	439/3	0.3333333333333333	7/12	7/12	Chord	3/4	1	1	1/12		1/8	2/3	458									
49	49	440/3	440/3	0.3333333333333333	2/3	2/3	Chord	3/4	1	1	1/12		1/8	2/3	459									
49	49	144	144	1.0	0	0	Chord	3/4	2	1	1/4		1/4	1	460									
49	49	145	145	1.0	1/4	1/4	Chord	3/4	2	1	1/4		1/4	1	461									
49	49	146	146	1.0	1/2	1/2	Chord	3/4	2	1	1/4		1/4	1	462									
50	50	147	147	0.75	0	0	Chord	3/4	1	1	3/16		1/8	3/2	463		ornamentTrill						10	
50	50	591/4	591/4	0.125	3/16	3/16	Chord	3/4	1	1	1/32		1/32	1	464								10	
50	50	1183/8	1183/8	0.125	7/32	7/32	Chord	3/4	1	1	1/32		1/32	1	465									
50	50	148	148	1.0	1/4	1/4	Chord	3/4	1	1	1/4		1/4	1	466									
50	50	147	147	1.0	0	0	Chord	3/4	2	1	1/4		1/4	1	467									
50	50	148	148	1.0	1/4	1/4	Chord	3/4	2	1	1/4		1/4	1	468									
51	51	150	150	1.0	0	0	Chord	3/4	1	1	1/4		1/4	1	469									
51	51	151	151	0.3333333333333333	1/4	1/4	Chord	3/4	1	1	1/12		1/8	2/3	470									
51	51	454/3	454/3	0.3333333333333333	1/3	1/3	Chord	3/4	1	1	1/12		1/8	2/3	471									
51	51	455/3	455/3	0.3333333333333333	5/12	5/12	Chord	3/4	1	1	1/12		1/8	2/3	472									
51	51	152	152	0.3333333333333333	1/2	1/2	Chord	3/4	1	1	1/12		1/8	2/3	473									
51	51	457/3	457/3	0.3333333333333333	7/12	7/12	Chord	3/4	1	1	1/12		1/8	2/3	474									
51	51	458/3	458/3	0.3333333333333333	2/3	2/3	Chord	3/4	1	1	1/12		1/8	2/3	475									
51	51	150	150	1.0	0	0	Chord	3/4	1	2	1/4		1/4	1	476									
51	51	150	150	1.0	0	0	Chord	3/4	2	1	1/4		1/4	1	477									
51	51	151	151	1.0	1/4	1/4	Chord	3/4	2	1	1/4		1/4	1	478									
51	51	152	152	1.0	1/2	1/2	Chord	3/4	2	1	1/4		1/4	1	479									
52	52	153	153	1.0	0	0	Chord	3/4	1	1	1/4		1/4	1	480									
52	52	154	154	0.3333333333333333	1/4	1/4	Chord	3/4	1	1	1/12		1/8	2/3	481									
52	52	463/3	463/3	0.3333333333333333	1/3	1/3	Chord	3/4	1	1	1/12		1/8	2/3	482									
52	52	464/3	464/3	0.3333333333333333	5/12	5/12	Chord	3/4	1	1	1/12		1/8	2/3	483									
52	52	155	155	0.3333333333333333	1/2	1/2	Chord	3/4	1	1	1/12		1/8	2/3	484									
52	52	466/3	466/3	0.3333333333333333	7/12	7/12	Chord	3/4	1	1	1/12		1/8	2/3	485									
52	52	467/3	467/3	0.3333333333333333	2/3	2/3	Chord	3/4	1	1	1/12		1/8	2/3	486									
52	52	153	153	1.0	0	0	Chord	3/4	1	2	1/4		1/4	1	487									
52	52	153	153	1.0	0	0	Chord	3/4	2	1	1/4		1/4	1	488									
52	52	154	154	1.0	1/4	1/4	Chord	3/4	2	1	1/4		1/4	1	489									
52	52	155	155	1.0	1/2	1/2	Chord	3/4	2	1	1/4		1/4	1	490									
53	53	156	156	0.0	0	0	Chord	3/4	1	1	0	grace16	1/16	1	491									
53	53	156	156	0.5	0	0	Chord	3/4	1	1	1/8		1/8	1	492									
53	53	313/2	313/2	0.25	1/8	1/8	Chord	3/4	1	1	1/16		1/16	1	493									
53	53	627/4	627/4	0.25	3/16	3/16	Chord	3/4	1	1	1/16		1/16	1	494									
53	53	157	157	1.0	1/4	1/4	Chord	3/4	1	1	1/4		1/4	1	495									
53	53	158	158	1.0	1/2	1/2	Chord	3/4	1	1	1/4		1/4	1	496									
53	53	157	157	1.0	1/4	1/4	Chord	3/4	1	2	1/4		1/4	1	497									
53	53	158	158	1.0	1/2	1/2	Chord	3/4	1	2	1/4		1/4	1	498									
53	53	156	156	1.0	0	0	Chord	3/4	2	1	1/4		1/4	1	499									
53	53	157	157	1.0	1/4	1/4	Chord	3/4	2	1	1/4		1/4	1	500									
53	53	158	158	1.0	1/2	1/2	Chord	3/4	2	1	1/4		1/4	1	501									
54	54	159	159	1.0	0	0	Chord	3/4	1	1	1/4		1/4	1	502									
54	54	160	160	1.0	1/4	1/4	Chord	3/4	1	1	1/4		1/4	1	503									
54	54	159	159	1.0	0	0	Chord	3/4	1	2	1/4		1/4	1	504									
54	54	160	160	1.0	1/4	1/4	Chord	3/4	1	2	1/4		1/4	1	505									
54	54	159	159	1.0	0	0	Chord	3/4	2	1	1/4		1/4	1	506									
54	54	160	160	1.0	1/4	1/4	Chord	3/4	2	1	1/4		1/4	1	507									
54	54	161	161	1.0	1/2	1/2	Chord	3/4	2	1	1/4		1/4	1	508									
55	55	162	162	0.0	0	0	Dynamic	3/4	1	1	0					p								
55	55	162	162	1.0	0	0	Chord	3/4	1	1	1/4		1/4	1	509		ornamentTrill							
55	55	163	163	1.0	1/4	1/4	Chord	3/4	1	1	1/4		1/4	1	510								11	
55	55	164	164	1.0	1/2	1/2	Chord	3/4	1	1	1/4		1/4	1	511									
55	55	162	162	1.0	0	0	Chord	3/4	2	1	1/4		1/4	1	512									
56	56	165	165	1.0	0	0	Chord	3/4	1	1	1/4		1/4	1	513		ornamentTrill							
56	56	166	166	1.0	1/4	1/4	Chord	3/4	1	1	1/4		1/4	1	514								12	
56	56	167	167	1.0	1/2	1/2	Chord	3/4	1	1	1/4		1/4	1	515									
57	57	168	168	1.0	0	0	Chord	3/4	1	1	1/4		1/4	1	516		ornamentTrill							
57	57	169	169	1.0	1/4	1/4	Chord	3/4	1	1	1/4		1/4	1	517								13	
57	57	170	170	1.0	1/2	1/2	Chord	3/4	1	1	1/4		1/4	1	518									
57	57	168	168	1.0	0	0	Chord	3/4	2	1	1/4		1/4	1	519									
57	57	169	169	1.0	1/4	1/4	Chord	3/4	2	1	1/4		1/4	1	520									
57	57	170	170	1.0	1/2	1/2	Chord	3/4	2	1	1/4		1/4	1	521									
58	58	171	171	1.0	0	0	Chord	3/4	1	1	1/4		1/4	1	522		ornamentTrill							
58	58	172	172	1.0	1/4	1/4	Chord	3/4	1	1	1/4		1/4	1	523								14	
58	58	173	173	1.0	1/2	1/2	Chord	3/4	1	1	1/4		1/4	1	524									
58	58	171	171	1.0	0	0	Chord	3/4	2	1	1/4		1/4	1	525									
58	58	172	172	1.0	1/4	1/4	Chord	3/4	2	1	1/4		1/4	1	526									
58	58	173	173	1.0	1/2	1/2	Chord	3/4	2	1	1/4		1/4	1	527									
59	59	174	174	0.0	0	0	Dynamic	3/4	1	1	0					f								
59	59	174	174	1.0	0	0	Chord	3/4	1	1	1/4		1/4	1	528									
59	59	175	175	0.3333333333333333	1/4	1/4	Chord	3/4	1	1	1/12		1/8	2/3	529									
59	59	526/3	526/3	0.3333333333333333	1/3	1/3	Chord	3/4	1	1	1/12		1/8	2/3	530									
59	59	527/3	527/3	0.3333333333333333	5/12	5/12	Chord	3/4	1	1	1/12		1/8	2/3	531									
59	59	176	176	0.3333333333333333	1/2	1/2	Chord	3/4	1	1	1/12		1/8	2/3	532									
59	59	529/3	529/3	0.3333333333333333	7/12	7/12	Chord	3/4	1	1	1/12		1/8	2/3	533									
59	59	530/3	530/3	0.3333333333333333	2/3	2/3	Chord	3/4	1	1	1/12		1/8	2/3	534									
59	59	174	174	1.0	0	0	Chord	3/4	2	1	1/4		1/4	1	535									
59	59	176	176	1.0	1/2	1/2	Chord	3/4	2	1	1/4		1/4	1	536									
59	59	174	174	1.0	0	0	Chord	3/4	2	2	1/4		1/4	1	537									
60	60	177	177	0.0	0	0	Chord	3/4	1	1	0	grace4	1/4	1	538									
60	60	177	177	2.0	0	0	Chord	3/4	1	1	1/2		1/2	1	539		ornamentTrill							
60	60	179	179	1.0	1/2	1/2	Chord	3/4	1	1	1/4		1/4	1	540									
60	60	177	177	1.0	0	0	Chord	3/4	2	1	1/4		1/4	1	541									
60	60	178	178	1.0	1/4	1/4	Chord	3/4	2	1	1/4		1/4	1	542									
60	60	179	179	1.0	1/2	1/2	Chord	3/4	2	1	1/4		1/4	1	543									
61	61	180	180	1.0	0	0	Chord	3/4	1	1	1/4		1/4	1	544									
61	61	181	181	0.3333333333333333	1/4	1/4	Chord	3/4	1	1	1/12		1/8	2/3	545									
61	61	544/3	544/3	0.3333333333333333	1/3	1/3	Chord	3/4	1	1	1/12		1/8	2/3	546									
61	61	545/3	545/3	0.3333333333333333	5/12	5/12	Chord	3/4	1	1	1/12		1/8	2/3	547									
61	61	182	182	0.3333333333333333	1/2	1/2	Chord	3/4	1	1	1/12		1/8	2/3	548									
61	61	547/3	547/3	0.3333333333333333	7/12	7/12	Chord	3/4	1	1	1/12		1/8	2/3	549									
61	61	548/3	548/3	0.3333333333333333	2/3	2/3	Chord	3/4	1	1	1/12		1/8	2/3	550									
61	61	180	180	1.0	0	0	Chord	3/4	2	1	1/4		1/4	1	551									
61	61	181	181	1.0	1/4	1/4	Chord	3/4	2	1	1/4		1/4	1	552									
61	61	182	182	1.0	1/2	1/2	Chord	3/4	2	1	1/4		1/4	1	553									
62	62	183	183	0.0	0	0	Chord	3/4	1	1	0	grace4	1/4	1	554									
62	62	183	183	2.0	0	0	Chord	3/4	1	1	1/2		1/2	1	555		ornamentTrill							
62	62	185	185	1.0	1/2	1/2	Chord	3/4	1	1	1/4		1/4	1	556									
62	62	183	183	1.0	0	0	Chord	3/4	2	1	1/4		1/4	1	557									
62	62	184	184	1.0	1/4	1/4	Chord	3/4	2	1	1/4		1/4	1	558									
62	62	185	185	1.0	1/2	1/2	Chord	3/4	2	1	1/4		1/4	1	559									
63	63	186	186	0.3333333333333333	0	0	Chord	3/4	1	1	1/12		1/8	2/3	560									
63	63	559/3	559/3	0.3333333333333333	1/12	1/12	Chord	3/4	1	1	1/12		1/8	2/3	561									
63	63	560/3	560/3	0.3333333333333333	1/6	1/6	Chord	3/4	1	1	1/12		1/8	2/3	562									
63	63	187	187	0.3333333333333333	1/4	1/4	Chord	3/4	1	1	1/12		1/8	2/3	563									
63	63	562/3	562/3	0.3333333333333333	1/3	1/3	Chord	3/4	1	1	1/12		1/8	2/3	564									
63	63	563/3	563/3	0.3333333333333333	5/12	5/12	Chord	3/4	1	1	1/12		1/8	2/3	565									
63	63	188	188	0.5	1/2	1/2	Chord	3/4	1	1	1/8		1/8	1	566									
63	63	186	186	2.0	0	0	Chord	3/4	2	1	1/2		1/2	1	567									
63	63	188	188	1.0	1/2	1/2	Chord	3/4	2	1	1/4		1/4	1	568									
64	64	189	189	0.3333333333333333	0	0	Chord	3/4	1	1	1/12		1/8	2/3	569									
64	64	568/3	568/3	0.3333333333333333	1/12	1/12	Chord	3/4	1	1	1/12		1/8	2/3	570									
64	64	569/3	569/3	0.3333333333333333	1/6	1/6	Chord	3/4	1	1	1/12		1/8	2/3	571									
64	64	190	190	0.3333333333333333	1/4	1/4	Chord	3/4	1	1	1/12		1/8	2/3	572									
64	64	571/3	571/3	0.3333333333333333	1/3	1/3	Chord	3/4	1	1	1/12		1/8	2/3	573									
64	64	572/3	572/3	0.3333333333333333	5/12	5/12	Chord	3/4	1	1	1/12		1/8	2/3	574									
64	64	191	191	0.5	1/2	1/2	Chord	3/4	1	1	1/8		1/8	1	575									
64	64	189	189	2.0	0	0	Chord	3/4	2	1	1/2		1/2	1	576									
64	64	191	191	1.0	1/2	1/2	Chord	3/4	2	1	1/4		1/4	1	577									
65	65	192	192	0.0	0	0	Chord	3/4	1	1	0	grace16	1/16	1	578									
65	65	192	192	0.5	0	0	Chord	3/4	1	1	1/8		1/8	1	579									
65	65	385/2	385/2	0.25	1/8	1/8	Chord	3/4	1	1	1/16		1/16	1	580									
65	65	771/4	771/4	0.25	3/16	3/16	Chord	3/4	1	1	1/16		1/16	1	581									
65	65	193	193	1.0	1/4	1/4	Chord	3/4	1	1	1/4		1/4	1	582									
65	65	194	194	1.0	1/2	1/2	Chord	3/4	1	1	1/4		1/4	1	583		ornamentTrill							
65	65	193	193	1.0	1/4	1/4	Chord	3/4	1	2	1/4		1/4	1	584									
65	65	194	194	1.0	1/2	1/2	Chord	3/4	1	2	1/4		1/4	1	585									
65	65	192	192	1.0	0	0	Chord	3/4	2	1	1/4		1/4	1	586									
65	65	193	193	1.0	1/4	1/4	Chord	3/4	2	1	1/4		1/4	1	587									
65	65	194	194	1.0	1/2	1/2	Chord	3/4	2	1	1/4		1/4	1	588									
66	66	195	195	1.0	0	0	Chord	3/4	1	1	1/4		1/4	1	589									
66	66	589/3	589/3	0.3333333333333333	1/3	1/3	Chord	3/4	1	1	1/12		1/8	2/3	590									
66	66	590/3	590/3	0.3333333333333333	5/12	5/12	Chord	3/4	1	1	1/12		1/8	2/3	591									
66	66	197	197	0.3333333333333333	1/2	1/2	Chord	3/4	1	1	1/12		1/8	2/3	592									
66	66	592/3	592/3	0.3333333333333333	7/12	7/12	Chord	3/4	1	1	1/12		1/8	2/3	593									
66	66	593/3	593/3	0.3333333333333333	2/3	2/3	Chord	3/4	1	1	1/12		1/8	2/3	594									
66	66	195	195	1.0	0	0	Chord	3/4	2	1	1/4		1/4	1	595									
66	66	196	196	1.0	1/4	1/4	Chord	3/4	2	1	1/4		1/4	1	596									
67	67	198	198	1.0	0	0	Chord	3/4	1	1	1/4		1/4	1	597									
67	67	199	199	0.3333333333333333	1/4	1/4	Chord	3/4	1	1	1/12		1/8	2/3	598									
67	67	598/3	598/3	0.3333333333333333	1/3	1/3	Chord	3/4	1	1	1/12		1/8	2/3	599									
67	67	599/3	599/3	0.3333333333333333	5/12	5/12	Chord	3/4	1	1	1/12		1/8	2/3	600									
67	67	200	200	0.0	1/2	1/2	Chord	3/4	1	1	0	grace16	1/16	2/3	601									
67	67	200	200	0.3333333333333333	1/2	1/2	Chord	3/4	1	1	1/12		1/8	2/3	602									
67	67	601/3	601/3	0.3333333333333333	7/12	7/12	Chord	3/4	1	1	1/12		1/8	2/3	603									
67	67	602/3	602/3	0.3333333333333333	2/3	2/3	Chord	3/4	1	1	1/12		1/8	2/3	604									
67	67	198	198	1.0	0	0	Chord	3/4	1	2	1/4		1/4	1	605									
67	67	198	198	1.0	0	0	Chord	3/4	2	1	1/4		1/4	1	606									
67	67	199	199	1.0	1/4	1/4	Chord	3/4	2	1	1/4		1/4	1	607									
67	67	200	200	1.0	1/2	1/2	Chord	3/4	2	1	1/4		1/4	1	608									
68	68	201	201	1.0	0	0	Chord	3/4	1	1	1/4		1/4	1	609									
68	68	607/3	607/3	0.3333333333333333	1/3	1/3	Chord	3/4	1	1	1/12		1/8	2/3	610									
68	68	608/3	608/3	0.3333333333333333	5/12	5/12	Chord	3/4	1	1	1/12		1/8	2/3	611									
68	68	203	203	0.3333333333333333	1/2	1/2	Chord	3/4	1	1	1/12		1/8	2/3	612									
68	68	610/3	610/3	0.3333333333333333	7/12	7/12	Chord	3/4	1	1	1/12		1/8	2/3	613									
68	68	611/3	611/3	0.3333333333333333	2/3	2/3	Chord	3/4	1	1	1/12		1/8	2/3	614									
68	68	201	201	1.0	0	0	Chord	3/4	2	1	1/4		1/4	1	615									
68	68	202	202	1.0	1/4	1/4	Chord	3/4	2	1	1/4		1/4	1	616									
69	69	204	204	0.3333333333333333	0	0	Chord	3/4	1	1	1/12		1/8	2/3	617									
69	69	613/3	613/3	0.3333333333333333	1/12	1/12	Chord	3/4	1	1	1/12		1/8	2/3	618									
69	69	614/3	614/3	0.3333333333333333	1/6	1/6	Chord	3/4	1	1	1/12		1/8	2/3	619									
69	69	205	205	0.3333333333333333	1/4	1/4	Chord	3/4	1	1	1/12		1/8	2/3	620									
69	69	616/3	616/3	0.3333333333333333	1/3	1/3	Chord	3/4	1	1	1/12		1/8	2/3	621									
69	69	617/3	617/3	0.3333333333333333	5/12	5/12	Chord	3/4	1	1	1/12		1/8	2/3	622									
69	69	206	206	0.3333333333333333	1/2	1/2	Chord	3/4	1	1	1/12		1/8	2/3	623									
69	69	619/3	619/3	0.3333333333333333	7/12	7/12	Chord	3/4	1	1	1/12		1/8	2/3	624									
69	69	620/3	620/3	0.3333333333333333	2/3	2/3	Chord	3/4	1	1	1/12		1/8	2/3	625									
69	69	204	204	1.0	0	0	Chord	3/4	2	1	1/4		1/4	1	626									
69	69	205	205	1.0	1/4	1/4	Chord	3/4	2	1	1/4		1/4	1	627									
69	69	206	206	1.0	1/2	1/2	Chord	3/4	2	1	1/4		1/4	1	628									
70	70	207	207	1.0	0	0	Chord	3/4	1	1	1/4		1/4	1	629									
70	70	625/3	625/3	0.3333333333333333	1/3	1/3	Chord	3/4	1	1	1/12		1/8	2/3	630									
70	70	626/3	626/3	0.3333333333333333	5/12	5/12	Chord	3/4	1	1	1/12		1/8	2/3	631									
70	70	209	209	0.3333333333333333	1/2	1/2	Chord	3/4	1	1	1/12		1/8	2/3	632									
70	70	628/3	628/3	0.3333333333333333	7/12	7/12	Chord	3/4	1	1	1/12		1/8	2/3	633									
70	70	629/3	629/3	0.3333333333333333	2/3	2/3	Chord	3/4	1	1	1/12		1/8	2/3	634									
70	70	207	207	1.0	0	0	Chord	3/4	2	1	1/4		1/4	1	635									
70	70	208	208	1.0	1/4	1/4	Chord	3/4	2	1	1/4		1/4	1	636									
71	71	210	210	1.0	0	0	Chord	3/4	1	1	1/4		1/4	1	637									
71	71	211	211	0.3333333333333333	1/4	1/4	Chord	3/4	1	1	1/12		1/8	2/3	638									
71	71	634/3	634/3	0.3333333333333333	1/3	1/3	Chord	3/4	1	1	1/12		1/8	2/3	639									
71	71	635/3	635/3	0.3333333333333333	5/12	5/12	Chord	3/4	1	1	1/12		1/8	2/3	640									
71	71	212	212	0.0	1/2	1/2	Chord	3/4	1	1	0	grace16	1/16	2/3	641									
71	71	212	212	0.3333333333333333	1/2	1/2	Chord	3/4	1	1	1/12		1/8	2/3	642									
71	71	637/3	637/3	0.3333333333333333	7/12	7/12	Chord	3/4	1	1	1/12		1/8	2/3	643									
71	71	638/3	638/3	0.3333333333333333	2/3	2/3	Chord	3/4	1	1	1/12		1/8	2/3	644									
71	71	210	210	1.0	0	0	Chord	3/4	1	2	1/4		1/4	1	645									
71	71	210	210	1.0	0	0	Chord	3/4	2	1	1/4		1/4	1	646									
71	71	211	211	1.0	1/4	1/4	Chord	3/4	2	1	1/4		1/4	1	647									
71	71	212	212	1.0	1/2	1/2	Chord	3/4	2	1	1/4		1/4	1	648									
72	72	213	213	1.0	0	0	Chord	3/4	1	1	1/4		1/4	1	649									
72	72	643/3	643/3	0.3333333333333333	1/3	1/3	Chord	3/4	1	1	1/12		1/8	2/3	650									
72	72	644/3	644/3	0.3333333333333333	5/12	5/12	Chord	3/4	1	1	1/12		1/8	2/3	651									
72	72	215	215	0.3333333333333333	1/2	1/2	Chord	3/4	1	1	1/12		1/8	2/3	652									
72	72	646/3	646/3	0.3333333333333333	7/12	7/12	Chord	3/4	1	1	1/12		1/8	2/3	653									
72	72	647/3	647/3	0.3333333333333333	2/3	2/3	Chord	3/4	1	1	1/12		1/8	2/3	654									
72	72	213	213	1.0	0	0	Chord	3/4	2	1	1/4		1/4	1	655									
72	72	214	214	1.0	1/4	1/4	Chord	3/4	2	1	1/4		1/4	1	656									
73	73	216	216	0.3333333333333333	0	0	Chord	3/4	1	1	1/12		1/8	2/3	657									
73	73	649/3	649/3	0.3333333333333333	1/12	1/12	Chord	3/4	1	1	1/12		1/8	2/3	658									
73	73	650/3	650/3	0.3333333333333333	1/6	1/6	Chord	3/4	1	1	1/12		1/8	2/3	659									
73	73	217	217	0.3333333333333333	1/4	1/4	Chord	3/4	1	1	1/12		1/8	2/3	660									
73	73	652/3	652/3	0.3333333333333333	1/3	1/3	Chord	3/4	1	1	1/12		1/8	2/3	661									
73	73	653/3	653/3	0.3333333333333333	5/12	5/12	Chord	3/4	1	1	1/12		1/8	2/3	662									
73	73	218	218	0.3333333333333333	1/2	1/2	Chord	3/4	1	1	1/12		1/8	2/3	663									
73	73	655/3	655/3	0.3333333333333333	7/12	7/12	Chord	3/4	1	1	1/12		1/8	2/3	664									
73	73	656/3	656/3	0.3333333333333333	2/3	2/3	Chord	3/4	1	1	1/12		1/8	2/3	665									
73	73	216	216	1.0	0	0	Chord	3/4	2	1	1/4		1/4	1	666									
73	73	217	217	1.0	1/4	1/4	Chord	3/4	2	1	1/4		1/4	1	667									
73	73	218	218	1.0	1/2	1/2	Chord	3/4	2	1	1/4		1/4	1	668									
73	73	218	218	1.0	1/2	1/2	Chord	3/4	2	2	1/4		1/4	1	669									
74	74	219	219	2.0	0	0	Chord	3/4	1	1	1/2		1/2	1	670								15	
74	74	221	221	1.0	1/2	1/2	Chord	3/4	1	1	1/4		1/4	1	671									
74	74	219	219	2.0	0	0	Chord	3/4	2	1	1/2		1/2	1	672								16	
74	74	221	221	1.0	1/2	1/2	Chord	3/4	2	1	1/4		1/4	1	673									
74	74	219	219	2.0	0	0	Chord	3/4	2	2	1/2		1/2	1	674									
