mc	mn	quarterbeats	quarterbeats_all_endings	duration_qb	mc_onset	mn_onset	event	timesig	staff	voice	duration	gracenote	nominal_duration	scalar	chord_id	dynamics	articulation	staff_text	tempo	qpm	tempo_visible	slur
1	1	0	0	0.0	0	0	Tempo	2/4	1	1	0								Allegretto	100.0	1.0	
1	1	0	0	1.0	0	0	Chord	2/4	1	1	1/4		1/4	1	0							
1	1	1	1	0.75	1/4	1/4	Chord	2/4	1	1	3/16		1/8	3/2	1		ornamentTrill					
1	1	7/4	7/4	0.25	7/16	7/16	Chord	2/4	1	1	1/16		1/16	1	2							
1	1	0	0	0.5	0	0	Chord	2/4	2	1	1/8		1/8	1	3							
1	1	1/2	1/2	0.5	1/8	1/8	Chord	2/4	2	1	1/8		1/8	1	4							
1	1	1	1	0.5	1/4	1/4	Chord	2/4	2	1	1/8		1/8	1	5							
1	1	3/2	3/2	0.5	3/8	3/8	Chord	2/4	2	1	1/8		1/8	1	6							
2	2	2	2	0.0	0	0	Chord	2/4	1	1	0	appoggiatura	1/8	1	7							
2	2	2	2	1.5	0	0	Chord	2/4	1	1	3/8		1/4	3/2	8							
2	2	7/2	7/2	0.5	3/8	3/8	Chord	2/4	1	1	1/8		1/8	1	9							
2	2	2	2	0.5	0	0	Chord	2/4	2	1	1/8		1/8	1	10							
2	2	5/2	5/2	0.5	1/8	1/8	Chord	2/4	2	1	1/8		1/8	1	11							
2	2	3	3	0.5	1/4	1/4	Chord	2/4	2	1	1/8		1/8	1	12							
2	2	7/2	7/2	0.5	3/8	3/8	Chord	2/4	2	1	1/8		1/8	1	13							
3	3	4	4	0.75	0	0	Chord	2/4	1	1	3/16		1/8	3/2	14		ornamentTrill					
3	3	19/4	19/4	0.25	3/16	3/16	Chord	2/4	1	1	1/16		1/16	1	15							
3	3	5	5	0.75	1/4	1/4	Chord	2/4	1	1	3/16		1/8	3/2	16							
3	3	23/4	23/4	0.25	7/16	7/16	Chord	2/4	1	1	1/16		1/16	1	17							
3	3	4	4	0.5	0	0	Chord	2/4	2	1	1/8		1/8	1	18							
3	3	9/2	9/2	0.5	1/8	1/8	Chord	2/4	2	1	1/8		1/8	1	19							
3	3	5	5	0.5	1/4	1/4	Chord	2/4	2	1	1/8		1/8	1	20							
3	3	11/2	11/2	0.5	3/8	3/8	Chord	2/4	2	1	1/8		1/8	1	21							
4	4	6	6	0.0	0	0	Chord	2/4	1	1	0	appoggiatura	1/8	1	22							
4	4	6	6	1.0	0	0	Chord	2/4	1	1	1/4		1/4	1	23							0
4	4	7	7	0.5	1/4	1/4	Chord	2/4	1	1	1/8		1/8	1	24							
4	4	6	6	0.5	0	0	Chord	2/4	2	1	1/8		1/8	1	25							
4	4	13/2	13/2	0.5	1/8	1/8	Chord	2/4	2	1	1/8		1/8	1	26							
4	4	7	7	0.5	1/4	1/4	Chord	2/4	2	1	1/8		1/8	1	27							
4	4	15/2	15/2	0.5	3/8	3/8	Chord	2/4	2	1	1/8		1/8	1	28							
5	5	8	8	0.0	0	0	Chord	2/4	1	1	0	appoggiatura	1/8	1	29							
5	5	8	8	1.0	0	0	Chord	2/4	1	1	1/4		1/4	1	30							
5	5	9	9	0.75	1/4	1/4	Chord	2/4	1	1	3/16		1/8	3/2	31							
5	5	39/4	39/4	0.25	7/16	7/16	Chord	2/4	1	1	1/16		1/16	1	32							
5	5	17/2	17/2	0.5	1/8	1/8	Chord	2/4	2	1	1/8		1/8	1	33							
5	5	9	9	0.5	1/4	1/4	Chord	2/4	2	1	1/8		1/8	1	34							
5	5	19/2	19/2	0.5	3/8	3/8	Chord	2/4	2	1	1/8		1/8	1	35							
6	6	10	10	1.0	0	0	Chord	2/4	1	1	1/4		1/4	1	36							1
6	6	11	11	0.5	1/4	1/4	Chord	2/4	1	1	1/8		1/8	1	37		ornamentTrill					
6	6	23/2	23/2	0.5	3/8	3/8	Chord	2/4	1	1	1/8		1/8	1	38							
6	6	21/2	21/2	0.5	1/8	1/8	Chord	2/4	2	1	1/8		1/8	1	39							
6	6	11	11	0.5	1/4	1/4	Chord	2/4	2	1	1/8		1/8	1	40							
6	6	23/2	23/2	0.5	3/8	3/8	Chord	2/4	2	1	1/8		1/8	1	41							
6	6	23/2	23/2	0.5	3/8	3/8	Chord	2/4	2	2	1/8		1/8	1	42							
7	7	12	12	0.25	0	0	Chord	2/4	1	1	1/16		1/16	1	43							
7	7	49/4	49/4	0.25	1/16	1/16	Chord	2/4	1	1	1/16		1/16	1	44							
7	7	25/2	25/2	1.0	1/8	1/8	Chord	2/4	1	1	1/4		1/4	1	45							
7	7	27/2	27/2	0.5	3/8	3/8	Chord	2/4	1	1	1/8		1/8	1	46							
7	7	25/2	25/2	1.0	1/8	1/8	Chord	2/4	1	2	1/4		1/4	1	47							
7	7	27/2	27/2	0.5	3/8	3/8	Chord	2/4	1	2	1/8		1/8	1	48							
7	7	12	12	0.5	0	0	Chord	2/4	2	1	1/8		1/8	1	49							
7	7	25/2	25/2	0.5	1/8	1/8	Chord	2/4	2	1	1/8		1/8	1	50							
7	7	13	13	0.5	1/4	1/4	Chord	2/4	2	1	1/8		1/8	1	51							
7	7	27/2	27/2	0.5	3/8	3/8	Chord	2/4	2	1	1/8		1/8	1	52							
7	7	12	12	1.0	0	0	Chord	2/4	2	2	1/4		1/4	1	53							
8	8	14	14	0.0	0	0	Chord	2/4	1	1	0	appoggiatura	1/8	1	54							
8	8	14	14	1.0	0	0	Chord	2/4	1	1	1/4		1/4	1	55							
8	8	15	15	0.25	1/4	1/4	Chord	2/4	1	1	1/16		1/16	1	56		ornamentTrill					
8	8	61/4	61/4	0.25	5/16	5/16	Chord	2/4	1	1	1/16		1/16	1	57							
8	8	31/2	31/2	0.25	3/8	3/8	Chord	2/4	1	1	1/16		1/16	1	58		ornamentTrill					
8	8	63/4	63/4	0.25	7/16	7/16	Chord	2/4	1	1	1/16		1/16	1	59							
8	8	14	14	1.0	0	0	Chord	2/4	1	2	1/4		1/4	1	60							
8	8	14	14	1.0	0	0	Chord	2/4	2	1	1/4		1/4	1	61							
9	9	16	16	0.0	0	0	Dynamic	2/4	1	1	0					f						
9	9	16	16	0.25	0	0	Chord	2/4	1	1	1/16		1/16	1	62							
9	9	65/4	65/4	0.75	1/16	1/16	Chord	2/4	1	1	3/16		1/8	3/2	63							
9	9	17	17	0.0	1/4	1/4	Dynamic	2/4	1	1	0					p						
9	9	17	17	0.25	1/4	1/4	Chord	2/4	1	1	1/16		1/16	1	64		ornamentTrill					
9	9	69/4	69/4	0.25	5/16	5/16	Chord	2/4	1	1	1/16		1/16	1	65							
9	9	35/2	35/2	0.25	3/8	3/8	Chord	2/4	1	1	1/16		1/16	1	66							
9	9	71/4	71/4	0.25	7/16	7/16	Chord	2/4	1	1	1/16		1/16	1	67							
9	9	33/2	33/2	0.5	1/8	1/8	Chord	2/4	2	1	1/8		1/8	1	68							2
9	9	17	17	0.5	1/4	1/4	Chord	2/4	2	1	1/8		1/8	1	69							2
9	9	35/2	35/2	0.5	3/8	3/8	Chord	2/4	2	1	1/8		1/8	1	70							
10	10	18	18	1.0	0	0	Chord	2/4	1	1	1/4		1/4	1	71							3
10	10	19	19	0.5	1/4	1/4	Chord	2/4	1	1	1/8		1/8	1	72		ornamentTrill					
10	10	37/2	37/2	0.5	1/8	1/8	Chord	2/4	2	1	1/8		1/8	1	73							4
10	10	19	19	0.5	1/4	1/4	Chord	2/4	2	1	1/8		1/8	1	74							4
10	10	39/2	39/2	0.5	3/8	3/8	Chord	2/4	2	1	1/8		1/8	1	75							
11	11	20	20	0.0	0	0	Dynamic	2/4	1	1	0					f						
11	11	20	20	0.25	0	0	Chord	2/4	1	1	1/16		1/16	1	76							
11	11	81/4	81/4	0.75	1/16	1/16	Chord	2/4	1	1	3/16		1/8	3/2	77							
11	11	21	21	0.0	1/4	1/4	Dynamic	2/4	1	1	0					p						
11	11	21	21	0.25	1/4	1/4	Chord	2/4	1	1	1/16		1/16	1	78		ornamentTrill					
11	11	85/4	85/4	0.25	5/16	5/16	Chord	2/4	1	1	1/16		1/16	1	79							
11	11	43/2	43/2	0.25	3/8	3/8	Chord	2/4	1	1	1/16		1/16	1	80		ornamentTrill					
11	11	87/4	87/4	0.25	7/16	7/16	Chord	2/4	1	1	1/16		1/16	1	81							
11	11	41/2	41/2	0.5	1/8	1/8	Chord	2/4	2	1	1/8		1/8	1	82							5
11	11	21	21	0.5	1/4	1/4	Chord	2/4	2	1	1/8		1/8	1	83							5
11	11	43/2	43/2	0.5	3/8	3/8	Chord	2/4	2	1	1/8		1/8	1	84							
12	12	22	22	1.0	0	0	Chord	2/4	1	1	1/4		1/4	1	85							6
12	12	23	23	0.5	1/4	1/4	Chord	2/4	1	1	1/8		1/8	1	86		ornamentTrill					
12	12	45/2	45/2	0.5	1/8	1/8	Chord	2/4	2	1	1/8		1/8	1	87							
12	12	23	23	0.5	1/4	1/4	Chord	2/4	2	1	1/8		1/8	1	88							
12	12	47/2	47/2	0.5	3/8	3/8	Chord	2/4	2	1	1/8		1/8	1	89							
13	13	24	24	0.0	0	0	Dynamic	2/4	1	1	0					f						
13	13	24	24	0.25	0	0	Chord	2/4	1	1	1/16		1/16	1	90							
13	13	97/4	97/4	0.75	1/16	1/16	Chord	2/4	1	1	3/16		1/8	3/2	91							
13	13	25	25	0.0	1/4	1/4	Dynamic	2/4	1	1	0					p						
13	13	25	25	0.25	1/4	1/4	Chord	2/4	1	1	1/16		1/16	1	92		ornamentTrill					
13	13	101/4	101/4	0.25	5/16	5/16	Chord	2/4	1	1	1/16		1/16	1	93							
13	13	51/2	51/2	0.25	3/8	3/8	Chord	2/4	1	1	1/16		1/16	1	94		ornamentTrill					
13	13	103/4	103/4	0.25	7/16	7/16	Chord	2/4	1	1	1/16		1/16	1	95							
13	13	49/2	49/2	0.5	1/8	1/8	Chord	2/4	2	1	1/8		1/8	1	96							
13	13	25	25	0.5	1/4	1/4	Chord	2/4	2	1	1/8		1/8	1	97							
13	13	51/2	51/2	0.5	3/8	3/8	Chord	2/4	2	1	1/8		1/8	1	98							
14	14	26	26	1.0	0	0	Chord	2/4	1	1	1/4		1/4	1	99							7
14	14	27	27	0.5	1/4	1/4	Chord	2/4	1	1	1/8		1/8	1	100		ornamentTrill					
14	14	111/4	111/4	0.0	7/16	7/16	Dynamic	2/4	1	1	0					f						
14	14	111/4	111/4	0.25	7/16	7/16	Chord	2/4	1	1	1/16		1/16	1	101							
14	14	53/2	53/2	0.5	1/8	1/8	Chord	2/4	2	1	1/8		1/8	1	102							
14	14	27	27	0.5	1/4	1/4	Chord	2/4	2	1	1/8		1/8	1	103							
14	14	55/2	55/2	0.5	3/8	3/8	Chord	2/4	2	1	1/8		1/8	1	104							
15	15	28	28	0.0	0	0	Chord	2/4	1	1	0	grace16	1/16	1	105							
15	15	28	28	0.5	0	0	Chord	2/4	1	1	1/8		1/8	1	106							
15	15	57/2	57/2	0.25	1/8	1/8	Chord	2/4	1	1	1/16		1/16	1	107							
15	15	115/4	115/4	0.25	3/16	3/16	Chord	2/4	1	1	1/16		1/16	1	108							
15	15	29	29	0.0	1/4	1/4	Chord	2/4	1	1	0	grace16	1/16	1	109							
15	15	29	29	0.5	1/4	1/4	Chord	2/4	1	1	1/8		1/8	1	110							
15	15	59/2	59/2	0.25	3/8	3/8	Chord	2/4	1	1	1/16		1/16	1	111							
15	15	119/4	119/4	0.25	7/16	7/16	Chord	2/4	1	1	1/16		1/16	1	112							
15	15	28	28	0.5	0	0	Chord	2/4	2	1	1/8		1/8	1	113							
15	15	57/2	57/2	0.5	1/8	1/8	Chord	2/4	2	1	1/8		1/8	1	114							
15	15	29	29	0.5	1/4	1/4	Chord	2/4	2	1	1/8		1/8	1	115							
15	15	59/2	59/2	0.5	3/8	3/8	Chord	2/4	2	1	1/8		1/8	1	116							
15	15	28	28	1.0	0	0	Chord	2/4	2	2	1/4		1/4	1	117							
15	15	29	29	1.0	1/4	1/4	Chord	2/4	2	2	1/4		1/4	1	118							
16	16	30	30	1.0	0	0	Chord	2/4	1	1	1/4		1/4	1	119							8
16	16	31	31	0.5	1/4	1/4	Chord	2/4	1	1	1/8		1/8	1	120							
16	16	30	30	1.0	0	0	Chord	2/4	2	1	1/4		1/4	1	121							9
16	16	31	31	0.5	1/4	1/4	Chord	2/4	2	1	1/8		1/8	1	122							
16	16	30	30	1.5	0	0	Chord	2/4	2	2	3/8		1/4	3/2	123							
17	17	32	32	0.0	0	0	StaffText	2/4	1	1	0							Var. 1				
17	17	32	32	0.25	0	0	Chord	2/4	1	1	1/16		1/16	1	124							
17	17	129/4	129/4	0.25	1/16	1/16	Chord	2/4	1	1	1/16		1/16	1	125							
17	17	65/2	65/2	0.25	1/8	1/8	Chord	2/4	1	1	1/16		1/16	1	126							
17	17	131/4	131/4	0.25	3/16	3/16	Chord	2/4	1	1	1/16		1/16	1	127							
17	17	33	33	0.25	1/4	1/4	Chord	2/4	1	1	1/16		1/16	1	128							
17	17	133/4	133/4	0.25	5/16	5/16	Chord	2/4	1	1	1/16		1/16	1	129							
17	17	67/2	67/2	0.25	3/8	3/8	Chord	2/4	1	1	1/16		1/16	1	130							
17	17	135/4	135/4	0.25	7/16	7/16	Chord	2/4	1	1	1/16		1/16	1	131							
17	17	32	32	1.0	0	0	Chord	2/4	2	1	1/4		1/4	1	132							
17	17	33	33	1.0	1/4	1/4	Chord	2/4	2	1	1/4		1/4	1	133							
17	17	32	32	1.0	0	0	Chord	2/4	2	2	1/4		1/4	1	134							
17	17	33	33	1.0	1/4	1/4	Chord	2/4	2	2	1/4		1/4	1	135							
18	18	34	34	0.25	0	0	Chord	2/4	1	1	1/16		1/16	1	136							
18	18	137/4	137/4	0.25	1/16	1/16	Chord	2/4	1	1	1/16		1/16	1	137							
18	18	69/2	69/2	0.25	1/8	1/8	Chord	2/4	1	1	1/16		1/16	1	138							
18	18	139/4	139/4	0.25	3/16	3/16	Chord	2/4	1	1	1/16		1/16	1	139							
18	18	35	35	0.25	1/4	1/4	Chord	2/4	1	1	1/16		1/16	1	140							
18	18	141/4	141/4	0.25	5/16	5/16	Chord	2/4	1	1	1/16		1/16	1	141							
18	18	71/2	71/2	0.25	3/8	3/8	Chord	2/4	1	1	1/16		1/16	1	142							
18	18	143/4	143/4	0.25	7/16	7/16	Chord	2/4	1	1	1/16		1/16	1	143							
18	18	34	34	1.5	0	0	Chord	2/4	2	1	3/8		1/4	3/2	144							
18	18	71/2	71/2	0.5	3/8	3/8	Chord	2/4	2	1	1/8		1/8	1	145							
18	18	34	34	1.5	0	0	Chord	2/4	2	2	3/8		1/4	3/2	146							
18	18	71/2	71/2	0.5	3/8	3/8	Chord	2/4	2	2	1/8		1/8	1	147							
19	19	36	36	0.25	0	0	Chord	2/4	1	1	1/16		1/16	1	148							
19	19	145/4	145/4	0.25	1/16	1/16	Chord	2/4	1	1	1/16		1/16	1	149							
19	19	73/2	73/2	0.25	1/8	1/8	Chord	2/4	1	1	1/16		1/16	1	150							
19	19	147/4	147/4	0.25	3/16	3/16	Chord	2/4	1	1	1/16		1/16	1	151							
19	19	37	37	0.25	1/4	1/4	Chord	2/4	1	1	1/16		1/16	1	152							
19	19	149/4	149/4	0.25	5/16	5/16	Chord	2/4	1	1	1/16		1/16	1	153							
19	19	75/2	75/2	0.25	3/8	3/8	Chord	2/4	1	1	1/16		1/16	1	154							
19	19	151/4	151/4	0.25	7/16	7/16	Chord	2/4	1	1	1/16		1/16	1	155							
19	19	36	36	1.0	0	0	Chord	2/4	2	1	1/4		1/4	1	156							
19	19	37	37	1.0	1/4	1/4	Chord	2/4	2	1	1/4		1/4	1	157							
19	19	36	36	1.0	0	0	Chord	2/4	2	2	1/4		1/4	1	158							
20	20	38	38	0.25	0	0	Chord	2/4	1	1	1/16		1/16	1	159							
20	20	153/4	153/4	0.25	1/16	1/16	Chord	2/4	1	1	1/16		1/16	1	160							
20	20	77/2	77/2	0.25	1/8	1/8	Chord	2/4	1	1	1/16		1/16	1	161							
20	20	155/4	155/4	0.25	3/16	3/16	Chord	2/4	1	1	1/16		1/16	1	162							
20	20	39	39	0.25	1/4	1/4	Chord	2/4	1	1	1/16		1/16	1	163							
20	20	157/4	157/4	0.25	5/16	5/16	Chord	2/4	1	1	1/16		1/16	1	164							
20	20	79/2	79/2	0.25	3/8	3/8	Chord	2/4	1	1	1/16		1/16	1	165							
20	20	159/4	159/4	0.25	7/16	7/16	Chord	2/4	1	1	1/16		1/16	1	166							
20	20	38	38	0.5	0	0	Chord	2/4	2	1	1/8		1/8	1	167							
20	20	77/2	77/2	0.5	1/8	1/8	Chord	2/4	2	1	1/8		1/8	1	168							
20	20	39	39	0.5	1/4	1/4	Chord	2/4	2	1	1/8		1/8	1	169							
20	20	79/2	79/2	0.5	3/8	3/8	Chord	2/4	2	1	1/8		1/8	1	170							
21	21	40	40	0.25	0	0	Chord	2/4	1	1	1/16		1/16	1	171							10
21	21	161/4	161/4	0.25	1/16	1/16	Chord	2/4	1	1	1/16		1/16	1	172							
21	21	81/2	81/2	0.25	1/8	1/8	Chord	2/4	1	1	1/16		1/16	1	173							11
21	21	163/4	163/4	0.25	3/16	3/16	Chord	2/4	1	1	1/16		1/16	1	174							
21	21	41	41	0.25	1/4	1/4	Chord	2/4	1	1	1/16		1/16	1	175							12
21	21	165/4	165/4	0.25	5/16	5/16	Chord	2/4	1	1	1/16		1/16	1	176							
21	21	83/2	83/2	0.25	3/8	3/8	Chord	2/4	1	1	1/16		1/16	1	177							13
21	21	167/4	167/4	0.25	7/16	7/16	Chord	2/4	1	1	1/16		1/16	1	178							
21	21	40	40	1.0	0	0	Chord	2/4	2	1	1/4		1/4	1	179							
21	21	41	41	1.0	1/4	1/4	Chord	2/4	2	1	1/4		1/4	1	180							
21	21	41	41	1.0	1/4	1/4	Chord	2/4	2	2	1/4		1/4	1	181							
22	22	42	42	0.25	0	0	Chord	2/4	1	1	1/16		1/16	1	182							14
22	22	169/4	169/4	0.25	1/16	1/16	Chord	2/4	1	1	1/16		1/16	1	183							14
22	22	85/2	85/2	0.25	1/8	1/8	Chord	2/4	1	1	1/16		1/16	1	184							14
22	22	171/4	171/4	0.25	3/16	3/16	Chord	2/4	1	1	1/16		1/16	1	185							
22	22	43	43	0.25	1/4	1/4	Chord	2/4	1	1	1/16		1/16	1	186							
22	22	173/4	173/4	0.25	5/16	5/16	Chord	2/4	1	1	1/16		1/16	1	187							
22	22	87/2	87/2	0.25	3/8	3/8	Chord	2/4	1	1	1/16		1/16	1	188							
22	22	175/4	175/4	0.25	7/16	7/16	Chord	2/4	1	1	1/16		1/16	1	189							
22	22	85/2	85/2	0.5	1/8	1/8	Chord	2/4	2	1	1/8		1/8	1	190							
22	22	43	43	0.5	1/4	1/4	Chord	2/4	2	1	1/8		1/8	1	191							
22	22	87/2	87/2	0.5	3/8	3/8	Chord	2/4	2	1	1/8		1/8	1	192							
22	22	87/2	87/2	0.5	3/8	3/8	Chord	2/4	2	2	1/8		1/8	1	193							
23	23	44	44	0.25	0	0	Chord	2/4	1	1	1/16		1/16	1	194							
23	23	177/4	177/4	0.25	1/16	1/16	Chord	2/4	1	1	1/16		1/16	1	195							
23	23	89/2	89/2	0.25	1/8	1/8	Chord	2/4	1	1	1/16		1/16	1	196							
23	23	179/4	179/4	0.25	3/16	3/16	Chord	2/4	1	1	1/16		1/16	1	197							
23	23	45	45	0.25	1/4	1/4	Chord	2/4	1	1	1/16		1/16	1	198							
23	23	181/4	181/4	0.25	5/16	5/16	Chord	2/4	1	1	1/16		1/16	1	199							
23	23	91/2	91/2	0.25	3/8	3/8	Chord	2/4	1	1	1/16		1/16	1	200							
23	23	183/4	183/4	0.25	7/16	7/16	Chord	2/4	1	1	1/16		1/16	1	201							
23	23	44	44	1.5	0	0	Chord	2/4	2	1	3/8		1/4	3/2	202							
23	23	91/2	91/2	0.5	3/8	3/8	Chord	2/4	2	1	1/8		1/8	1	203							
23	23	44	44	1.5	0	0	Chord	2/4	2	2	3/8		1/4	3/2	204							
24	24	46	46	0.25	0	0	Chord	2/4	1	1	1/16		1/16	1	205							
24	24	185/4	185/4	0.25	1/16	1/16	Chord	2/4	1	1	1/16		1/16	1	206							
24	24	93/2	93/2	0.25	1/8	1/8	Chord	2/4	1	1	1/16		1/16	1	207							
24	24	187/4	187/4	0.25	3/16	3/16	Chord	2/4	1	1	1/16		1/16	1	208							
24	24	47	47	0.25	1/4	1/4	Chord	2/4	1	1	1/16		1/16	1	209							
24	24	189/4	189/4	0.25	5/16	5/16	Chord	2/4	1	1	1/16		1/16	1	210							
24	24	95/2	95/2	0.25	3/8	3/8	Chord	2/4	1	1	1/16		1/16	1	211							
24	24	191/4	191/4	0.25	7/16	7/16	Chord	2/4	1	1	1/16		1/16	1	212							
24	24	46	46	1.0	0	0	Chord	2/4	2	1	1/4		1/4	1	213							
25	25	48	48	0.25	0	0	Chord	2/4	1	1	1/16		1/16	1	214							
25	25	193/4	193/4	0.25	1/16	1/16	Chord	2/4	1	1	1/16		1/16	1	215							
25	25	97/2	97/2	0.25	1/8	1/8	Chord	2/4	1	1	1/16		1/16	1	216							
25	25	195/4	195/4	0.25	3/16	3/16	Chord	2/4	1	1	1/16		1/16	1	217							
25	25	49	49	0.25	1/4	1/4	Chord	2/4	1	1	1/16		1/16	1	218							
25	25	197/4	197/4	0.25	5/16	5/16	Chord	2/4	1	1	1/16		1/16	1	219							
25	25	99/2	99/2	0.25	3/8	3/8	Chord	2/4	1	1	1/16		1/16	1	220							
25	25	199/4	199/4	0.25	7/16	7/16	Chord	2/4	1	1	1/16		1/16	1	221							
25	25	97/2	97/2	0.5	1/8	1/8	Chord	2/4	2	1	1/8		1/8	1	222							
25	25	49	49	0.5	1/4	1/4	Chord	2/4	2	1	1/8		1/8	1	223							
25	25	99/2	99/2	0.5	3/8	3/8	Chord	2/4	2	1	1/8		1/8	1	224							
26	26	50	50	0.25	0	0	Chord	2/4	1	1	1/16		1/16	1	225							
26	26	201/4	201/4	0.25	1/16	1/16	Chord	2/4	1	1	1/16		1/16	1	226							
26	26	101/2	101/2	0.25	1/8	1/8	Chord	2/4	1	1	1/16		1/16	1	227							
26	26	203/4	203/4	0.25	3/16	3/16	Chord	2/4	1	1	1/16		1/16	1	228							
26	26	51	51	0.25	1/4	1/4	Chord	2/4	1	1	1/16		1/16	1	229							
26	26	205/4	205/4	0.25	5/16	5/16	Chord	2/4	1	1	1/16		1/16	1	230							
26	26	103/2	103/2	0.25	3/8	3/8	Chord	2/4	1	1	1/16		1/16	1	231							
26	26	207/4	207/4	0.25	7/16	7/16	Chord	2/4	1	1	1/16		1/16	1	232							
26	26	101/2	101/2	0.5	1/8	1/8	Chord	2/4	2	1	1/8		1/8	1	233							
26	26	51	51	0.5	1/4	1/4	Chord	2/4	2	1	1/8		1/8	1	234							
26	26	103/2	103/2	0.5	3/8	3/8	Chord	2/4	2	1	1/8		1/8	1	235							
27	27	52	52	0.0	0	0	Chord	2/4	1	1	0	grace16	1/16	1	236							
27	27	52	52	0.25	0	0	Chord	2/4	1	1	1/16		1/16	1	237							
27	27	209/4	209/4	0.25	1/16	1/16	Chord	2/4	1	1	1/16		1/16	1	238							
27	27	105/2	105/2	0.25	1/8	1/8	Chord	2/4	1	1	1/16		1/16	1	239							
27	27	211/4	211/4	0.25	3/16	3/16	Chord	2/4	1	1	1/16		1/16	1	240							
27	27	53	53	0.25	1/4	1/4	Chord	2/4	1	1	1/16		1/16	1	241							
27	27	213/4	213/4	0.25	5/16	5/16	Chord	2/4	1	1	1/16		1/16	1	242							
27	27	107/2	107/2	0.25	3/8	3/8	Chord	2/4	1	1	1/16		1/16	1	243							
27	27	215/4	215/4	0.25	7/16	7/16	Chord	2/4	1	1	1/16		1/16	1	244							
27	27	105/2	105/2	0.5	1/8	1/8	Chord	2/4	2	1	1/8		1/8	1	245							
27	27	53	53	0.5	1/4	1/4	Chord	2/4	2	1	1/8		1/8	1	246							
27	27	107/2	107/2	0.5	3/8	3/8	Chord	2/4	2	1	1/8		1/8	1	247							
28	28	54	54	0.25	0	0	Chord	2/4	1	1	1/16		1/16	1	248							
28	28	217/4	217/4	0.25	1/16	1/16	Chord	2/4	1	1	1/16		1/16	1	249							
28	28	109/2	109/2	0.25	1/8	1/8	Chord	2/4	1	1	1/16		1/16	1	250							
28	28	219/4	219/4	0.25	3/16	3/16	Chord	2/4	1	1	1/16		1/16	1	251							
28	28	55	55	0.25	1/4	1/4	Chord	2/4	1	1	1/16		1/16	1	252							
28	28	221/4	221/4	0.25	5/16	5/16	Chord	2/4	1	1	1/16		1/16	1	253							
28	28	111/2	111/2	0.25	3/8	3/8	Chord	2/4	1	1	1/16		1/16	1	254							
28	28	223/4	223/4	0.25	7/16	7/16	Chord	2/4	1	1	1/16		1/16	1	255							
28	28	109/2	109/2	0.5	1/8	1/8	Chord	2/4	2	1	1/8		1/8	1	256							
28	28	55	55	0.5	1/4	1/4	Chord	2/4	2	1	1/8		1/8	1	257							
28	28	111/2	111/2	0.5	3/8	3/8	Chord	2/4	2	1	1/8		1/8	1	258							
29	29	56	56	0.25	0	0	Chord	2/4	1	1	1/16		1/16	1	259							
29	29	225/4	225/4	0.25	1/16	1/16	Chord	2/4	1	1	1/16		1/16	1	260							
29	29	113/2	113/2	0.25	1/8	1/8	Chord	2/4	1	1	1/16		1/16	1	261							
29	29	227/4	227/4	0.25	3/16	3/16	Chord	2/4	1	1	1/16		1/16	1	262							
29	29	57	57	0.25	1/4	1/4	Chord	2/4	1	1	1/16		1/16	1	263							
29	29	229/4	229/4	0.25	5/16	5/16	Chord	2/4	1	1	1/16		1/16	1	264							
29	29	115/2	115/2	0.25	3/8	3/8	Chord	2/4	1	1	1/16		1/16	1	265							
29	29	231/4	231/4	0.25	7/16	7/16	Chord	2/4	1	1	1/16		1/16	1	266							
29	29	113/2	113/2	0.5	1/8	1/8	Chord	2/4	2	1	1/8		1/8	1	267							
29	29	57	57	0.5	1/4	1/4	Chord	2/4	2	1	1/8		1/8	1	268							
29	29	115/2	115/2	0.5	3/8	3/8	Chord	2/4	2	1	1/8		1/8	1	269							
30	30	58	58	0.25	0	0	Chord	2/4	1	1	1/16		1/16	1	270							
30	30	233/4	233/4	0.25	1/16	1/16	Chord	2/4	1	1	1/16		1/16	1	271							
30	30	117/2	117/2	0.25	1/8	1/8	Chord	2/4	1	1	1/16		1/16	1	272							
30	30	235/4	235/4	0.25	3/16	3/16	Chord	2/4	1	1	1/16		1/16	1	273							
30	30	59	59	0.25	1/4	1/4	Chord	2/4	1	1	1/16		1/16	1	274							
30	30	237/4	237/4	0.25	5/16	5/16	Chord	2/4	1	1	1/16		1/16	1	275							
30	30	119/2	119/2	0.25	3/8	3/8	Chord	2/4	1	1	1/16		1/16	1	276							
30	30	239/4	239/4	0.25	7/16	7/16	Chord	2/4	1	1	1/16		1/16	1	277							
30	30	117/2	117/2	0.5	1/8	1/8	Chord	2/4	2	1	1/8		1/8	1	278							
30	30	59	59	0.5	1/4	1/4	Chord	2/4	2	1	1/8		1/8	1	279							
30	30	119/2	119/2	0.5	3/8	3/8	Chord	2/4	2	1	1/8		1/8	1	280							
31	31	60	60	0.25	0	0	Chord	2/4	1	1	1/16		1/16	1	281							
31	31	241/4	241/4	0.25	1/16	1/16	Chord	2/4	1	1	1/16		1/16	1	282							
31	31	121/2	121/2	0.25	1/8	1/8	Chord	2/4	1	1	1/16		1/16	1	283							
31	31	243/4	243/4	0.25	3/16	3/16	Chord	2/4	1	1	1/16		1/16	1	284							
31	31	61	61	0.25	1/4	1/4	Chord	2/4	1	1	1/16		1/16	1	285							
31	31	245/4	245/4	0.25	5/16	5/16	Chord	2/4	1	1	1/16		1/16	1	286							
31	31	123/2	123/2	0.25	3/8	3/8	Chord	2/4	1	1	1/16		1/16	1	287							
31	31	247/4	247/4	0.25	7/16	7/16	Chord	2/4	1	1	1/16		1/16	1	288							
31	31	60	60	0.5	0	0	Chord	2/4	2	1	1/8		1/8	1	289							
31	31	121/2	121/2	0.5	1/8	1/8	Chord	2/4	2	1	1/8		1/8	1	290							
31	31	61	61	0.5	1/4	1/4	Chord	2/4	2	1	1/8		1/8	1	291							
31	31	123/2	123/2	0.5	3/8	3/8	Chord	2/4	2	1	1/8		1/8	1	292							
31	31	60	60	1.0	0	0	Chord	2/4	2	2	1/4		1/4	1	293							
31	31	61	61	1.0	1/4	1/4	Chord	2/4	2	2	1/4		1/4	1	294							
32	32	62	62	0.25	0	0	Chord	2/4	1	1	1/16		1/16	1	295							
32	32	249/4	249/4	0.25	1/16	1/16	Chord	2/4	1	1	1/16		1/16	1	296							
32	32	125/2	125/2	0.25	1/8	1/8	Chord	2/4	1	1	1/16		1/16	1	297							
32	32	251/4	251/4	0.25	3/16	3/16	Chord	2/4	1	1	1/16		1/16	1	298							
32	32	63	63	0.5	1/4	1/4	Chord	2/4	1	1	1/8		1/8	1	299							
32	32	62	62	1.0	0	0	Chord	2/4	2	1	1/4		1/4	1	300							
32	32	63	63	0.5	1/4	1/4	Chord	2/4	2	1	1/8		1/8	1	301							
32	32	62	62	1.0	0	0	Chord	2/4	2	2	1/4		1/4	1	302							
33	33	64	64	0.0	0	0	StaffText	2/4	1	1	0							Var. 2				
33	33	64	64	0.5	0	0	Chord	2/4	1	1	1/8		1/8	1	303							
33	33	65	65	0.5	1/4	1/4	Chord	2/4	1	1	1/8		1/8	1	304							
33	33	64	64	0.5	0	0	Chord	2/4	1	2	1/8		1/8	1	305							
33	33	65	65	0.5	1/4	1/4	Chord	2/4	1	2	1/8		1/8	1	306							
33	33	257/4	257/4	0.25	1/16	1/16	Chord	2/4	2	1	1/16		1/16	1	307							
33	33	129/2	129/2	0.25	1/8	1/8	Chord	2/4	2	1	1/16		1/16	1	308							
33	33	259/4	259/4	0.25	3/16	3/16	Chord	2/4	2	1	1/16		1/16	1	309							
33	33	261/4	261/4	0.25	5/16	5/16	Chord	2/4	2	1	1/16		1/16	1	310							
33	33	131/2	131/2	0.25	3/8	3/8	Chord	2/4	2	1	1/16		1/16	1	311							
33	33	263/4	263/4	0.25	7/16	7/16	Chord	2/4	2	1	1/16		1/16	1	312							
34	34	66	66	0.5	0	0	Chord	2/4	1	1	1/8		1/8	1	313							
34	34	67	67	0.5	1/4	1/4	Chord	2/4	1	1	1/8		1/8	1	314							
34	34	66	66	0.5	0	0	Chord	2/4	1	2	1/8		1/8	1	315							
34	34	67	67	0.5	1/4	1/4	Chord	2/4	1	2	1/8		1/8	1	316							
34	34	265/4	265/4	0.25	1/16	1/16	Chord	2/4	2	1	1/16		1/16	1	317							
34	34	133/2	133/2	0.25	1/8	1/8	Chord	2/4	2	1	1/16		1/16	1	318							
34	34	267/4	267/4	0.25	3/16	3/16	Chord	2/4	2	1	1/16		1/16	1	319							
34	34	269/4	269/4	0.25	5/16	5/16	Chord	2/4	2	1	1/16		1/16	1	320							
34	34	135/2	135/2	0.25	3/8	3/8	Chord	2/4	2	1	1/16		1/16	1	321							
34	34	271/4	271/4	0.25	7/16	7/16	Chord	2/4	2	1	1/16		1/16	1	322							
35	35	68	68	0.5	0	0	Chord	2/4	1	1	1/8		1/8	1	323							
35	35	69	69	0.5	1/4	1/4	Chord	2/4	1	1	1/8		1/8	1	324							
35	35	273/4	273/4	0.25	1/16	1/16	Chord	2/4	2	1	1/16		1/16	1	325							
35	35	137/2	137/2	0.25	1/8	1/8	Chord	2/4	2	1	1/16		1/16	1	326							
35	35	275/4	275/4	0.25	3/16	3/16	Chord	2/4	2	1	1/16		1/16	1	327							
35	35	277/4	277/4	0.25	5/16	5/16	Chord	2/4	2	1	1/16		1/16	1	328							
35	35	139/2	139/2	0.25	3/8	3/8	Chord	2/4	2	1	1/16		1/16	1	329							
35	35	279/4	279/4	0.25	7/16	7/16	Chord	2/4	2	1	1/16		1/16	1	330							
36	36	70	70	0.5	0	0	Chord	2/4	1	1	1/8		1/8	1	331							
36	36	71	71	0.5	1/4	1/4	Chord	2/4	1	1	1/8		1/8	1	332							
36	36	281/4	281/4	0.25	1/16	1/16	Chord	2/4	2	1	1/16		1/16	1	333							
36	36	141/2	141/2	0.25	1/8	1/8	Chord	2/4	2	1	1/16		1/16	1	334							
36	36	283/4	283/4	0.25	3/16	3/16	Chord	2/4	2	1	1/16		1/16	1	335							
36	36	285/4	285/4	0.25	5/16	5/16	Chord	2/4	2	1	1/16		1/16	1	336							
36	36	143/2	143/2	0.25	3/8	3/8	Chord	2/4	2	1	1/16		1/16	1	337							
36	36	287/4	287/4	0.25	7/16	7/16	Chord	2/4	2	1	1/16		1/16	1	338							
37	37	72	72	0.5	0	0	Chord	2/4	1	1	1/8		1/8	1	339							
37	37	73	73	0.125	1/4	1/4	Chord	2/4	1	1	1/32		1/32	1	340							15
37	37	585/8	585/8	0.375	9/32	9/32	Chord	2/4	1	1	3/32		1/16	3/2	341							
37	37	147/2	147/2	0.125	3/8	3/8	Chord	2/4	1	1	1/32		1/32	1	342							16
37	37	589/8	589/8	0.375	13/32	13/32	Chord	2/4	1	1	3/32		1/16	3/2	343							
37	37	289/4	289/4	0.25	1/16	1/16	Chord	2/4	2	1	1/16		1/16	1	344							
37	37	145/2	145/2	0.25	1/8	1/8	Chord	2/4	2	1	1/16		1/16	1	345							
37	37	291/4	291/4	0.25	3/16	3/16	Chord	2/4	2	1	1/16		1/16	1	346							
37	37	73	73	0.5	1/4	1/4	Chord	2/4	2	1	1/8		1/8	1	347							
37	37	147/2	147/2	0.5	3/8	3/8	Chord	2/4	2	1	1/8		1/8	1	348							
38	38	74	74	1.0	0	0	Chord	2/4	1	1	1/4		1/4	1	349							17
38	38	75	75	0.25	1/4	1/4	Chord	2/4	1	1	1/16		1/16	1	350							
38	38	301/4	301/4	0.25	5/16	5/16	Chord	2/4	1	1	1/16		1/16	1	351							
38	38	151/2	151/2	0.25	3/8	3/8	Chord	2/4	1	1	1/16		1/16	1	352							
38	38	303/4	303/4	0.25	7/16	7/16	Chord	2/4	1	1	1/16		1/16	1	353							
38	38	297/4	297/4	0.25	1/16	1/16	Chord	2/4	2	1	1/16		1/16	1	354							
38	38	149/2	149/2	0.25	1/8	1/8	Chord	2/4	2	1	1/16		1/16	1	355							
38	38	299/4	299/4	0.25	3/16	3/16	Chord	2/4	2	1	1/16		1/16	1	356							
38	38	75	75	0.5	1/4	1/4	Chord	2/4	2	1	1/8		1/8	1	357							
38	38	151/2	151/2	0.5	3/8	3/8	Chord	2/4	2	1	1/8		1/8	1	358							
39	39	76	76	0.5	0	0	Chord	2/4	1	1	1/8		1/8	1	359							
39	39	153/2	153/2	0.0	1/8	1/8	Chord	2/4	1	1	0	grace16	1/16	1	360							
39	39	153/2	153/2	0.25	1/8	1/8	Chord	2/4	1	1	1/16		1/16	1	361							
39	39	307/4	307/4	0.125	3/16	3/16	Chord	2/4	1	1	1/32		1/32	1	362							
39	39	615/8	615/8	0.125	7/32	7/32	Chord	2/4	1	1	1/32		1/32	1	363							
39	39	77	77	0.5	1/4	1/4	Chord	2/4	1	1	1/8		1/8	1	364							
39	39	155/2	155/2	0.0	3/8	3/8	Chord	2/4	1	1	0	grace16	1/16	1	365							
39	39	155/2	155/2	0.25	3/8	3/8	Chord	2/4	1	1	1/16		1/16	1	366							
39	39	311/4	311/4	0.125	7/16	7/16	Chord	2/4	1	1	1/32		1/32	1	367							
39	39	623/8	623/8	0.125	15/32	15/32	Chord	2/4	1	1	1/32		1/32	1	368							
39	39	305/4	305/4	0.25	1/16	1/16	Chord	2/4	2	1	1/16		1/16	1	369							
39	39	153/2	153/2	0.25	1/8	1/8	Chord	2/4	2	1	1/16		1/16	1	370							
39	39	307/4	307/4	0.25	3/16	3/16	Chord	2/4	2	1	1/16		1/16	1	371							
39	39	309/4	309/4	0.25	5/16	5/16	Chord	2/4	2	1	1/16		1/16	1	372							
39	39	155/2	155/2	0.25	3/8	3/8	Chord	2/4	2	1	1/16		1/16	1	373							
39	39	311/4	311/4	0.25	7/16	7/16	Chord	2/4	2	1	1/16		1/16	1	374							
40	40	78	78	0.25	0	0	Chord	2/4	1	1	1/16		1/16	1	375							
40	40	313/4	313/4	0.25	1/16	1/16	Chord	2/4	1	1	1/16		1/16	1	376							
40	40	157/2	157/2	0.25	1/8	1/8	Chord	2/4	1	1	1/16		1/16	1	377							
40	40	315/4	315/4	0.25	3/16	3/16	Chord	2/4	1	1	1/16		1/16	1	378							
40	40	79	79	0.5	1/4	1/4	Chord	2/4	1	1	1/8		1/8	1	379							
40	40	78	78	0.25	0	0	Chord	2/4	1	2	1/16		1/16	1	380							
40	40	313/4	313/4	0.25	1/16	1/16	Chord	2/4	1	2	1/16		1/16	1	381							
40	40	157/2	157/2	0.25	1/8	1/8	Chord	2/4	1	2	1/16		1/16	1	382							
40	40	315/4	315/4	0.25	3/16	3/16	Chord	2/4	1	2	1/16		1/16	1	383							
40	40	79	79	0.5	1/4	1/4	Chord	2/4	1	2	1/8		1/8	1	384							
40	40	78	78	1.0	0	0	Chord	2/4	2	1	1/4		1/4	1	385							18
40	40	79	79	0.5	1/4	1/4	Chord	2/4	2	1	1/8		1/8	1	386							
41	41	80	80	0.5	0	0	Chord	2/4	1	1	1/8		1/8	1	387							
41	41	81	81	0.75	1/4	1/4	Chord	2/4	1	1	3/16		1/8	3/2	388		ornamentTrill					
41	41	327/4	327/4	0.125	7/16	7/16	Chord	2/4	1	1	1/32		1/32	1	389							
41	41	655/8	655/8	0.125	15/32	15/32	Chord	2/4	1	1	1/32		1/32	1	390							
41	41	321/4	321/4	0.25	1/16	1/16	Chord	2/4	2	1	1/16		1/16	1	391							
41	41	161/2	161/2	0.25	1/8	1/8	Chord	2/4	2	1	1/16		1/16	1	392							
41	41	323/4	323/4	0.25	3/16	3/16	Chord	2/4	2	1	1/16		1/16	1	393							
41	41	325/4	325/4	0.25	5/16	5/16	Chord	2/4	2	1	1/16		1/16	1	394							
41	41	163/2	163/2	0.25	3/8	3/8	Chord	2/4	2	1	1/16		1/16	1	395							
41	41	327/4	327/4	0.25	7/16	7/16	Chord	2/4	2	1	1/16		1/16	1	396							
42	42	82	82	0.5	0	0	Chord	2/4	1	1	1/8		1/8	1	397							
42	42	83	83	0.75	1/4	1/4	Chord	2/4	1	1	3/16		1/8	3/2	398		ornamentTrill					
42	42	335/4	335/4	0.125	7/16	7/16	Chord	2/4	1	1	1/32		1/32	1	399							
42	42	671/8	671/8	0.125	15/32	15/32	Chord	2/4	1	1	1/32		1/32	1	400							
42	42	329/4	329/4	0.25	1/16	1/16	Chord	2/4	2	1	1/16		1/16	1	401							
42	42	165/2	165/2	0.25	1/8	1/8	Chord	2/4	2	1	1/16		1/16	1	402							
42	42	331/4	331/4	0.25	3/16	3/16	Chord	2/4	2	1	1/16		1/16	1	403							
42	42	333/4	333/4	0.25	5/16	5/16	Chord	2/4	2	1	1/16		1/16	1	404							
42	42	167/2	167/2	0.25	3/8	3/8	Chord	2/4	2	1	1/16		1/16	1	405							
42	42	335/4	335/4	0.25	7/16	7/16	Chord	2/4	2	1	1/16		1/16	1	406							
43	43	84	84	0.5	0	0	Chord	2/4	1	1	1/8		1/8	1	407							
43	43	85	85	0.75	1/4	1/4	Chord	2/4	1	1	3/16		1/8	3/2	408		ornamentTrill					
43	43	343/4	343/4	0.125	7/16	7/16	Chord	2/4	1	1	1/32		1/32	1	409							
43	43	687/8	687/8	0.125	15/32	15/32	Chord	2/4	1	1	1/32		1/32	1	410							
43	43	337/4	337/4	0.25	1/16	1/16	Chord	2/4	2	1	1/16		1/16	1	411							
43	43	169/2	169/2	0.25	1/8	1/8	Chord	2/4	2	1	1/16		1/16	1	412							
43	43	339/4	339/4	0.25	3/16	3/16	Chord	2/4	2	1	1/16		1/16	1	413							
43	43	341/4	341/4	0.25	5/16	5/16	Chord	2/4	2	1	1/16		1/16	1	414							
43	43	171/2	171/2	0.25	3/8	3/8	Chord	2/4	2	1	1/16		1/16	1	415							
43	43	343/4	343/4	0.25	7/16	7/16	Chord	2/4	2	1	1/16		1/16	1	416							
44	44	86	86	0.5	0	0	Chord	2/4	1	1	1/8		1/8	1	417							
44	44	87	87	0.75	1/4	1/4	Chord	2/4	1	1	3/16		1/8	3/2	418		ornamentTrill					
44	44	351/4	351/4	0.125	7/16	7/16	Chord	2/4	1	1	1/32		1/32	1	419							
44	44	703/8	703/8	0.125	15/32	15/32	Chord	2/4	1	1	1/32		1/32	1	420							
44	44	345/4	345/4	0.25	1/16	1/16	Chord	2/4	2	1	1/16		1/16	1	421							
44	44	173/2	173/2	0.25	1/8	1/8	Chord	2/4	2	1	1/16		1/16	1	422							
44	44	347/4	347/4	0.25	3/16	3/16	Chord	2/4	2	1	1/16		1/16	1	423							
44	44	349/4	349/4	0.25	5/16	5/16	Chord	2/4	2	1	1/16		1/16	1	424							
44	44	175/2	175/2	0.25	3/8	3/8	Chord	2/4	2	1	1/16		1/16	1	425							
44	44	351/4	351/4	0.25	7/16	7/16	Chord	2/4	2	1	1/16		1/16	1	426							
45	45	88	88	0.5	0	0	Chord	2/4	1	1	1/8		1/8	1	427							
45	45	357/4	357/4	0.25	5/16	5/16	Chord	2/4	1	1	1/16		1/16	1	428							
45	45	179/2	179/2	0.25	3/8	3/8	Chord	2/4	1	1	1/16		1/16	1	429							
45	45	359/4	359/4	0.25	7/16	7/16	Chord	2/4	1	1	1/16		1/16	1	430							
45	45	353/4	353/4	0.25	1/16	1/16	Chord	2/4	2	1	1/16		1/16	1	431							
45	45	177/2	177/2	0.25	1/8	1/8	Chord	2/4	2	1	1/16		1/16	1	432							
45	45	355/4	355/4	0.25	3/16	3/16	Chord	2/4	2	1	1/16		1/16	1	433							
45	45	89	89	1.0	1/4	1/4	Chord	2/4	2	1	1/4		1/4	1	434							
46	46	90	90	1.0	0	0	Chord	2/4	1	1	1/4		1/4	1	435							
46	46	91	91	0.25	1/4	1/4	Chord	2/4	1	1	1/16		1/16	1	436							
46	46	365/4	365/4	0.25	5/16	5/16	Chord	2/4	1	1	1/16		1/16	1	437							
46	46	183/2	183/2	0.25	3/8	3/8	Chord	2/4	1	1	1/16		1/16	1	438							
46	46	367/4	367/4	0.25	7/16	7/16	Chord	2/4	1	1	1/16		1/16	1	439							
46	46	361/4	361/4	0.25	1/16	1/16	Chord	2/4	2	1	1/16		1/16	1	440							
46	46	181/2	181/2	0.25	1/8	1/8	Chord	2/4	2	1	1/16		1/16	1	441							
46	46	363/4	363/4	0.25	3/16	3/16	Chord	2/4	2	1	1/16		1/16	1	442							
46	46	91	91	1.0	1/4	1/4	Chord	2/4	2	1	1/4		1/4	1	443							
47	47	92	92	0.5	0	0	Chord	2/4	1	1	1/8		1/8	1	444							
47	47	185/2	185/2	0.5	1/8	1/8	Chord	2/4	1	1	1/8		1/8	1	445							
47	47	93	93	0.5	1/4	1/4	Chord	2/4	1	1	1/8		1/8	1	446							
47	47	187/2	187/2	0.5	3/8	3/8	Chord	2/4	1	1	1/8		1/8	1	447							
47	47	369/4	369/4	0.25	1/16	1/16	Chord	2/4	2	1	1/16		1/16	1	448							
47	47	185/2	185/2	0.25	1/8	1/8	Chord	2/4	2	1	1/16		1/16	1	449							
47	47	371/4	371/4	0.25	3/16	3/16	Chord	2/4	2	1	1/16		1/16	1	450							
47	47	373/4	373/4	0.25	5/16	5/16	Chord	2/4	2	1	1/16		1/16	1	451							
47	47	187/2	187/2	0.25	3/8	3/8	Chord	2/4	2	1	1/16		1/16	1	452							
47	47	375/4	375/4	0.25	7/16	7/16	Chord	2/4	2	1	1/16		1/16	1	453							
48	48	94	94	0.5	0	0	Chord	2/4	1	1	1/8		1/8	1	454							
48	48	377/4	377/4	0.25	1/16	1/16	Chord	2/4	2	1	1/16		1/16	1	455							
48	48	189/2	189/2	0.25	1/8	1/8	Chord	2/4	2	1	1/16		1/16	1	456							
48	48	379/4	379/4	0.25	3/16	3/16	Chord	2/4	2	1	1/16		1/16	1	457							
48	48	95	95	1.0	1/4	1/4	Chord	2/4	2	1	1/4		1/4	1	458							
49	49	96	96	0.0	0	0	StaffText	2/4	1	1	0							Var. 3				
49	49	96	96	0.16666666666666666	0	0	Chord	2/4	1	1	1/24		1/16	2/3	459							
49	49	577/6	577/6	0.16666666666666666	1/24	1/24	Chord	2/4	1	1	1/24		1/16	2/3	460							
49	49	289/3	289/3	0.16666666666666666	1/12	1/12	Chord	2/4	1	1	1/24		1/16	2/3	461							
49	49	193/2	193/2	0.16666666666666666	1/8	1/8	Chord	2/4	1	1	1/24		1/16	2/3	462							
49	49	290/3	290/3	0.16666666666666666	1/6	1/6	Chord	2/4	1	1	1/24		1/16	2/3	463							
49	49	581/6	581/6	0.16666666666666666	5/24	5/24	Chord	2/4	1	1	1/24		1/16	2/3	464							
49	49	97	97	0.16666666666666666	1/4	1/4	Chord	2/4	1	1	1/24		1/16	2/3	465							
49	49	583/6	583/6	0.16666666666666666	7/24	7/24	Chord	2/4	1	1	1/24		1/16	2/3	466							
49	49	292/3	292/3	0.16666666666666666	1/3	1/3	Chord	2/4	1	1	1/24		1/16	2/3	467							
49	49	195/2	195/2	0.0	3/8	3/8	Chord	2/4	1	1	0	grace16	1/16	2/3	468							
49	49	195/2	195/2	0.16666666666666666	3/8	3/8	Chord	2/4	1	1	1/24		1/16	2/3	469							
49	49	293/3	293/3	0.16666666666666666	5/12	5/12	Chord	2/4	1	1	1/24		1/16	2/3	470							
49	49	587/6	587/6	0.16666666666666666	11/24	11/24	Chord	2/4	1	1	1/24		1/16	2/3	471							
49	49	96	96	0.5	0	0	Chord	2/4	2	1	1/8		1/8	1	472							
49	49	193/2	193/2	0.5	1/8	1/8	Chord	2/4	2	1	1/8		1/8	1	473							
49	49	97	97	0.5	1/4	1/4	Chord	2/4	2	1	1/8		1/8	1	474							
49	49	195/2	195/2	0.5	3/8	3/8	Chord	2/4	2	1	1/8		1/8	1	475							
50	50	98	98	0.0	0	0	Chord	2/4	1	1	0	grace16	1/16	2/3	476							
50	50	98	98	0.16666666666666666	0	0	Chord	2/4	1	1	1/24		1/16	2/3	477							
50	50	589/6	589/6	0.16666666666666666	1/24	1/24	Chord	2/4	1	1	1/24		1/16	2/3	478							
50	50	295/3	295/3	0.16666666666666666	1/12	1/12	Chord	2/4	1	1	1/24		1/16	2/3	479							
50	50	197/2	197/2	0.16666666666666666	1/8	1/8	Chord	2/4	1	1	1/24		1/16	2/3	480							
50	50	296/3	296/3	0.16666666666666666	1/6	1/6	Chord	2/4	1	1	1/24		1/16	2/3	481							
50	50	593/6	593/6	0.16666666666666666	5/24	5/24	Chord	2/4	1	1	1/24		1/16	2/3	482							
50	50	99	99	0.16666666666666666	1/4	1/4	Chord	2/4	1	1	1/24		1/16	2/3	483							
50	50	595/6	595/6	0.16666666666666666	7/24	7/24	Chord	2/4	1	1	1/24		1/16	2/3	484							
50	50	298/3	298/3	0.16666666666666666	1/3	1/3	Chord	2/4	1	1	1/24		1/16	2/3	485							
50	50	199/2	199/2	0.16666666666666666	3/8	3/8	Chord	2/4	1	1	1/24		1/16	2/3	486							
50	50	299/3	299/3	0.16666666666666666	5/12	5/12	Chord	2/4	1	1	1/24		1/16	2/3	487							
50	50	599/6	599/6	0.16666666666666666	11/24	11/24	Chord	2/4	1	1	1/24		1/16	2/3	488							
50	50	98	98	0.5	0	0	Chord	2/4	2	1	1/8		1/8	1	489							
50	50	197/2	197/2	0.5	1/8	1/8	Chord	2/4	2	1	1/8		1/8	1	490							
50	50	99	99	0.5	1/4	1/4	Chord	2/4	2	1	1/8		1/8	1	491							
50	50	199/2	199/2	0.5	3/8	3/8	Chord	2/4	2	1	1/8		1/8	1	492							
51	51	100	100	0.16666666666666666	0	0	Chord	2/4	1	1	1/24		1/16	2/3	493							
51	51	601/6	601/6	0.16666666666666666	1/24	1/24	Chord	2/4	1	1	1/24		1/16	2/3	494							
51	51	301/3	301/3	0.16666666666666666	1/12	1/12	Chord	2/4	1	1	1/24		1/16	2/3	495							
51	51	201/2	201/2	0.16666666666666666	1/8	1/8	Chord	2/4	1	1	1/24		1/16	2/3	496							
51	51	302/3	302/3	0.16666666666666666	1/6	1/6	Chord	2/4	1	1	1/24		1/16	2/3	497							
51	51	605/6	605/6	0.16666666666666666	5/24	5/24	Chord	2/4	1	1	1/24		1/16	2/3	498							
51	51	101	101	0.16666666666666666	1/4	1/4	Chord	2/4	1	1	1/24		1/16	2/3	499							
51	51	607/6	607/6	0.16666666666666666	7/24	7/24	Chord	2/4	1	1	1/24		1/16	2/3	500							
51	51	304/3	304/3	0.16666666666666666	1/3	1/3	Chord	2/4	1	1	1/24		1/16	2/3	501							
51	51	203/2	203/2	0.16666666666666666	3/8	3/8	Chord	2/4	1	1	1/24		1/16	2/3	502							
51	51	305/3	305/3	0.16666666666666666	5/12	5/12	Chord	2/4	1	1	1/24		1/16	2/3	503							
51	51	611/6	611/6	0.16666666666666666	11/24	11/24	Chord	2/4	1	1	1/24		1/16	2/3	504							
51	51	100	100	0.5	0	0	Chord	2/4	2	1	1/8		1/8	1	505							
51	51	201/2	201/2	0.5	1/8	1/8	Chord	2/4	2	1	1/8		1/8	1	506							
51	51	101	101	0.5	1/4	1/4	Chord	2/4	2	1	1/8		1/8	1	507							
51	51	203/2	203/2	0.5	3/8	3/8	Chord	2/4	2	1	1/8		1/8	1	508							
52	52	102	102	0.0	0	0	Chord	2/4	1	1	0	grace16	1/16	2/3	509							
52	52	102	102	0.16666666666666666	0	0	Chord	2/4	1	1	1/24		1/16	2/3	510							
52	52	613/6	613/6	0.16666666666666666	1/24	1/24	Chord	2/4	1	1	1/24		1/16	2/3	511							
52	52	307/3	307/3	0.16666666666666666	1/12	1/12	Chord	2/4	1	1	1/24		1/16	2/3	512							
52	52	205/2	205/2	0.16666666666666666	1/8	1/8	Chord	2/4	1	1	1/24		1/16	2/3	513							
52	52	308/3	308/3	0.16666666666666666	1/6	1/6	Chord	2/4	1	1	1/24		1/16	2/3	514							
52	52	617/6	617/6	0.16666666666666666	5/24	5/24	Chord	2/4	1	1	1/24		1/16	2/3	515							
52	52	103	103	0.16666666666666666	1/4	1/4	Chord	2/4	1	1	1/24		1/16	2/3	516							
52	52	619/6	619/6	0.16666666666666666	7/24	7/24	Chord	2/4	1	1	1/24		1/16	2/3	517							
52	52	310/3	310/3	0.16666666666666666	1/3	1/3	Chord	2/4	1	1	1/24		1/16	2/3	518							
52	52	207/2	207/2	0.16666666666666666	3/8	3/8	Chord	2/4	1	1	1/24		1/16	2/3	519							
52	52	311/3	311/3	0.16666666666666666	5/12	5/12	Chord	2/4	1	1	1/24		1/16	2/3	520							
52	52	623/6	623/6	0.16666666666666666	11/24	11/24	Chord	2/4	1	1	1/24		1/16	2/3	521							
52	52	102	102	0.5	0	0	Chord	2/4	2	1	1/8		1/8	1	522							
52	52	205/2	205/2	0.5	1/8	1/8	Chord	2/4	2	1	1/8		1/8	1	523							
52	52	103	103	0.5	1/4	1/4	Chord	2/4	2	1	1/8		1/8	1	524							
52	52	207/2	207/2	0.5	3/8	3/8	Chord	2/4	2	1	1/8		1/8	1	525							
53	53	104	104	0.0	0	0	Chord	2/4	1	1	0	grace16	1/16	2/3	526							
53	53	104	104	0.16666666666666666	0	0	Chord	2/4	1	1	1/24		1/16	2/3	527							
53	53	625/6	625/6	0.16666666666666666	1/24	1/24	Chord	2/4	1	1	1/24		1/16	2/3	528							
53	53	313/3	313/3	0.16666666666666666	1/12	1/12	Chord	2/4	1	1	1/24		1/16	2/3	529							
53	53	209/2	209/2	0.0	1/8	1/8	Chord	2/4	1	1	0	grace16	1/16	2/3	530							
53	53	209/2	209/2	0.16666666666666666	1/8	1/8	Chord	2/4	1	1	1/24		1/16	2/3	531							
53	53	314/3	314/3	0.16666666666666666	1/6	1/6	Chord	2/4	1	1	1/24		1/16	2/3	532							
53	53	629/6	629/6	0.16666666666666666	5/24	5/24	Chord	2/4	1	1	1/24		1/16	2/3	533							
53	53	105	105	0.0	1/4	1/4	Chord	2/4	1	1	0	grace16	1/16	2/3	534							
53	53	105	105	0.16666666666666666	1/4	1/4	Chord	2/4	1	1	1/24		1/16	2/3	535							
53	53	631/6	631/6	0.16666666666666666	7/24	7/24	Chord	2/4	1	1	1/24		1/16	2/3	536							
53	53	316/3	316/3	0.16666666666666666	1/3	1/3	Chord	2/4	1	1	1/24		1/16	2/3	537							
53	53	211/2	211/2	0.16666666666666666	3/8	3/8	Chord	2/4	1	1	1/24		1/16	2/3	538							
53	53	317/3	317/3	0.16666666666666666	5/12	5/12	Chord	2/4	1	1	1/24		1/16	2/3	539							
53	53	635/6	635/6	0.16666666666666666	11/24	11/24	Chord	2/4	1	1	1/24		1/16	2/3	540							
53	53	209/2	209/2	0.5	1/8	1/8	Chord	2/4	2	1	1/8		1/8	1	541							
53	53	105	105	0.5	1/4	1/4	Chord	2/4	2	1	1/8		1/8	1	542							
53	53	211/2	211/2	0.5	3/8	3/8	Chord	2/4	2	1	1/8		1/8	1	543							
54	54	106	106	0.16666666666666666	0	0	Chord	2/4	1	1	1/24		1/16	2/3	544							
54	54	637/6	637/6	0.16666666666666666	1/24	1/24	Chord	2/4	1	1	1/24		1/16	2/3	545							
54	54	319/3	319/3	0.16666666666666666	1/12	1/12	Chord	2/4	1	1	1/24		1/16	2/3	546							
54	54	213/2	213/2	0.16666666666666666	1/8	1/8	Chord	2/4	1	1	1/24		1/16	2/3	547							
54	54	320/3	320/3	0.16666666666666666	1/6	1/6	Chord	2/4	1	1	1/24		1/16	2/3	548							
54	54	641/6	641/6	0.16666666666666666	5/24	5/24	Chord	2/4	1	1	1/24		1/16	2/3	549							
54	54	107	107	0.16666666666666666	1/4	1/4	Chord	2/4	1	1	1/24		1/16	2/3	550							
54	54	643/6	643/6	0.16666666666666666	7/24	7/24	Chord	2/4	1	1	1/24		1/16	2/3	551							
54	54	322/3	322/3	0.16666666666666666	1/3	1/3	Chord	2/4	1	1	1/24		1/16	2/3	552							
54	54	215/2	215/2	0.16666666666666666	3/8	3/8	Chord	2/4	1	1	1/24		1/16	2/3	553							
54	54	323/3	323/3	0.16666666666666666	5/12	5/12	Chord	2/4	1	1	1/24		1/16	2/3	554							
54	54	647/6	647/6	0.16666666666666666	11/24	11/24	Chord	2/4	1	1	1/24		1/16	2/3	555							
54	54	213/2	213/2	0.5	1/8	1/8	Chord	2/4	2	1	1/8		1/8	1	556							
54	54	107	107	0.5	1/4	1/4	Chord	2/4	2	1	1/8		1/8	1	557							
54	54	215/2	215/2	0.5	3/8	3/8	Chord	2/4	2	1	1/8		1/8	1	558							
54	54	215/2	215/2	0.5	3/8	3/8	Chord	2/4	2	2	1/8		1/8	1	559							
55	55	108	108	0.16666666666666666	0	0	Chord	2/4	1	1	1/24		1/16	2/3	560							
55	55	649/6	649/6	0.16666666666666666	1/24	1/24	Chord	2/4	1	1	1/24		1/16	2/3	561							
55	55	325/3	325/3	0.16666666666666666	1/12	1/12	Chord	2/4	1	1	1/24		1/16	2/3	562							
55	55	217/2	217/2	0.16666666666666666	1/8	1/8	Chord	2/4	1	1	1/24		1/16	2/3	563							
55	55	326/3	326/3	0.16666666666666666	1/6	1/6	Chord	2/4	1	1	1/24		1/16	2/3	564							
55	55	653/6	653/6	0.16666666666666666	5/24	5/24	Chord	2/4	1	1	1/24		1/16	2/3	565							
55	55	109	109	0.0	1/4	1/4	Chord	2/4	1	1	0	grace16	1/16	2/3	566							
55	55	109	109	0.16666666666666666	1/4	1/4	Chord	2/4	1	1	1/24		1/16	2/3	567							
55	55	655/6	655/6	0.16666666666666666	7/24	7/24	Chord	2/4	1	1	1/24		1/16	2/3	568							
55	55	328/3	328/3	0.16666666666666666	1/3	1/3	Chord	2/4	1	1	1/24		1/16	2/3	569							
55	55	219/2	219/2	0.0	3/8	3/8	Chord	2/4	1	1	0	grace16	1/16	2/3	570							
55	55	219/2	219/2	0.16666666666666666	3/8	3/8	Chord	2/4	1	1	1/24		1/16	2/3	571							
55	55	329/3	329/3	0.16666666666666666	5/12	5/12	Chord	2/4	1	1	1/24		1/16	2/3	572							
55	55	659/6	659/6	0.16666666666666666	11/24	11/24	Chord	2/4	1	1	1/24		1/16	2/3	573							
55	55	108	108	0.5	0	0	Chord	2/4	2	1	1/8		1/8	1	574							
55	55	217/2	217/2	0.5	1/8	1/8	Chord	2/4	2	1	1/8		1/8	1	575							
55	55	109	109	0.5	1/4	1/4	Chord	2/4	2	1	1/8		1/8	1	576							
55	55	219/2	219/2	0.5	3/8	3/8	Chord	2/4	2	1	1/8		1/8	1	577							
55	55	108	108	0.5	0	0	Chord	2/4	2	2	1/8		1/8	1	578							
56	56	110	110	0.16666666666666666	0	0	Chord	2/4	1	1	1/24		1/16	2/3	579							
56	56	661/6	661/6	0.16666666666666666	1/24	1/24	Chord	2/4	1	1	1/24		1/16	2/3	580							
56	56	331/3	331/3	0.16666666666666666	1/12	1/12	Chord	2/4	1	1	1/24		1/16	2/3	581							
56	56	221/2	221/2	0.16666666666666666	1/8	1/8	Chord	2/4	1	1	1/24		1/16	2/3	582							
56	56	332/3	332/3	0.16666666666666666	1/6	1/6	Chord	2/4	1	1	1/24		1/16	2/3	583							
56	56	665/6	665/6	0.16666666666666666	5/24	5/24	Chord	2/4	1	1	1/24		1/16	2/3	584							
56	56	111	111	0.5	1/4	1/4	Chord	2/4	1	1	1/8		1/8	1	585							
56	56	110	110	1.0	0	0	Chord	2/4	2	1	1/4		1/4	1	586							
57	57	112	112	0.16666666666666666	0	0	Chord	2/4	1	1	1/24		1/16	2/3	587							
57	57	673/6	673/6	0.16666666666666666	1/24	1/24	Chord	2/4	1	1	1/24		1/16	2/3	588							
57	57	337/3	337/3	0.16666666666666666	1/12	1/12	Chord	2/4	1	1	1/24		1/16	2/3	589							
57	57	225/2	225/2	0.16666666666666666	1/8	1/8	Chord	2/4	1	1	1/24		1/16	2/3	590							
57	57	338/3	338/3	0.16666666666666666	1/6	1/6	Chord	2/4	1	1	1/24		1/16	2/3	591							
57	57	677/6	677/6	0.16666666666666666	5/24	5/24	Chord	2/4	1	1	1/24		1/16	2/3	592							
57	57	113	113	0.16666666666666666	1/4	1/4	Chord	2/4	1	1	1/24		1/16	2/3	593							
57	57	679/6	679/6	0.16666666666666666	7/24	7/24	Chord	2/4	1	1	1/24		1/16	2/3	594							
57	57	340/3	340/3	0.16666666666666666	1/3	1/3	Chord	2/4	1	1	1/24		1/16	2/3	595							
57	57	227/2	227/2	0.0	3/8	3/8	Chord	2/4	1	1	0	grace16	1/16	2/3	596							
57	57	227/2	227/2	0.16666666666666666	3/8	3/8	Chord	2/4	1	1	1/24		1/16	2/3	597							
57	57	341/3	341/3	0.16666666666666666	5/12	5/12	Chord	2/4	1	1	1/24		1/16	2/3	598							
57	57	683/6	683/6	0.16666666666666666	11/24	11/24	Chord	2/4	1	1	1/24		1/16	2/3	599							
57	57	225/2	225/2	0.5	1/8	1/8	Chord	2/4	2	1	1/8		1/8	1	600							
57	57	113	113	0.5	1/4	1/4	Chord	2/4	2	1	1/8		1/8	1	601							
57	57	227/2	227/2	0.5	3/8	3/8	Chord	2/4	2	1	1/8		1/8	1	602							
58	58	114	114	0.0	0	0	Chord	2/4	1	1	0	grace16	1/16	2/3	603							
58	58	114	114	0.16666666666666666	0	0	Chord	2/4	1	1	1/24		1/16	2/3	604							
58	58	685/6	685/6	0.16666666666666666	1/24	1/24	Chord	2/4	1	1	1/24		1/16	2/3	605							
58	58	343/3	343/3	0.16666666666666666	1/12	1/12	Chord	2/4	1	1	1/24		1/16	2/3	606							
58	58	229/2	229/2	0.0	1/8	1/8	Chord	2/4	1	1	0	grace16	1/16	2/3	607							
58	58	229/2	229/2	0.16666666666666666	1/8	1/8	Chord	2/4	1	1	1/24		1/16	2/3	608							
58	58	344/3	344/3	0.16666666666666666	1/6	1/6	Chord	2/4	1	1	1/24		1/16	2/3	609							
58	58	689/6	689/6	0.16666666666666666	5/24	5/24	Chord	2/4	1	1	1/24		1/16	2/3	610							
58	58	115	115	0.16666666666666666	1/4	1/4	Chord	2/4	1	1	1/24		1/16	2/3	611							
58	58	691/6	691/6	0.16666666666666666	7/24	7/24	Chord	2/4	1	1	1/24		1/16	2/3	612							
58	58	346/3	346/3	0.16666666666666666	1/3	1/3	Chord	2/4	1	1	1/24		1/16	2/3	613							
58	58	231/2	231/2	0.16666666666666666	3/8	3/8	Chord	2/4	1	1	1/24		1/16	2/3	614							
58	58	347/3	347/3	0.16666666666666666	5/12	5/12	Chord	2/4	1	1	1/24		1/16	2/3	615							
58	58	695/6	695/6	0.16666666666666666	11/24	11/24	Chord	2/4	1	1	1/24		1/16	2/3	616							
58	58	229/2	229/2	0.5	1/8	1/8	Chord	2/4	2	1	1/8		1/8	1	617							
58	58	115	115	0.5	1/4	1/4	Chord	2/4	2	1	1/8		1/8	1	618							
58	58	231/2	231/2	0.5	3/8	3/8	Chord	2/4	2	1	1/8		1/8	1	619							
59	59	116	116	0.16666666666666666	0	0	Chord	2/4	1	1	1/24		1/16	2/3	620							
59	59	697/6	697/6	0.16666666666666666	1/24	1/24	Chord	2/4	1	1	1/24		1/16	2/3	621							
59	59	349/3	349/3	0.16666666666666666	1/12	1/12	Chord	2/4	1	1	1/24		1/16	2/3	622							
59	59	233/2	233/2	0.16666666666666666	1/8	1/8	Chord	2/4	1	1	1/24		1/16	2/3	623							
59	59	350/3	350/3	0.16666666666666666	1/6	1/6	Chord	2/4	1	1	1/24		1/16	2/3	624							
59	59	701/6	701/6	0.16666666666666666	5/24	5/24	Chord	2/4	1	1	1/24		1/16	2/3	625							
59	59	117	117	0.16666666666666666	1/4	1/4	Chord	2/4	1	1	1/24		1/16	2/3	626							
59	59	703/6	703/6	0.16666666666666666	7/24	7/24	Chord	2/4	1	1	1/24		1/16	2/3	627							
59	59	352/3	352/3	0.16666666666666666	1/3	1/3	Chord	2/4	1	1	1/24		1/16	2/3	628							
59	59	235/2	235/2	0.16666666666666666	3/8	3/8	Chord	2/4	1	1	1/24		1/16	2/3	629							
59	59	353/3	353/3	0.16666666666666666	5/12	5/12	Chord	2/4	1	1	1/24		1/16	2/3	630							
59	59	707/6	707/6	0.16666666666666666	11/24	11/24	Chord	2/4	1	1	1/24		1/16	2/3	631							
59	59	233/2	233/2	0.5	1/8	1/8	Chord	2/4	2	1	1/8		1/8	1	632							
59	59	117	117	0.5	1/4	1/4	Chord	2/4	2	1	1/8		1/8	1	633							
59	59	235/2	235/2	0.5	3/8	3/8	Chord	2/4	2	1	1/8		1/8	1	634							
60	60	118	118	0.16666666666666666	0	0	Chord	2/4	1	1	1/24		1/16	2/3	635							
60	60	709/6	709/6	0.16666666666666666	1/24	1/24	Chord	2/4	1	1	1/24		1/16	2/3	636							
60	60	355/3	355/3	0.16666666666666666	1/12	1/12	Chord	2/4	1	1	1/24		1/16	2/3	637							
60	60	237/2	237/2	0.16666666666666666	1/8	1/8	Chord	2/4	1	1	1/24		1/16	2/3	638							
60	60	356/3	356/3	0.16666666666666666	1/6	1/6	Chord	2/4	1	1	1/24		1/16	2/3	639							
60	60	713/6	713/6	0.16666666666666666	5/24	5/24	Chord	2/4	1	1	1/24		1/16	2/3	640							
60	60	119	119	0.0	1/4	1/4	Chord	2/4	1	1	0	grace16	1/16	2/3	641							
60	60	119	119	0.16666666666666666	1/4	1/4	Chord	2/4	1	1	1/24		1/16	2/3	642							
60	60	715/6	715/6	0.16666666666666666	7/24	7/24	Chord	2/4	1	1	1/24		1/16	2/3	643							
60	60	358/3	358/3	0.16666666666666666	1/3	1/3	Chord	2/4	1	1	1/24		1/16	2/3	644							
60	60	239/2	239/2	0.0	3/8	3/8	Chord	2/4	1	1	0	grace16	1/16	2/3	645							
60	60	239/2	239/2	0.16666666666666666	3/8	3/8	Chord	2/4	1	1	1/24		1/16	2/3	646							
60	60	359/3	359/3	0.16666666666666666	5/12	5/12	Chord	2/4	1	1	1/24		1/16	2/3	647							
60	60	719/6	719/6	0.16666666666666666	11/24	11/24	Chord	2/4	1	1	1/24		1/16	2/3	648							
60	60	237/2	237/2	0.5	1/8	1/8	Chord	2/4	2	1	1/8		1/8	1	649							
60	60	119	119	0.5	1/4	1/4	Chord	2/4	2	1	1/8		1/8	1	650							
60	60	239/2	239/2	0.5	3/8	3/8	Chord	2/4	2	1	1/8		1/8	1	651							
61	61	120	120	0.16666666666666666	0	0	Chord	2/4	1	1	1/24		1/16	2/3	652							
61	61	721/6	721/6	0.16666666666666666	1/24	1/24	Chord	2/4	1	1	1/24		1/16	2/3	653							
61	61	361/3	361/3	0.16666666666666666	1/12	1/12	Chord	2/4	1	1	1/24		1/16	2/3	654							
61	61	241/2	241/2	0.16666666666666666	1/8	1/8	Chord	2/4	1	1	1/24		1/16	2/3	655							
61	61	362/3	362/3	0.16666666666666666	1/6	1/6	Chord	2/4	1	1	1/24		1/16	2/3	656							
61	61	725/6	725/6	0.16666666666666666	5/24	5/24	Chord	2/4	1	1	1/24		1/16	2/3	657							
61	61	121	121	0.16666666666666666	1/4	1/4	Chord	2/4	1	1	1/24		1/16	2/3	658							
61	61	727/6	727/6	0.16666666666666666	7/24	7/24	Chord	2/4	1	1	1/24		1/16	2/3	659							
61	61	364/3	364/3	0.16666666666666666	1/3	1/3	Chord	2/4	1	1	1/24		1/16	2/3	660							
61	61	243/2	243/2	0.16666666666666666	3/8	3/8	Chord	2/4	1	1	1/24		1/16	2/3	661							
61	61	365/3	365/3	0.16666666666666666	5/12	5/12	Chord	2/4	1	1	1/24		1/16	2/3	662							
61	61	731/6	731/6	0.16666666666666666	11/24	11/24	Chord	2/4	1	1	1/24		1/16	2/3	663							
61	61	241/2	241/2	0.5	1/8	1/8	Chord	2/4	2	1	1/8		1/8	1	664							
61	61	121	121	0.5	1/4	1/4	Chord	2/4	2	1	1/8		1/8	1	665							
61	61	243/2	243/2	0.5	3/8	3/8	Chord	2/4	2	1	1/8		1/8	1	666							
62	62	122	122	0.16666666666666666	0	0	Chord	2/4	1	1	1/24		1/16	2/3	667							
62	62	733/6	733/6	0.16666666666666666	1/24	1/24	Chord	2/4	1	1	1/24		1/16	2/3	668							
62	62	367/3	367/3	0.16666666666666666	1/12	1/12	Chord	2/4	1	1	1/24		1/16	2/3	669							
62	62	245/2	245/2	0.16666666666666666	1/8	1/8	Chord	2/4	1	1	1/24		1/16	2/3	670							
62	62	368/3	368/3	0.16666666666666666	1/6	1/6	Chord	2/4	1	1	1/24		1/16	2/3	671							
62	62	737/6	737/6	0.16666666666666666	5/24	5/24	Chord	2/4	1	1	1/24		1/16	2/3	672							
62	62	123	123	0.0	1/4	1/4	Chord	2/4	1	1	0	grace16	1/16	2/3	673							
62	62	123	123	0.16666666666666666	1/4	1/4	Chord	2/4	1	1	1/24		1/16	2/3	674							
62	62	739/6	739/6	0.16666666666666666	7/24	7/24	Chord	2/4	1	1	1/24		1/16	2/3	675							
62	62	370/3	370/3	0.16666666666666666	1/3	1/3	Chord	2/4	1	1	1/24		1/16	2/3	676							
62	62	247/2	247/2	0.16666666666666666	3/8	3/8	Chord	2/4	1	1	1/24		1/16	2/3	677							
62	62	371/3	371/3	0.16666666666666666	5/12	5/12	Chord	2/4	1	1	1/24		1/16	2/3	678							
62	62	743/6	743/6	0.16666666666666666	11/24	11/24	Chord	2/4	1	1	1/24		1/16	2/3	679							
62	62	245/2	245/2	0.5	1/8	1/8	Chord	2/4	2	1	1/8		1/8	1	680							
62	62	123	123	0.5	1/4	1/4	Chord	2/4	2	1	1/8		1/8	1	681							
62	62	247/2	247/2	0.5	3/8	3/8	Chord	2/4	2	1	1/8		1/8	1	682							
63	63	124	124	0.16666666666666666	0	0	Chord	2/4	1	1	1/24		1/16	2/3	683							
63	63	745/6	745/6	0.16666666666666666	1/24	1/24	Chord	2/4	1	1	1/24		1/16	2/3	684							
63	63	373/3	373/3	0.16666666666666666	1/12	1/12	Chord	2/4	1	1	1/24		1/16	2/3	685							
63	63	249/2	249/2	0.16666666666666666	1/8	1/8	Chord	2/4	1	1	1/24		1/16	2/3	686							
63	63	374/3	374/3	0.16666666666666666	1/6	1/6	Chord	2/4	1	1	1/24		1/16	2/3	687							
63	63	749/6	749/6	0.16666666666666666	5/24	5/24	Chord	2/4	1	1	1/24		1/16	2/3	688							
63	63	125	125	0.16666666666666666	1/4	1/4	Chord	2/4	1	1	1/24		1/16	2/3	689							
63	63	751/6	751/6	0.16666666666666666	7/24	7/24	Chord	2/4	1	1	1/24		1/16	2/3	690							
63	63	376/3	376/3	0.16666666666666666	1/3	1/3	Chord	2/4	1	1	1/24		1/16	2/3	691							
63	63	251/2	251/2	0.16666666666666666	3/8	3/8	Chord	2/4	1	1	1/24		1/16	2/3	692							
63	63	377/3	377/3	0.16666666666666666	5/12	5/12	Chord	2/4	1	1	1/24		1/16	2/3	693							
63	63	755/6	755/6	0.16666666666666666	11/24	11/24	Chord	2/4	1	1	1/24		1/16	2/3	694							
63	63	124	124	0.5	0	0	Chord	2/4	2	1	1/8		1/8	1	695							
63	63	249/2	249/2	0.5	1/8	1/8	Chord	2/4	2	1	1/8		1/8	1	696							
63	63	125	125	0.5	1/4	1/4	Chord	2/4	2	1	1/8		1/8	1	697							
63	63	251/2	251/2	0.5	3/8	3/8	Chord	2/4	2	1	1/8		1/8	1	698							
63	63	124	124	1.0	0	0	Chord	2/4	2	2	1/4		1/4	1	699							
63	63	125	125	1.0	1/4	1/4	Chord	2/4	2	2	1/4		1/4	1	700							
64	64	757/6	757/6	0.16666666666666666	1/24	1/24	Chord	2/4	1	1	1/24		1/16	2/3	701							
64	64	379/3	379/3	0.16666666666666666	1/12	1/12	Chord	2/4	1	1	1/24		1/16	2/3	702							
64	64	253/2	253/2	0.16666666666666666	1/8	1/8	Chord	2/4	1	1	1/24		1/16	2/3	703							
64	64	380/3	380/3	0.16666666666666666	1/6	1/6	Chord	2/4	1	1	1/24		1/16	2/3	704							
64	64	761/6	761/6	0.16666666666666666	5/24	5/24	Chord	2/4	1	1	1/24		1/16	2/3	705							
64	64	127	127	0.5	1/4	1/4	Chord	2/4	1	1	1/8		1/8	1	706							
64	64	126	126	1.0	0	0	Chord	2/4	2	1	1/4		1/4	1	707							
64	64	126	126	1.0	0	0	Chord	2/4	2	2	1/4		1/4	1	708							
65	65	128	128	0.0	0	0	StaffText	2/4	1	1	0							Var. 4				
65	65	128	128	0.25	0	0	Chord	2/4	1	1	1/16		1/16	1	709							
65	65	513/4	513/4	0.125	1/16	1/16	Chord	2/4	1	1	1/32		1/32	1	710							
65	65	1027/8	1027/8	0.125	3/32	3/32	Chord	2/4	1	1	1/32		1/32	1	711							
65	65	129	129	0.0	1/4	1/4	Chord	2/4	1	1	0	grace16	1/16	1	712							
65	65	129	129	0.25	1/4	1/4	Chord	2/4	1	1	1/16		1/16	1	713							
65	65	517/4	517/4	0.125	5/16	5/16	Chord	2/4	1	1	1/32		1/32	1	714							
65	65	1035/8	1035/8	0.125	11/32	11/32	Chord	2/4	1	1	1/32		1/32	1	715							
65	65	128	128	0.16666666666666666	0	0	Chord	2/4	2	1	1/24		1/16	2/3	716							
65	65	769/6	769/6	0.16666666666666666	1/24	1/24	Chord	2/4	2	1	1/24		1/16	2/3	717							
65	65	385/3	385/3	0.16666666666666666	1/12	1/12	Chord	2/4	2	1	1/24		1/16	2/3	718							
65	65	257/2	257/2	0.16666666666666666	1/8	1/8	Chord	2/4	2	1	1/24		1/16	2/3	719							
65	65	386/3	386/3	0.16666666666666666	1/6	1/6	Chord	2/4	2	1	1/24		1/16	2/3	720							
65	65	773/6	773/6	0.16666666666666666	5/24	5/24	Chord	2/4	2	1	1/24		1/16	2/3	721							
65	65	129	129	0.16666666666666666	1/4	1/4	Chord	2/4	2	1	1/24		1/16	2/3	722							
65	65	775/6	775/6	0.16666666666666666	7/24	7/24	Chord	2/4	2	1	1/24		1/16	2/3	723							
65	65	388/3	388/3	0.16666666666666666	1/3	1/3	Chord	2/4	2	1	1/24		1/16	2/3	724							
65	65	259/2	259/2	0.16666666666666666	3/8	3/8	Chord	2/4	2	1	1/24		1/16	2/3	725							
65	65	389/3	389/3	0.16666666666666666	5/12	5/12	Chord	2/4	2	1	1/24		1/16	2/3	726							
65	65	779/6	779/6	0.16666666666666666	11/24	11/24	Chord	2/4	2	1	1/24		1/16	2/3	727							
66	66	130	130	0.0	0	0	Chord	2/4	1	1	0	grace16	1/16	1	728							
66	66	130	130	0.25	0	0	Chord	2/4	1	1	1/16		1/16	1	729							
66	66	521/4	521/4	0.125	1/16	1/16	Chord	2/4	1	1	1/32		1/32	1	730							
66	66	1043/8	1043/8	0.125	3/32	3/32	Chord	2/4	1	1	1/32		1/32	1	731							
66	66	131	131	0.0	1/4	1/4	Chord	2/4	1	1	0	grace16	1/16	1	732							
66	66	131	131	0.25	1/4	1/4	Chord	2/4	1	1	1/16		1/16	1	733							
66	66	525/4	525/4	0.125	5/16	5/16	Chord	2/4	1	1	1/32		1/32	1	734							
66	66	1051/8	1051/8	0.125	11/32	11/32	Chord	2/4	1	1	1/32		1/32	1	735							
66	66	130	130	0.16666666666666666	0	0	Chord	2/4	2	1	1/24		1/16	2/3	736							
66	66	781/6	781/6	0.16666666666666666	1/24	1/24	Chord	2/4	2	1	1/24		1/16	2/3	737							
66	66	391/3	391/3	0.16666666666666666	1/12	1/12	Chord	2/4	2	1	1/24		1/16	2/3	738							
66	66	261/2	261/2	0.16666666666666666	1/8	1/8	Chord	2/4	2	1	1/24		1/16	2/3	739							
66	66	392/3	392/3	0.16666666666666666	1/6	1/6	Chord	2/4	2	1	1/24		1/16	2/3	740							
66	66	785/6	785/6	0.16666666666666666	5/24	5/24	Chord	2/4	2	1	1/24		1/16	2/3	741							
66	66	131	131	0.16666666666666666	1/4	1/4	Chord	2/4	2	1	1/24		1/16	2/3	742							
66	66	787/6	787/6	0.16666666666666666	7/24	7/24	Chord	2/4	2	1	1/24		1/16	2/3	743							
66	66	394/3	394/3	0.16666666666666666	1/3	1/3	Chord	2/4	2	1	1/24		1/16	2/3	744							
66	66	263/2	263/2	0.16666666666666666	3/8	3/8	Chord	2/4	2	1	1/24		1/16	2/3	745							
66	66	395/3	395/3	0.16666666666666666	5/12	5/12	Chord	2/4	2	1	1/24		1/16	2/3	746							
66	66	791/6	791/6	0.16666666666666666	11/24	11/24	Chord	2/4	2	1	1/24		1/16	2/3	747							
67	67	132	132	0.25	0	0	Chord	2/4	1	1	1/16		1/16	1	748							
67	67	529/4	529/4	0.125	1/16	1/16	Chord	2/4	1	1	1/32		1/32	1	749							
67	67	1059/8	1059/8	0.125	3/32	3/32	Chord	2/4	1	1	1/32		1/32	1	750							
67	67	133	133	0.25	1/4	1/4	Chord	2/4	1	1	1/16		1/16	1	751							
67	67	533/4	533/4	0.125	5/16	5/16	Chord	2/4	1	1	1/32		1/32	1	752							
67	67	1067/8	1067/8	0.125	11/32	11/32	Chord	2/4	1	1	1/32		1/32	1	753							
67	67	132	132	0.16666666666666666	0	0	Chord	2/4	2	1	1/24		1/16	2/3	754							
67	67	793/6	793/6	0.16666666666666666	1/24	1/24	Chord	2/4	2	1	1/24		1/16	2/3	755							
67	67	397/3	397/3	0.16666666666666666	1/12	1/12	Chord	2/4	2	1	1/24		1/16	2/3	756							
67	67	265/2	265/2	0.16666666666666666	1/8	1/8	Chord	2/4	2	1	1/24		1/16	2/3	757							
67	67	398/3	398/3	0.16666666666666666	1/6	1/6	Chord	2/4	2	1	1/24		1/16	2/3	758							
67	67	797/6	797/6	0.16666666666666666	5/24	5/24	Chord	2/4	2	1	1/24		1/16	2/3	759							
67	67	133	133	0.16666666666666666	1/4	1/4	Chord	2/4	2	1	1/24		1/16	2/3	760							
67	67	799/6	799/6	0.16666666666666666	7/24	7/24	Chord	2/4	2	1	1/24		1/16	2/3	761							
67	67	400/3	400/3	0.16666666666666666	1/3	1/3	Chord	2/4	2	1	1/24		1/16	2/3	762							
67	67	267/2	267/2	0.16666666666666666	3/8	3/8	Chord	2/4	2	1	1/24		1/16	2/3	763							
67	67	401/3	401/3	0.16666666666666666	5/12	5/12	Chord	2/4	2	1	1/24		1/16	2/3	764							
67	67	803/6	803/6	0.16666666666666666	11/24	11/24	Chord	2/4	2	1	1/24		1/16	2/3	765							
68	68	134	134	0.0	0	0	Chord	2/4	1	1	0	grace16	1/16	1	766							
68	68	134	134	0.25	0	0	Chord	2/4	1	1	1/16		1/16	1	767							
68	68	537/4	537/4	0.125	1/16	1/16	Chord	2/4	1	1	1/32		1/32	1	768							
68	68	1075/8	1075/8	0.125	3/32	3/32	Chord	2/4	1	1	1/32		1/32	1	769							
68	68	135	135	0.0	1/4	1/4	Chord	2/4	1	1	0	grace16	1/16	1	770							
68	68	135	135	0.25	1/4	1/4	Chord	2/4	1	1	1/16		1/16	1	771							
68	68	541/4	541/4	0.125	5/16	5/16	Chord	2/4	1	1	1/32		1/32	1	772							
68	68	1083/8	1083/8	0.125	11/32	11/32	Chord	2/4	1	1	1/32		1/32	1	773							
68	68	134	134	0.16666666666666666	0	0	Chord	2/4	2	1	1/24		1/16	2/3	774							
68	68	805/6	805/6	0.16666666666666666	1/24	1/24	Chord	2/4	2	1	1/24		1/16	2/3	775							
68	68	403/3	403/3	0.16666666666666666	1/12	1/12	Chord	2/4	2	1	1/24		1/16	2/3	776							
68	68	269/2	269/2	0.16666666666666666	1/8	1/8	Chord	2/4	2	1	1/24		1/16	2/3	777							
68	68	404/3	404/3	0.16666666666666666	1/6	1/6	Chord	2/4	2	1	1/24		1/16	2/3	778							
68	68	809/6	809/6	0.16666666666666666	5/24	5/24	Chord	2/4	2	1	1/24		1/16	2/3	779							
68	68	135	135	0.16666666666666666	1/4	1/4	Chord	2/4	2	1	1/24		1/16	2/3	780							
68	68	811/6	811/6	0.16666666666666666	7/24	7/24	Chord	2/4	2	1	1/24		1/16	2/3	781							
68	68	406/3	406/3	0.16666666666666666	1/3	1/3	Chord	2/4	2	1	1/24		1/16	2/3	782							
68	68	271/2	271/2	0.16666666666666666	3/8	3/8	Chord	2/4	2	1	1/24		1/16	2/3	783							
68	68	407/3	407/3	0.16666666666666666	5/12	5/12	Chord	2/4	2	1	1/24		1/16	2/3	784							
68	68	815/6	815/6	0.16666666666666666	11/24	11/24	Chord	2/4	2	1	1/24		1/16	2/3	785							
69	69	136	136	0.16666666666666666	0	0	Chord	2/4	1	1	1/24		1/16	2/3	786							
69	69	817/6	817/6	0.16666666666666666	1/24	1/24	Chord	2/4	1	1	1/24		1/16	2/3	787							
69	69	409/3	409/3	0.16666666666666666	1/12	1/12	Chord	2/4	1	1	1/24		1/16	2/3	788							
69	69	273/2	273/2	0.5	1/8	1/8	Chord	2/4	1	1	1/8		1/8	1	789							
69	69	137	137	0.16666666666666666	1/4	1/4	Chord	2/4	1	1	1/24		1/16	2/3	790							
69	69	823/6	823/6	0.16666666666666666	7/24	7/24	Chord	2/4	1	1	1/24		1/16	2/3	791							
69	69	412/3	412/3	0.16666666666666666	1/3	1/3	Chord	2/4	1	1	1/24		1/16	2/3	792							
69	69	275/2	275/2	0.16666666666666666	3/8	3/8	Chord	2/4	1	1	1/24		1/16	2/3	793							
69	69	413/3	413/3	0.16666666666666666	5/12	5/12	Chord	2/4	1	1	1/24		1/16	2/3	794							
69	69	827/6	827/6	0.16666666666666666	11/24	11/24	Chord	2/4	1	1	1/24		1/16	2/3	795							
69	69	136	136	0.16666666666666666	0	0	Chord	2/4	2	1	1/24		1/16	2/3	796							
69	69	817/6	817/6	0.16666666666666666	1/24	1/24	Chord	2/4	2	1	1/24		1/16	2/3	797							
69	69	409/3	409/3	0.16666666666666666	1/12	1/12	Chord	2/4	2	1	1/24		1/16	2/3	798							
69	69	273/2	273/2	0.16666666666666666	1/8	1/8	Chord	2/4	2	1	1/24		1/16	2/3	799							
69	69	410/3	410/3	0.16666666666666666	1/6	1/6	Chord	2/4	2	1	1/24		1/16	2/3	800							
69	69	821/6	821/6	0.16666666666666666	5/24	5/24	Chord	2/4	2	1	1/24		1/16	2/3	801							
69	69	137	137	0.16666666666666666	1/4	1/4	Chord	2/4	2	1	1/24		1/16	2/3	802							
69	69	823/6	823/6	0.16666666666666666	7/24	7/24	Chord	2/4	2	1	1/24		1/16	2/3	803							
69	69	412/3	412/3	0.16666666666666666	1/3	1/3	Chord	2/4	2	1	1/24		1/16	2/3	804							
69	69	275/2	275/2	0.16666666666666666	3/8	3/8	Chord	2/4	2	1	1/24		1/16	2/3	805							
69	69	413/3	413/3	0.16666666666666666	5/12	5/12	Chord	2/4	2	1	1/24		1/16	2/3	806							
69	69	827/6	827/6	0.16666666666666666	11/24	11/24	Chord	2/4	2	1	1/24		1/16	2/3	807							
70	70	138	138	1.0	0	0	Chord	2/4	1	1	1/4		1/4	1	808							
70	70	139	139	0.5	1/4	1/4	Chord	2/4	1	1	1/8		1/8	1	809							
70	70	279/2	279/2	0.5	3/8	3/8	Chord	2/4	1	1	1/8		1/8	1	810		ornamentTrill					
70	70	138	138	0.16666666666666666	0	0	Chord	2/4	2	1	1/24		1/16	2/3	811							
70	70	829/6	829/6	0.16666666666666666	1/24	1/24	Chord	2/4	2	1	1/24		1/16	2/3	812							
70	70	415/3	415/3	0.16666666666666666	1/12	1/12	Chord	2/4	2	1	1/24		1/16	2/3	813							
70	70	277/2	277/2	0.16666666666666666	1/8	1/8	Chord	2/4	2	1	1/24		1/16	2/3	814							
70	70	416/3	416/3	0.16666666666666666	1/6	1/6	Chord	2/4	2	1	1/24		1/16	2/3	815							
70	70	833/6	833/6	0.16666666666666666	5/24	5/24	Chord	2/4	2	1	1/24		1/16	2/3	816							
70	70	139	139	0.16666666666666666	1/4	1/4	Chord	2/4	2	1	1/24		1/16	2/3	817							
70	70	835/6	835/6	0.16666666666666666	7/24	7/24	Chord	2/4	2	1	1/24		1/16	2/3	818							
70	70	418/3	418/3	0.16666666666666666	1/3	1/3	Chord	2/4	2	1	1/24		1/16	2/3	819							
70	70	279/2	279/2	0.16666666666666666	3/8	3/8	Chord	2/4	2	1	1/24		1/16	2/3	820							
70	70	419/3	419/3	0.16666666666666666	5/12	5/12	Chord	2/4	2	1	1/24		1/16	2/3	821							
70	70	839/6	839/6	0.16666666666666666	11/24	11/24	Chord	2/4	2	1	1/24		1/16	2/3	822							
71	71	140	140	0.16666666666666666	0	0	Chord	2/4	1	1	1/24		1/16	2/3	823							
71	71	841/6	841/6	0.16666666666666666	1/24	1/24	Chord	2/4	1	1	1/24		1/16	2/3	824							
71	71	421/3	421/3	0.16666666666666666	1/12	1/12	Chord	2/4	1	1	1/24		1/16	2/3	825							
71	71	281/2	281/2	0.16666666666666666	1/8	1/8	Chord	2/4	1	1	1/24		1/16	2/3	826							
71	71	422/3	422/3	0.16666666666666666	1/6	1/6	Chord	2/4	1	1	1/24		1/16	2/3	827							
71	71	845/6	845/6	0.16666666666666666	5/24	5/24	Chord	2/4	1	1	1/24		1/16	2/3	828							
71	71	141	141	0.16666666666666666	1/4	1/4	Chord	2/4	1	1	1/24		1/16	2/3	829							
71	71	847/6	847/6	0.16666666666666666	7/24	7/24	Chord	2/4	1	1	1/24		1/16	2/3	830							
71	71	424/3	424/3	0.16666666666666666	1/3	1/3	Chord	2/4	1	1	1/24		1/16	2/3	831							
71	71	283/2	283/2	0.16666666666666666	3/8	3/8	Chord	2/4	1	1	1/24		1/16	2/3	832							
71	71	425/3	425/3	0.16666666666666666	5/12	5/12	Chord	2/4	1	1	1/24		1/16	2/3	833							
71	71	851/6	851/6	0.16666666666666666	11/24	11/24	Chord	2/4	1	1	1/24		1/16	2/3	834							
71	71	140	140	0.16666666666666666	0	0	Chord	2/4	2	1	1/24		1/16	2/3	835							
71	71	841/6	841/6	0.16666666666666666	1/24	1/24	Chord	2/4	2	1	1/24		1/16	2/3	836							
71	71	421/3	421/3	0.16666666666666666	1/12	1/12	Chord	2/4	2	1	1/24		1/16	2/3	837							
71	71	281/2	281/2	0.16666666666666666	1/8	1/8	Chord	2/4	2	1	1/24		1/16	2/3	838							
71	71	422/3	422/3	0.16666666666666666	1/6	1/6	Chord	2/4	2	1	1/24		1/16	2/3	839							
71	71	845/6	845/6	0.16666666666666666	5/24	5/24	Chord	2/4	2	1	1/24		1/16	2/3	840							
71	71	141	141	0.16666666666666666	1/4	1/4	Chord	2/4	2	1	1/24		1/16	2/3	841							
71	71	847/6	847/6	0.16666666666666666	7/24	7/24	Chord	2/4	2	1	1/24		1/16	2/3	842							
71	71	424/3	424/3	0.16666666666666666	1/3	1/3	Chord	2/4	2	1	1/24		1/16	2/3	843							
71	71	283/2	283/2	0.16666666666666666	3/8	3/8	Chord	2/4	2	1	1/24		1/16	2/3	844							
71	71	425/3	425/3	0.16666666666666666	5/12	5/12	Chord	2/4	2	1	1/24		1/16	2/3	845							
71	71	851/6	851/6	0.16666666666666666	11/24	11/24	Chord	2/4	2	1	1/24		1/16	2/3	846							
72	72	142	142	1.0	0	0	Chord	2/4	1	1	1/4		1/4	1	847							
72	72	142	142	1.0	0	0	Chord	2/4	1	2	1/4		1/4	1	848							
72	72	142	142	0.16666666666666666	0	0	Chord	2/4	2	1	1/24		1/16	2/3	849							
72	72	853/6	853/6	0.16666666666666666	1/24	1/24	Chord	2/4	2	1	1/24		1/16	2/3	850							
72	72	427/3	427/3	0.16666666666666666	1/12	1/12	Chord	2/4	2	1	1/24		1/16	2/3	851							
72	72	285/2	285/2	0.16666666666666666	1/8	1/8	Chord	2/4	2	1	1/24		1/16	2/3	852							
72	72	428/3	428/3	0.16666666666666666	1/6	1/6	Chord	2/4	2	1	1/24		1/16	2/3	853							
72	72	857/6	857/6	0.16666666666666666	5/24	5/24	Chord	2/4	2	1	1/24		1/16	2/3	854							
72	72	143	143	0.5	1/4	1/4	Chord	2/4	2	1	1/8		1/8	1	855							
73	73	144	144	0.25	0	0	Chord	2/4	1	1	1/16		1/16	1	856							
73	73	577/4	577/4	0.125	1/16	1/16	Chord	2/4	1	1	1/32		1/32	1	857							
73	73	1155/8	1155/8	0.125	3/32	3/32	Chord	2/4	1	1	1/32		1/32	1	858							
73	73	145	145	0.25	1/4	1/4	Chord	2/4	1	1	1/16		1/16	1	859							
73	73	581/4	581/4	0.125	5/16	5/16	Chord	2/4	1	1	1/32		1/32	1	860							
73	73	1163/8	1163/8	0.125	11/32	11/32	Chord	2/4	1	1	1/32		1/32	1	861							
73	73	144	144	0.16666666666666666	0	0	Chord	2/4	2	1	1/24		1/16	2/3	862							
73	73	865/6	865/6	0.16666666666666666	1/24	1/24	Chord	2/4	2	1	1/24		1/16	2/3	863							
73	73	433/3	433/3	0.16666666666666666	1/12	1/12	Chord	2/4	2	1	1/24		1/16	2/3	864							
73	73	289/2	289/2	0.16666666666666666	1/8	1/8	Chord	2/4	2	1	1/24		1/16	2/3	865							
73	73	434/3	434/3	0.16666666666666666	1/6	1/6	Chord	2/4	2	1	1/24		1/16	2/3	866							
73	73	869/6	869/6	0.16666666666666666	5/24	5/24	Chord	2/4	2	1	1/24		1/16	2/3	867							
73	73	145	145	0.16666666666666666	1/4	1/4	Chord	2/4	2	1	1/24		1/16	2/3	868							
73	73	871/6	871/6	0.16666666666666666	7/24	7/24	Chord	2/4	2	1	1/24		1/16	2/3	869							
73	73	436/3	436/3	0.16666666666666666	1/3	1/3	Chord	2/4	2	1	1/24		1/16	2/3	870							
73	73	291/2	291/2	0.16666666666666666	3/8	3/8	Chord	2/4	2	1	1/24		1/16	2/3	871							
73	73	437/3	437/3	0.16666666666666666	5/12	5/12	Chord	2/4	2	1	1/24		1/16	2/3	872							
73	73	875/6	875/6	0.16666666666666666	11/24	11/24	Chord	2/4	2	1	1/24		1/16	2/3	873							
74	74	146	146	0.25	0	0	Chord	2/4	1	1	1/16		1/16	1	874							
74	74	585/4	585/4	0.125	1/16	1/16	Chord	2/4	1	1	1/32		1/32	1	875							
74	74	1171/8	1171/8	0.125	3/32	3/32	Chord	2/4	1	1	1/32		1/32	1	876							
74	74	147	147	0.25	1/4	1/4	Chord	2/4	1	1	1/16		1/16	1	877							
74	74	589/4	589/4	0.125	5/16	5/16	Chord	2/4	1	1	1/32		1/32	1	878							
74	74	1179/8	1179/8	0.125	11/32	11/32	Chord	2/4	1	1	1/32		1/32	1	879							
74	74	146	146	0.16666666666666666	0	0	Chord	2/4	2	1	1/24		1/16	2/3	880							
74	74	877/6	877/6	0.16666666666666666	1/24	1/24	Chord	2/4	2	1	1/24		1/16	2/3	881							
74	74	439/3	439/3	0.16666666666666666	1/12	1/12	Chord	2/4	2	1	1/24		1/16	2/3	882							
74	74	293/2	293/2	0.16666666666666666	1/8	1/8	Chord	2/4	2	1	1/24		1/16	2/3	883							
74	74	440/3	440/3	0.16666666666666666	1/6	1/6	Chord	2/4	2	1	1/24		1/16	2/3	884							
74	74	881/6	881/6	0.16666666666666666	5/24	5/24	Chord	2/4	2	1	1/24		1/16	2/3	885							
74	74	147	147	0.16666666666666666	1/4	1/4	Chord	2/4	2	1	1/24		1/16	2/3	886							
74	74	883/6	883/6	0.16666666666666666	7/24	7/24	Chord	2/4	2	1	1/24		1/16	2/3	887							
74	74	442/3	442/3	0.16666666666666666	1/3	1/3	Chord	2/4	2	1	1/24		1/16	2/3	888							
74	74	295/2	295/2	0.16666666666666666	3/8	3/8	Chord	2/4	2	1	1/24		1/16	2/3	889							
74	74	443/3	443/3	0.16666666666666666	5/12	5/12	Chord	2/4	2	1	1/24		1/16	2/3	890							
74	74	887/6	887/6	0.16666666666666666	11/24	11/24	Chord	2/4	2	1	1/24		1/16	2/3	891							
75	75	148	148	0.25	0	0	Chord	2/4	1	1	1/16		1/16	1	892							
75	75	593/4	593/4	0.125	1/16	1/16	Chord	2/4	1	1	1/32		1/32	1	893							
75	75	1187/8	1187/8	0.125	3/32	3/32	Chord	2/4	1	1	1/32		1/32	1	894							
75	75	149	149	0.25	1/4	1/4	Chord	2/4	1	1	1/16		1/16	1	895							
75	75	597/4	597/4	0.125	5/16	5/16	Chord	2/4	1	1	1/32		1/32	1	896							
75	75	1195/8	1195/8	0.125	11/32	11/32	Chord	2/4	1	1	1/32		1/32	1	897							
75	75	148	148	0.16666666666666666	0	0	Chord	2/4	2	1	1/24		1/16	2/3	898							
75	75	889/6	889/6	0.16666666666666666	1/24	1/24	Chord	2/4	2	1	1/24		1/16	2/3	899							
75	75	445/3	445/3	0.16666666666666666	1/12	1/12	Chord	2/4	2	1	1/24		1/16	2/3	900							
75	75	297/2	297/2	0.16666666666666666	1/8	1/8	Chord	2/4	2	1	1/24		1/16	2/3	901							
75	75	446/3	446/3	0.16666666666666666	1/6	1/6	Chord	2/4	2	1	1/24		1/16	2/3	902							
75	75	893/6	893/6	0.16666666666666666	5/24	5/24	Chord	2/4	2	1	1/24		1/16	2/3	903							
75	75	149	149	0.16666666666666666	1/4	1/4	Chord	2/4	2	1	1/24		1/16	2/3	904							
75	75	895/6	895/6	0.16666666666666666	7/24	7/24	Chord	2/4	2	1	1/24		1/16	2/3	905							
75	75	448/3	448/3	0.16666666666666666	1/3	1/3	Chord	2/4	2	1	1/24		1/16	2/3	906							
75	75	299/2	299/2	0.16666666666666666	3/8	3/8	Chord	2/4	2	1	1/24		1/16	2/3	907							
75	75	449/3	449/3	0.16666666666666666	5/12	5/12	Chord	2/4	2	1	1/24		1/16	2/3	908							
75	75	899/6	899/6	0.16666666666666666	11/24	11/24	Chord	2/4	2	1	1/24		1/16	2/3	909							
76	76	150	150	0.25	0	0	Chord	2/4	1	1	1/16		1/16	1	910							
76	76	601/4	601/4	0.125	1/16	1/16	Chord	2/4	1	1	1/32		1/32	1	911							
76	76	1203/8	1203/8	0.125	3/32	3/32	Chord	2/4	1	1	1/32		1/32	1	912							
76	76	151	151	0.25	1/4	1/4	Chord	2/4	1	1	1/16		1/16	1	913							
76	76	605/4	605/4	0.125	5/16	5/16	Chord	2/4	1	1	1/32		1/32	1	914							
76	76	1211/8	1211/8	0.125	11/32	11/32	Chord	2/4	1	1	1/32		1/32	1	915							
76	76	150	150	0.16666666666666666	0	0	Chord	2/4	2	1	1/24		1/16	2/3	916							
76	76	901/6	901/6	0.16666666666666666	1/24	1/24	Chord	2/4	2	1	1/24		1/16	2/3	917							
76	76	451/3	451/3	0.16666666666666666	1/12	1/12	Chord	2/4	2	1	1/24		1/16	2/3	918							
76	76	301/2	301/2	0.16666666666666666	1/8	1/8	Chord	2/4	2	1	1/24		1/16	2/3	919							
76	76	452/3	452/3	0.16666666666666666	1/6	1/6	Chord	2/4	2	1	1/24		1/16	2/3	920							
76	76	905/6	905/6	0.16666666666666666	5/24	5/24	Chord	2/4	2	1	1/24		1/16	2/3	921							
76	76	151	151	0.16666666666666666	1/4	1/4	Chord	2/4	2	1	1/24		1/16	2/3	922							
76	76	907/6	907/6	0.16666666666666666	7/24	7/24	Chord	2/4	2	1	1/24		1/16	2/3	923							
76	76	454/3	454/3	0.16666666666666666	1/3	1/3	Chord	2/4	2	1	1/24		1/16	2/3	924							
76	76	303/2	303/2	0.16666666666666666	3/8	3/8	Chord	2/4	2	1	1/24		1/16	2/3	925							
76	76	455/3	455/3	0.16666666666666666	5/12	5/12	Chord	2/4	2	1	1/24		1/16	2/3	926							
76	76	911/6	911/6	0.16666666666666666	11/24	11/24	Chord	2/4	2	1	1/24		1/16	2/3	927							
77	77	152	152	0.25	0	0	Chord	2/4	1	1	1/16		1/16	1	928							
77	77	609/4	609/4	0.125	1/16	1/16	Chord	2/4	1	1	1/32		1/32	1	929							
77	77	1219/8	1219/8	0.125	3/32	3/32	Chord	2/4	1	1	1/32		1/32	1	930							
77	77	305/2	305/2	0.5	1/8	1/8	Chord	2/4	1	1	1/8		1/8	1	931		ornamentTrill					
77	77	153	153	0.16666666666666666	1/4	1/4	Chord	2/4	1	1	1/24		1/16	2/3	932							
77	77	919/6	919/6	0.16666666666666666	7/24	7/24	Chord	2/4	1	1	1/24		1/16	2/3	933							
77	77	460/3	460/3	0.16666666666666666	1/3	1/3	Chord	2/4	1	1	1/24		1/16	2/3	934							
77	77	307/2	307/2	0.16666666666666666	3/8	3/8	Chord	2/4	1	1	1/24		1/16	2/3	935							
77	77	461/3	461/3	0.16666666666666666	5/12	5/12	Chord	2/4	1	1	1/24		1/16	2/3	936							
77	77	923/6	923/6	0.16666666666666666	11/24	11/24	Chord	2/4	1	1	1/24		1/16	2/3	937							
77	77	152	152	0.16666666666666666	0	0	Chord	2/4	2	1	1/24		1/16	2/3	938							
77	77	913/6	913/6	0.16666666666666666	1/24	1/24	Chord	2/4	2	1	1/24		1/16	2/3	939							
77	77	457/3	457/3	0.16666666666666666	1/12	1/12	Chord	2/4	2	1	1/24		1/16	2/3	940							
77	77	305/2	305/2	0.16666666666666666	1/8	1/8	Chord	2/4	2	1	1/24		1/16	2/3	941							
77	77	458/3	458/3	0.16666666666666666	1/6	1/6	Chord	2/4	2	1	1/24		1/16	2/3	942							
77	77	917/6	917/6	0.16666666666666666	5/24	5/24	Chord	2/4	2	1	1/24		1/16	2/3	943							
77	77	153	153	0.16666666666666666	1/4	1/4	Chord	2/4	2	1	1/24		1/16	2/3	944							
77	77	919/6	919/6	0.16666666666666666	7/24	7/24	Chord	2/4	2	1	1/24		1/16	2/3	945							
77	77	460/3	460/3	0.16666666666666666	1/3	1/3	Chord	2/4	2	1	1/24		1/16	2/3	946							
77	77	307/2	307/2	0.16666666666666666	3/8	3/8	Chord	2/4	2	1	1/24		1/16	2/3	947							
77	77	461/3	461/3	0.16666666666666666	5/12	5/12	Chord	2/4	2	1	1/24		1/16	2/3	948							
77	77	923/6	923/6	0.16666666666666666	11/24	11/24	Chord	2/4	2	1	1/24		1/16	2/3	949							
78	78	154	154	1.0	0	0	Chord	2/4	1	1	1/4		1/4	1	950							
78	78	155	155	0.16666666666666666	1/4	1/4	Chord	2/4	1	1	1/24		1/16	2/3	951							
78	78	931/6	931/6	0.16666666666666666	7/24	7/24	Chord	2/4	1	1	1/24		1/16	2/3	952							
78	78	466/3	466/3	0.16666666666666666	1/3	1/3	Chord	2/4	1	1	1/24		1/16	2/3	953							
78	78	311/2	311/2	0.16666666666666666	3/8	3/8	Chord	2/4	1	1	1/24		1/16	2/3	954							
78	78	467/3	467/3	0.16666666666666666	5/12	5/12	Chord	2/4	1	1	1/24		1/16	2/3	955							
78	78	935/6	935/6	0.16666666666666666	11/24	11/24	Chord	2/4	1	1	1/24		1/16	2/3	956							
78	78	154	154	0.16666666666666666	0	0	Chord	2/4	2	1	1/24		1/16	2/3	957							
78	78	925/6	925/6	0.16666666666666666	1/24	1/24	Chord	2/4	2	1	1/24		1/16	2/3	958							
78	78	463/3	463/3	0.16666666666666666	1/12	1/12	Chord	2/4	2	1	1/24		1/16	2/3	959							
78	78	309/2	309/2	0.16666666666666666	1/8	1/8	Chord	2/4	2	1	1/24		1/16	2/3	960							
78	78	464/3	464/3	0.16666666666666666	1/6	1/6	Chord	2/4	2	1	1/24		1/16	2/3	961							
78	78	929/6	929/6	0.16666666666666666	5/24	5/24	Chord	2/4	2	1	1/24		1/16	2/3	962							
78	78	155	155	0.16666666666666666	1/4	1/4	Chord	2/4	2	1	1/24		1/16	2/3	963							
78	78	931/6	931/6	0.16666666666666666	7/24	7/24	Chord	2/4	2	1	1/24		1/16	2/3	964							
78	78	466/3	466/3	0.16666666666666666	1/3	1/3	Chord	2/4	2	1	1/24		1/16	2/3	965							
78	78	311/2	311/2	0.16666666666666666	3/8	3/8	Chord	2/4	2	1	1/24		1/16	2/3	966							
78	78	467/3	467/3	0.16666666666666666	5/12	5/12	Chord	2/4	2	1	1/24		1/16	2/3	967							
78	78	935/6	935/6	0.16666666666666666	11/24	11/24	Chord	2/4	2	1	1/24		1/16	2/3	968							
79	79	156	156	0.16666666666666666	0	0	Chord	2/4	1	1	1/24		1/16	2/3	969							
79	79	937/6	937/6	0.16666666666666666	1/24	1/24	Chord	2/4	1	1	1/24		1/16	2/3	970							
79	79	469/3	469/3	0.16666666666666666	1/12	1/12	Chord	2/4	1	1	1/24		1/16	2/3	971							
79	79	313/2	313/2	0.16666666666666666	1/8	1/8	Chord	2/4	1	1	1/24		1/16	2/3	972							
79	79	470/3	470/3	0.16666666666666666	1/6	1/6	Chord	2/4	1	1	1/24		1/16	2/3	973							
79	79	941/6	941/6	0.16666666666666666	5/24	5/24	Chord	2/4	1	1	1/24		1/16	2/3	974							
79	79	157	157	0.16666666666666666	1/4	1/4	Chord	2/4	1	1	1/24		1/16	2/3	975							
79	79	943/6	943/6	0.16666666666666666	7/24	7/24	Chord	2/4	1	1	1/24		1/16	2/3	976							
79	79	472/3	472/3	0.16666666666666666	1/3	1/3	Chord	2/4	1	1	1/24		1/16	2/3	977							
79	79	315/2	315/2	0.16666666666666666	3/8	3/8	Chord	2/4	1	1	1/24		1/16	2/3	978							
79	79	473/3	473/3	0.16666666666666666	5/12	5/12	Chord	2/4	1	1	1/24		1/16	2/3	979							
79	79	947/6	947/6	0.16666666666666666	11/24	11/24	Chord	2/4	1	1	1/24		1/16	2/3	980							
79	79	156	156	0.16666666666666666	0	0	Chord	2/4	2	1	1/24		1/16	2/3	981							
79	79	937/6	937/6	0.16666666666666666	1/24	1/24	Chord	2/4	2	1	1/24		1/16	2/3	982							
79	79	469/3	469/3	0.16666666666666666	1/12	1/12	Chord	2/4	2	1	1/24		1/16	2/3	983							
79	79	313/2	313/2	0.16666666666666666	1/8	1/8	Chord	2/4	2	1	1/24		1/16	2/3	984							
79	79	470/3	470/3	0.16666666666666666	1/6	1/6	Chord	2/4	2	1	1/24		1/16	2/3	985							
79	79	941/6	941/6	0.16666666666666666	5/24	5/24	Chord	2/4	2	1	1/24		1/16	2/3	986							
79	79	157	157	0.16666666666666666	1/4	1/4	Chord	2/4	2	1	1/24		1/16	2/3	987							
79	79	943/6	943/6	0.16666666666666666	7/24	7/24	Chord	2/4	2	1	1/24		1/16	2/3	988							
79	79	472/3	472/3	0.16666666666666666	1/3	1/3	Chord	2/4	2	1	1/24		1/16	2/3	989							
79	79	315/2	315/2	0.16666666666666666	3/8	3/8	Chord	2/4	2	1	1/24		1/16	2/3	990							
79	79	473/3	473/3	0.16666666666666666	5/12	5/12	Chord	2/4	2	1	1/24		1/16	2/3	991							
79	79	947/6	947/6	0.16666666666666666	11/24	11/24	Chord	2/4	2	1	1/24		1/16	2/3	992							
80	80	158	158	0.0	0	0	StaffText	2/4	1	1	0							Da Capo fino al Segno				
80	80	158	158	1.0	0	0	Chord	2/4	1	1	1/4		1/4	1	993							
80	80	158	158	0.16666666666666666	0	0	Chord	2/4	2	1	1/24		1/16	2/3	994							
80	80	949/6	949/6	0.16666666666666666	1/24	1/24	Chord	2/4	2	1	1/24		1/16	2/3	995							
80	80	475/3	475/3	0.16666666666666666	1/12	1/12	Chord	2/4	2	1	1/24		1/16	2/3	996							
80	80	317/2	317/2	0.16666666666666666	1/8	1/8	Chord	2/4	2	1	1/24		1/16	2/3	997							
80	80	476/3	476/3	0.16666666666666666	1/6	1/6	Chord	2/4	2	1	1/24		1/16	2/3	998							
80	80	953/6	953/6	0.16666666666666666	5/24	5/24	Chord	2/4	2	1	1/24		1/16	2/3	999							
80	80	159	159	0.5	1/4	1/4	Chord	2/4	2	1	1/8		1/8	1	1000							
