mc	mn	quarterbeats	quarterbeats_all_endings	duration_qb	mc_onset	mn_onset	event	timesig	staff	voice	duration	nominal_duration	scalar	chord_id	staff_text	tempo	qpm	metronome_base	metronome_number	tempo_visible
1	1	0	0	0.0	0	0	Tempo	4/4	1	1	0					ùÖü=96	96.0	ùÖü	96.0	0.0
1	1	0	0	1.0	0	0	Chord	4/4	1	1	1/4	1/4	1	0						
1	1	0	0	1.0	0	0	Chord	4/4	2	1	1/4	1/4	1	1						
1	1	1	1	1.0	1/4	1/4	Chord	4/4	2	1	1/4	1/4	1	2						
1	1	2	2	1.0	1/2	1/2	Chord	4/4	2	1	1/4	1/4	1	3						
1	1	7/2	7/2	0.5	7/8	7/8	Chord	4/4	2	1	1/8	1/8	1	4						
2	2	13/2	13/2	0.25	5/8	5/8	Chord	4/4	1	1	1/16	1/16	1	5						
2	2	27/4	27/4	0.25	11/16	11/16	Chord	4/4	1	1	1/16	1/16	1	6						
2	2	7	7	0.5	3/4	3/4	Chord	4/4	1	1	1/8	1/8	1	7						
2	2	15/2	15/2	0.25	7/8	7/8	Chord	4/4	1	1	1/16	1/16	1	8						
2	2	31/4	31/4	0.25	15/16	15/16	Chord	4/4	1	1	1/16	1/16	1	9						
2	2	4	4	0.5	0	0	Chord	4/4	2	1	1/8	1/8	1	10						
2	2	9/2	9/2	0.5	1/8	1/8	Chord	4/4	2	1	1/8	1/8	1	11						
2	2	5	5	0.5	1/4	1/4	Chord	4/4	2	1	1/8	1/8	1	12						
2	2	11/2	11/2	0.25	3/8	3/8	Chord	4/4	2	1	1/16	1/16	1	13						
2	2	23/4	23/4	0.25	7/16	7/16	Chord	4/4	2	1	1/16	1/16	1	14						
2	2	6	6	0.5	1/2	1/2	Chord	4/4	2	1	1/8	1/8	1	15						
2	2	13/2	13/2	0.5	5/8	5/8	Chord	4/4	2	1	1/8	1/8	1	16						
2	2	7	7	1.0	3/4	3/4	Chord	4/4	2	1	1/4	1/4	1	17						
3	3	8	8	0.5	0	0	Chord	4/4	1	1	1/8	1/8	1	18						
3	3	17/2	17/2	0.25	1/8	1/8	Chord	4/4	1	1	1/16	1/16	1	19						
3	3	35/4	35/4	0.25	3/16	3/16	Chord	4/4	1	1	1/16	1/16	1	20						
3	3	9	9	0.25	1/4	1/4	Chord	4/4	1	1	1/16	1/16	1	21						
3	3	37/4	37/4	0.25	5/16	5/16	Chord	4/4	1	1	1/16	1/16	1	22						
3	3	19/2	19/2	0.25	3/8	3/8	Chord	4/4	1	1	1/16	1/16	1	23						
3	3	39/4	39/4	0.25	7/16	7/16	Chord	4/4	1	1	1/16	1/16	1	24						
3	3	10	10	0.5	1/2	1/2	Chord	4/4	1	1	1/8	1/8	1	25						
3	3	21/2	21/2	0.25	5/8	5/8	Chord	4/4	1	1	1/16	1/16	1	26						
3	3	43/4	43/4	0.25	11/16	11/16	Chord	4/4	1	1	1/16	1/16	1	27						
3	3	11	11	0.5	3/4	3/4	Chord	4/4	1	1	1/8	1/8	1	28						
3	3	23/2	23/2	0.5	7/8	7/8	Chord	4/4	1	1	1/8	1/8	1	29						
3	3	10	10	1.0	1/2	1/2	Chord	4/4	1	2	1/4	1/4	1	30						
3	3	11	11	1.0	3/4	3/4	Chord	4/4	1	2	1/4	1/4	1	31						
3	3	8	8	1.0	0	0	Chord	4/4	2	1	1/4	1/4	1	32						
3	3	9	9	1.0	1/4	1/4	Chord	4/4	2	1	1/4	1/4	1	33						
3	3	10	10	0.5	1/2	1/2	Chord	4/4	2	1	1/8	1/8	1	34						
3	3	21/2	21/2	0.25	5/8	5/8	Chord	4/4	2	1	1/16	1/16	1	35						
3	3	43/4	43/4	0.25	11/16	11/16	Chord	4/4	2	1	1/16	1/16	1	36						
3	3	11	11	0.5	3/4	3/4	Chord	4/4	2	1	1/8	1/8	1	37						
3	3	23/2	23/2	0.5	7/8	7/8	Chord	4/4	2	1	1/8	1/8	1	38						
4	4	12	12	0.5	0	0	Chord	4/4	1	1	1/8	1/8	1	39						
4	4	25/2	25/2	0.5	1/8	1/8	Chord	4/4	1	1	1/8	1/8	1	40						
4	4	13	13	1.0	1/4	1/4	Chord	4/4	1	1	1/4	1/4	1	41						
4	4	14	14	0.5	1/2	1/2	Chord	4/4	1	1	1/8	1/8	1	42						
4	4	29/2	29/2	0.25	5/8	5/8	Chord	4/4	1	1	1/16	1/16	1	43						
4	4	59/4	59/4	0.25	11/16	11/16	Chord	4/4	1	1	1/16	1/16	1	44						
4	4	15	15	1.0	3/4	3/4	Chord	4/4	1	1	1/4	1/4	1	45						
4	4	12	12	1.0	0	0	Chord	4/4	1	2	1/4	1/4	1	46						
4	4	27/2	27/2	0.5	3/8	3/8	Chord	4/4	1	2	1/8	1/8	1	47						
4	4	14	14	0.5	1/2	1/2	Chord	4/4	1	2	1/8	1/8	1	48						
4	4	29/2	29/2	0.5	5/8	5/8	Chord	4/4	1	2	1/8	1/8	1	49						
4	4	15	15	0.5	3/4	3/4	Chord	4/4	1	2	1/8	1/8	1	50						
4	4	31/2	31/2	0.25	7/8	7/8	Chord	4/4	1	2	1/16	1/16	1	51						
4	4	63/4	63/4	0.25	15/16	15/16	Chord	4/4	1	2	1/16	1/16	1	52						
4	4	12	12	1.5	0	0	Chord	4/4	2	1	3/8	1/4	3/2	53						
4	4	27/2	27/2	0.25	3/8	3/8	Chord	4/4	2	1	1/16	1/16	1	54						
4	4	55/4	55/4	0.25	7/16	7/16	Chord	4/4	2	1	1/16	1/16	1	55						
4	4	14	14	1.0	1/2	1/2	Chord	4/4	2	1	1/4	1/4	1	56						
4	4	15	15	1.0	3/4	3/4	Chord	4/4	2	1	1/4	1/4	1	57						
5	5	16	16	0.5	0	0	Chord	4/4	1	1	1/8	1/8	1	58						
5	5	33/2	33/2	0.25	1/8	1/8	Chord	4/4	1	1	1/16	1/16	1	59						
5	5	67/4	67/4	0.25	3/16	3/16	Chord	4/4	1	1	1/16	1/16	1	60						
5	5	17	17	0.5	1/4	1/4	Chord	4/4	1	1	1/8	1/8	1	61						
5	5	35/2	35/2	0.5	3/8	3/8	Chord	4/4	1	1	1/8	1/8	1	62						
5	5	18	18	2.0	1/2	1/2	Chord	4/4	1	1	1/2	1/2	1	63						
5	5	16	16	0.5	0	0	Chord	4/4	1	2	1/8	1/8	1	64						
5	5	33/2	33/2	0.5	1/8	1/8	Chord	4/4	1	2	1/8	1/8	1	65						
5	5	17	17	2.0	1/4	1/4	Chord	4/4	1	2	1/2	1/2	1	66						
5	5	19	19	1.0	3/4	3/4	Chord	4/4	1	2	1/4	1/4	1	67						
5	5	16	16	0.5	0	0	Chord	4/4	2	1	1/8	1/8	1	68						
5	5	33/2	33/2	0.25	1/8	1/8	Chord	4/4	2	1	1/16	1/16	1	69						
5	5	67/4	67/4	0.25	3/16	3/16	Chord	4/4	2	1	1/16	1/16	1	70						
5	5	17	17	0.5	1/4	1/4	Chord	4/4	2	1	1/8	1/8	1	71						
5	5	35/2	35/2	0.25	3/8	3/8	Chord	4/4	2	1	1/16	1/16	1	72						
5	5	71/4	71/4	0.25	7/16	7/16	Chord	4/4	2	1	1/16	1/16	1	73						
5	5	18	18	0.5	1/2	1/2	Chord	4/4	2	1	1/8	1/8	1	74						
5	5	37/2	37/2	0.25	5/8	5/8	Chord	4/4	2	1	1/16	1/16	1	75						
5	5	75/4	75/4	0.25	11/16	11/16	Chord	4/4	2	1	1/16	1/16	1	76						
5	5	19	19	0.25	3/4	3/4	Chord	4/4	2	1	1/16	1/16	1	77						
5	5	77/4	77/4	0.25	13/16	13/16	Chord	4/4	2	1	1/16	1/16	1	78						
5	5	39/2	39/2	0.25	7/8	7/8	Chord	4/4	2	1	1/16	1/16	1	79						
5	5	79/4	79/4	0.25	15/16	15/16	Chord	4/4	2	1	1/16	1/16	1	80						
6	6	20	20	1.0	0	0	Chord	4/4	1	1	1/4	1/4	1	81						
6	6	43/2	43/2	0.5	3/8	3/8	Chord	4/4	1	1	1/8	1/8	1	82						
6	6	22	22	1.0	1/2	1/2	Chord	4/4	1	1	1/4	1/4	1	83						
6	6	23	23	1.0	3/4	3/4	Chord	4/4	1	1	1/4	1/4	1	84						
6	6	20	20	0.5	0	0	Chord	4/4	1	2	1/8	1/8	1	85						
6	6	41/2	41/2	0.25	1/8	1/8	Chord	4/4	1	2	1/16	1/16	1	86						
6	6	83/4	83/4	0.25	3/16	3/16	Chord	4/4	1	2	1/16	1/16	1	87						
6	6	21	21	0.5	1/4	1/4	Chord	4/4	1	2	1/8	1/8	1	88						
6	6	43/2	43/2	0.25	3/8	3/8	Chord	4/4	1	2	1/16	1/16	1	89						
6	6	87/4	87/4	0.25	7/16	7/16	Chord	4/4	1	2	1/16	1/16	1	90						
6	6	22	22	0.5	1/2	1/2	Chord	4/4	1	2	1/8	1/8	1	91						
6	6	45/2	45/2	0.25	5/8	5/8	Chord	4/4	1	2	1/16	1/16	1	92						
6	6	91/4	91/4	0.25	11/16	11/16	Chord	4/4	1	2	1/16	1/16	1	93						
6	6	23	23	0.25	3/4	3/4	Chord	4/4	1	2	1/16	1/16	1	94						
6	6	93/4	93/4	0.25	13/16	13/16	Chord	4/4	1	2	1/16	1/16	1	95						
6	6	47/2	47/2	0.25	7/8	7/8	Chord	4/4	1	2	1/16	1/16	1	96						
6	6	95/4	95/4	0.25	15/16	15/16	Chord	4/4	1	2	1/16	1/16	1	97						
6	6	20	20	1.0	0	0	Chord	4/4	2	1	1/4	1/4	1	98						
6	6	21	21	2.0	1/4	1/4	Chord	4/4	2	1	1/2	1/2	1	99						
6	6	23	23	1.0	3/4	3/4	Chord	4/4	2	1	1/4	1/4	1	100						
7	7	24	24	2.0	0	0	Chord	4/4	1	1	1/2	1/2	1	101						
7	7	26	26	0.5	1/2	1/2	Chord	4/4	1	1	1/8	1/8	1	102						
7	7	53/2	53/2	0.25	5/8	5/8	Chord	4/4	1	1	1/16	1/16	1	103						
7	7	107/4	107/4	0.25	11/16	11/16	Chord	4/4	1	1	1/16	1/16	1	104						
7	7	27	27	1.0	3/4	3/4	Chord	4/4	1	1	1/4	1/4	1	105						
7	7	24	24	1.0	0	0	Chord	4/4	1	2	1/4	1/4	1	106						
7	7	25	25	1.0	1/4	1/4	Chord	4/4	1	2	1/4	1/4	1	107						
7	7	26	26	1.0	1/2	1/2	Chord	4/4	1	2	1/4	1/4	1	108						
7	7	55/2	55/2	0.5	7/8	7/8	Chord	4/4	1	2	1/8	1/8	1	109						
7	7	24	24	1.0	0	0	Chord	4/4	1	3	1/4	1/4	1	110						
7	7	24	24	0.5	0	0	Chord	4/4	2	1	1/8	1/8	1	111						
7	7	49/2	49/2	0.25	1/8	1/8	Chord	4/4	2	1	1/16	1/16	1	112						
7	7	99/4	99/4	0.25	3/16	3/16	Chord	4/4	2	1	1/16	1/16	1	113						
7	7	25	25	0.5	1/4	1/4	Chord	4/4	2	1	1/8	1/8	1	114						
7	7	51/2	51/2	0.5	3/8	3/8	Chord	4/4	2	1	1/8	1/8	1	115						
7	7	26	26	1.0	1/2	1/2	Chord	4/4	2	1	1/4	1/4	1	116						
7	7	55/2	55/2	0.5	7/8	7/8	Chord	4/4	2	1	1/8	1/8	1	117						
7	7	25	25	0.5	1/4	1/4	Chord	4/4	2	2	1/8	1/8	1	118						
7	7	51/2	51/2	0.5	3/8	3/8	Chord	4/4	2	2	1/8	1/8	1	119						
7	7	26	26	1.0	1/2	1/2	Chord	4/4	2	2	1/4	1/4	1	120						
8	8	28	28	0.5	0	0	Chord	4/4	1	1	1/8	1/8	1	121						
8	8	57/2	57/2	0.25	1/8	1/8	Chord	4/4	1	1	1/16	1/16	1	122						
8	8	115/4	115/4	0.25	3/16	3/16	Chord	4/4	1	1	1/16	1/16	1	123						
8	8	29	29	1.0	1/4	1/4	Chord	4/4	1	1	1/4	1/4	1	124						
8	8	30	30	0.5	1/2	1/2	Chord	4/4	1	1	1/8	1/8	1	125						
8	8	61/2	61/2	0.25	5/8	5/8	Chord	4/4	1	1	1/16	1/16	1	126						
8	8	123/4	123/4	0.25	11/16	11/16	Chord	4/4	1	1	1/16	1/16	1	127						
8	8	31	31	0.5	3/4	3/4	Chord	4/4	1	1	1/8	1/8	1	128						
8	8	63/2	63/2	0.5	7/8	7/8	Chord	4/4	1	1	1/8	1/8	1	129						
8	8	28	28	0.5	0	0	Chord	4/4	1	2	1/8	1/8	1	130						
8	8	57/2	57/2	0.5	1/8	1/8	Chord	4/4	1	2	1/8	1/8	1	131						
8	8	29	29	0.5	1/4	1/4	Chord	4/4	1	2	1/8	1/8	1	132						
8	8	59/2	59/2	0.25	3/8	3/8	Chord	4/4	1	2	1/16	1/16	1	133						
8	8	119/4	119/4	0.25	7/16	7/16	Chord	4/4	1	2	1/16	1/16	1	134						
8	8	30	30	0.5	1/2	1/2	Chord	4/4	1	2	1/8	1/8	1	135						
8	8	61/2	61/2	0.5	5/8	5/8	Chord	4/4	1	2	1/8	1/8	1	136						
8	8	31	31	1.0	3/4	3/4	Chord	4/4	1	2	1/4	1/4	1	137						
8	8	28	28	1.0	0	0	Chord	4/4	2	1	1/4	1/4	1	138						
8	8	59/2	59/2	0.5	3/8	3/8	Chord	4/4	2	1	1/8	1/8	1	139						
8	8	30	30	0.5	1/2	1/2	Chord	4/4	2	1	1/8	1/8	1	140						
8	8	61/2	61/2	0.25	5/8	5/8	Chord	4/4	2	1	1/16	1/16	1	141						
8	8	123/4	123/4	0.25	11/16	11/16	Chord	4/4	2	1	1/16	1/16	1	142						
8	8	31	31	0.5	3/4	3/4	Chord	4/4	2	1	1/8	1/8	1	143						
8	8	63/2	63/2	0.25	7/8	7/8	Chord	4/4	2	1	1/16	1/16	1	144						
8	8	127/4	127/4	0.25	15/16	15/16	Chord	4/4	2	1	1/16	1/16	1	145						
9	9	32	32	2.0	0	0	Chord	4/4	1	1	1/2	1/2	1	146						
9	9	34	34	1.0	1/2	1/2	Chord	4/4	1	1	1/4	1/4	1	147						
9	9	32	32	1.0	0	0	Chord	4/4	1	2	1/4	1/4	1	148						
9	9	33	33	1.0	1/4	1/4	Chord	4/4	1	2	1/4	1/4	1	149						
9	9	34	34	0.5	1/2	1/2	Chord	4/4	1	2	1/8	1/8	1	150						
9	9	69/2	69/2	0.25	5/8	5/8	Chord	4/4	1	2	1/16	1/16	1	151						
9	9	139/4	139/4	0.25	11/16	11/16	Chord	4/4	1	2	1/16	1/16	1	152						
9	9	35	35	0.5	3/4	3/4	Chord	4/4	1	2	1/8	1/8	1	153						
9	9	71/2	71/2	0.25	7/8	7/8	Chord	4/4	1	2	1/16	1/16	1	154						
9	9	143/4	143/4	0.25	15/16	15/16	Chord	4/4	1	2	1/16	1/16	1	155						
9	9	32	32	0.5	0	0	Chord	4/4	2	1	1/8	1/8	1	156						
9	9	65/2	65/2	0.25	1/8	1/8	Chord	4/4	2	1	1/16	1/16	1	157						
9	9	131/4	131/4	0.25	3/16	3/16	Chord	4/4	2	1	1/16	1/16	1	158						
9	9	33	33	0.25	1/4	1/4	Chord	4/4	2	1	1/16	1/16	1	159						
9	9	133/4	133/4	0.25	5/16	5/16	Chord	4/4	2	1	1/16	1/16	1	160						
9	9	67/2	67/2	0.25	3/8	3/8	Chord	4/4	2	1	1/16	1/16	1	161						
9	9	135/4	135/4	0.25	7/16	7/16	Chord	4/4	2	1	1/16	1/16	1	162						
9	9	34	34	1.0	1/2	1/2	Chord	4/4	2	1	1/4	1/4	1	163						
9	9	35	35	1.0	3/4	3/4	Chord	4/4	2	1	1/4	1/4	1	164						
10	10	36	36	0.5	0	0	Chord	4/4	1	1	1/8	1/8	1	165						
10	10	73/2	73/2	0.25	1/8	1/8	Chord	4/4	1	1	1/16	1/16	1	166						
10	10	147/4	147/4	0.25	3/16	3/16	Chord	4/4	1	1	1/16	1/16	1	167						
10	10	37	37	0.25	1/4	1/4	Chord	4/4	1	1	1/16	1/16	1	168						
10	10	149/4	149/4	0.25	5/16	5/16	Chord	4/4	1	1	1/16	1/16	1	169						
10	10	75/2	75/2	0.25	3/8	3/8	Chord	4/4	1	1	1/16	1/16	1	170						
10	10	151/4	151/4	0.25	7/16	7/16	Chord	4/4	1	1	1/16	1/16	1	171						
10	10	38	38	0.5	1/2	1/2	Chord	4/4	1	1	1/8	1/8	1	172						
10	10	77/2	77/2	0.5	5/8	5/8	Chord	4/4	1	1	1/8	1/8	1	173						
10	10	39	39	1.0	3/4	3/4	Chord	4/4	1	1	1/4	1/4	1	174						
10	10	77/2	77/2	0.25	5/8	5/8	Chord	4/4	1	2	1/16	1/16	1	175						
10	10	155/4	155/4	0.25	11/16	11/16	Chord	4/4	1	2	1/16	1/16	1	176						
10	10	39	39	0.5	3/4	3/4	Chord	4/4	1	2	1/8	1/8	1	177						
10	10	79/2	79/2	0.25	7/8	7/8	Chord	4/4	1	2	1/16	1/16	1	178						
10	10	159/4	159/4	0.25	15/16	15/16	Chord	4/4	1	2	1/16	1/16	1	179						
10	10	36	36	1.0	0	0	Chord	4/4	2	1	1/4	1/4	1	180						
10	10	37	37	1.0	1/4	1/4	Chord	4/4	2	1	1/4	1/4	1	181						
10	10	38	38	1.0	1/2	1/2	Chord	4/4	2	1	1/4	1/4	1	182						
10	10	39	39	1.0	3/4	3/4	Chord	4/4	2	1	1/4	1/4	1	183						
11	11	40	40	1.0	0	0	Chord	4/4	1	1	1/4	1/4	1	184						
11	11	41	41	1.0	1/4	1/4	Chord	4/4	1	1	1/4	1/4	1	185						
11	11	42	42	1.0	1/2	1/2	Chord	4/4	1	1	1/4	1/4	1	186						
11	11	40	40	0.5	0	0	Chord	4/4	1	2	1/8	1/8	1	187						
11	11	81/2	81/2	0.25	1/8	1/8	Chord	4/4	1	2	1/16	1/16	1	188						
11	11	163/4	163/4	0.25	3/16	3/16	Chord	4/4	1	2	1/16	1/16	1	189						
11	11	41	41	0.25	1/4	1/4	Chord	4/4	1	2	1/16	1/16	1	190						
11	11	165/4	165/4	0.25	5/16	5/16	Chord	4/4	1	2	1/16	1/16	1	191						
11	11	83/2	83/2	0.25	3/8	3/8	Chord	4/4	1	2	1/16	1/16	1	192						
11	11	167/4	167/4	0.25	7/16	7/16	Chord	4/4	1	2	1/16	1/16	1	193						
11	11	42	42	0.5	1/2	1/2	Chord	4/4	1	2	1/8	1/8	1	194						
11	11	85/2	85/2	0.5	5/8	5/8	Chord	4/4	1	2	1/8	1/8	1	195						
11	11	43	43	0.5	3/4	3/4	Chord	4/4	1	2	1/8	1/8	1	196						
11	11	87/2	87/2	0.25	7/8	7/8	Chord	4/4	1	2	1/16	1/16	1	197						
11	11	175/4	175/4	0.25	15/16	15/16	Chord	4/4	1	2	1/16	1/16	1	198						
11	11	85/2	85/2	0.5	5/8	5/8	Chord	4/4	1	3	1/8	1/8	1	199						
11	11	43	43	0.5	3/4	3/4	Chord	4/4	1	3	1/8	1/8	1	200						
11	11	87/2	87/2	0.25	7/8	7/8	Chord	4/4	1	3	1/16	1/16	1	201						
11	11	175/4	175/4	0.25	15/16	15/16	Chord	4/4	1	3	1/16	1/16	1	202						
11	11	40	40	1.0	0	0	Chord	4/4	2	1	1/4	1/4	1	203						
11	11	41	41	1.0	1/4	1/4	Chord	4/4	2	1	1/4	1/4	1	204						
11	11	42	42	1.0	1/2	1/2	Chord	4/4	2	1	1/4	1/4	1	205						
11	11	43	43	1.0	3/4	3/4	Chord	4/4	2	1	1/4	1/4	1	206						
12	12	44	44	0.5	0	0	Chord	4/4	1	1	1/8	1/8	1	207						
12	12	89/2	89/2	0.5	1/8	1/8	Chord	4/4	1	1	1/8	1/8	1	208						
12	12	45	45	1.0	1/4	1/4	Chord	4/4	1	1	1/4	1/4	1	209						
12	12	46	46	0.5	1/2	1/2	Chord	4/4	1	1	1/8	1/8	1	210						
12	12	93/2	93/2	0.25	5/8	5/8	Chord	4/4	1	1	1/16	1/16	1	211						
12	12	187/4	187/4	0.25	11/16	11/16	Chord	4/4	1	1	1/16	1/16	1	212						
12	12	47	47	1.0	3/4	3/4	Chord	4/4	1	1	1/4	1/4	1	213						
12	12	44	44	1.0	0	0	Chord	4/4	1	2	1/4	1/4	1	214						
12	12	91/2	91/2	0.5	3/8	3/8	Chord	4/4	1	2	1/8	1/8	1	215						
12	12	46	46	1.0	1/2	1/2	Chord	4/4	1	2	1/4	1/4	1	216						
12	12	44	44	1.0	0	0	Chord	4/4	2	1	1/4	1/4	1	217						
12	12	91/2	91/2	0.5	3/8	3/8	Chord	4/4	2	1	1/8	1/8	1	218						
12	12	46	46	0.5	1/2	1/2	Chord	4/4	2	1	1/8	1/8	1	219						
12	12	93/2	93/2	0.5	5/8	5/8	Chord	4/4	2	1	1/8	1/8	1	220						
12	12	47	47	0.5	3/4	3/4	Chord	4/4	2	1	1/8	1/8	1	221						
12	12	95/2	95/2	0.25	7/8	7/8	Chord	4/4	2	1	1/16	1/16	1	222						
12	12	191/4	191/4	0.25	15/16	15/16	Chord	4/4	2	1	1/16	1/16	1	223						
12	12	47	47	1.0	3/4	3/4	Chord	4/4	2	2	1/4	1/4	1	224						
13	13	48	48	1.0	0	0	Chord	4/4	1	1	1/4	1/4	1	225						
13	13	49	49	1.0	1/4	1/4	Chord	4/4	1	1	1/4	1/4	1	226						
13	13	50	50	2.0	1/2	1/2	Chord	4/4	1	1	1/2	1/2	1	227						
13	13	48	48	0.5	0	0	Chord	4/4	2	1	1/8	1/8	1	228						
13	13	97/2	97/2	0.25	1/8	1/8	Chord	4/4	2	1	1/16	1/16	1	229						
13	13	195/4	195/4	0.25	3/16	3/16	Chord	4/4	2	1	1/16	1/16	1	230						
13	13	49	49	0.5	1/4	1/4	Chord	4/4	2	1	1/8	1/8	1	231						
13	13	99/2	99/2	0.25	3/8	3/8	Chord	4/4	2	1	1/16	1/16	1	232						
13	13	199/4	199/4	0.25	7/16	7/16	Chord	4/4	2	1	1/16	1/16	1	233						
13	13	50	50	0.5	1/2	1/2	Chord	4/4	2	1	1/8	1/8	1	234						
13	13	101/2	101/2	0.25	5/8	5/8	Chord	4/4	2	1	1/16	1/16	1	235						
13	13	203/4	203/4	0.25	11/16	11/16	Chord	4/4	2	1	1/16	1/16	1	236						
13	13	51	51	0.25	3/4	3/4	Chord	4/4	2	1	1/16	1/16	1	237						
13	13	205/4	205/4	0.25	13/16	13/16	Chord	4/4	2	1	1/16	1/16	1	238						
13	13	103/2	103/2	0.25	7/8	7/8	Chord	4/4	2	1	1/16	1/16	1	239						
13	13	207/4	207/4	0.25	15/16	15/16	Chord	4/4	2	1	1/16	1/16	1	240						
13	13	48	48	0.5	0	0	Chord	4/4	2	2	1/8	1/8	1	241						
13	13	97/2	97/2	0.5	1/8	1/8	Chord	4/4	2	2	1/8	1/8	1	242						
13	13	49	49	1.0	1/4	1/4	Chord	4/4	2	2	1/4	1/4	1	243						
13	13	50	50	1.0	1/2	1/2	Chord	4/4	2	2	1/4	1/4	1	244						
13	13	51	51	1.0	3/4	3/4	Chord	4/4	2	2	1/4	1/4	1	245						
14	14	52	52	0.5	0	0	Chord	4/4	1	1	1/8	1/8	1	246						
14	14	105/2	105/2	0.25	1/8	1/8	Chord	4/4	1	1	1/16	1/16	1	247						
14	14	211/4	211/4	0.25	3/16	3/16	Chord	4/4	1	1	1/16	1/16	1	248						
14	14	53	53	0.5	1/4	1/4	Chord	4/4	1	1	1/8	1/8	1	249						
14	14	107/2	107/2	0.25	3/8	3/8	Chord	4/4	1	1	1/16	1/16	1	250						
14	14	215/4	215/4	0.25	7/16	7/16	Chord	4/4	1	1	1/16	1/16	1	251						
14	14	54	54	0.5	1/2	1/2	Chord	4/4	1	1	1/8	1/8	1	252						
14	14	109/2	109/2	0.25	5/8	5/8	Chord	4/4	1	1	1/16	1/16	1	253						
14	14	219/4	219/4	0.25	11/16	11/16	Chord	4/4	1	1	1/16	1/16	1	254						
14	14	55	55	0.25	3/4	3/4	Chord	4/4	1	1	1/16	1/16	1	255						
14	14	221/4	221/4	0.25	13/16	13/16	Chord	4/4	1	1	1/16	1/16	1	256						
14	14	111/2	111/2	0.25	7/8	7/8	Chord	4/4	1	1	1/16	1/16	1	257						
14	14	223/4	223/4	0.25	15/16	15/16	Chord	4/4	1	1	1/16	1/16	1	258						
14	14	53	53	2.0	1/4	1/4	Chord	4/4	1	2	1/2	1/2	1	259						
14	14	55	55	1.0	3/4	3/4	Chord	4/4	1	2	1/4	1/4	1	260						
14	14	52	52	1.0	0	0	Chord	4/4	2	1	1/4	1/4	1	261						
14	14	53	53	1.0	1/4	1/4	Chord	4/4	2	1	1/4	1/4	1	262						
14	14	54	54	1.0	1/2	1/2	Chord	4/4	2	1	1/4	1/4	1	263						
14	14	55	55	1.0	3/4	3/4	Chord	4/4	2	1	1/4	1/4	1	264						
14	14	52	52	1.0	0	0	Chord	4/4	2	2	1/4	1/4	1	265						
15	15	56	56	0.5	0	0	Chord	4/4	1	1	1/8	1/8	1	266						
15	15	113/2	113/2	0.25	1/8	1/8	Chord	4/4	1	1	1/16	1/16	1	267						
15	15	227/4	227/4	0.25	3/16	3/16	Chord	4/4	1	1	1/16	1/16	1	268						
15	15	57	57	0.5	1/4	1/4	Chord	4/4	1	1	1/8	1/8	1	269						
15	15	115/2	115/2	0.25	3/8	3/8	Chord	4/4	1	1	1/16	1/16	1	270						
15	15	231/4	231/4	0.25	7/16	7/16	Chord	4/4	1	1	1/16	1/16	1	271						
15	15	58	58	0.5	1/2	1/2	Chord	4/4	1	1	1/8	1/8	1	272						
15	15	117/2	117/2	0.25	5/8	5/8	Chord	4/4	1	1	1/16	1/16	1	273						
15	15	235/4	235/4	0.25	11/16	11/16	Chord	4/4	1	1	1/16	1/16	1	274						
15	15	59	59	0.25	3/4	3/4	Chord	4/4	1	1	1/16	1/16	1	275						
15	15	237/4	237/4	0.25	13/16	13/16	Chord	4/4	1	1	1/16	1/16	1	276						
15	15	119/2	119/2	0.25	7/8	7/8	Chord	4/4	1	1	1/16	1/16	1	277						
15	15	239/4	239/4	0.25	15/16	15/16	Chord	4/4	1	1	1/16	1/16	1	278						
15	15	56	56	0.5	0	0	Chord	4/4	1	2	1/8	1/8	1	279						
15	15	113/2	113/2	0.5	1/8	1/8	Chord	4/4	1	2	1/8	1/8	1	280						
15	15	57	57	2.0	1/4	1/4	Chord	4/4	1	2	1/2	1/2	1	281						
15	15	59	59	1.0	3/4	3/4	Chord	4/4	1	2	1/4	1/4	1	282						
15	15	56	56	1.0	0	0	Chord	4/4	2	1	1/4	1/4	1	283						
15	15	57	57	1.0	1/4	1/4	Chord	4/4	2	1	1/4	1/4	1	284						
15	15	58	58	1.0	1/2	1/2	Chord	4/4	2	1	1/4	1/4	1	285						
15	15	59	59	1.0	3/4	3/4	Chord	4/4	2	1	1/4	1/4	1	286						
16	16	60	60	1.0	0	0	Chord	4/4	1	1	1/4	1/4	1	287						
16	16	61	61	1.0	1/4	1/4	Chord	4/4	1	1	1/4	1/4	1	288						
16	16	62	62	1.0	1/2	1/2	Chord	4/4	1	1	1/4	1/4	1	289						
16	16	127/2	127/2	0.5	7/8	7/8	Chord	4/4	1	1	1/8	1/8	1	290						
16	16	60	60	1.0	0	0	Chord	4/4	1	2	1/4	1/4	1	291						
16	16	123/2	123/2	0.5	3/8	3/8	Chord	4/4	1	2	1/8	1/8	1	292						
16	16	62	62	1.0	1/2	1/2	Chord	4/4	1	2	1/4	1/4	1	293						
16	16	127/2	127/2	0.5	7/8	7/8	Chord	4/4	1	2	1/8	1/8	1	294						
16	16	60	60	0.5	0	0	Chord	4/4	1	3	1/8	1/8	1	295						
16	16	121/2	121/2	0.5	1/8	1/8	Chord	4/4	1	3	1/8	1/8	1	296						
16	16	61	61	1.0	1/4	1/4	Chord	4/4	1	3	1/4	1/4	1	297						
16	16	62	62	0.5	1/2	1/2	Chord	4/4	1	3	1/8	1/8	1	298						
16	16	125/2	125/2	0.25	5/8	5/8	Chord	4/4	1	3	1/16	1/16	1	299						
16	16	251/4	251/4	0.25	11/16	11/16	Chord	4/4	1	3	1/16	1/16	1	300						
16	16	63	63	0.5	3/4	3/4	Chord	4/4	1	3	1/8	1/8	1	301						
16	16	127/2	127/2	0.5	7/8	7/8	Chord	4/4	1	3	1/8	1/8	1	302						
16	16	60	60	1.0	0	0	Chord	4/4	2	1	1/4	1/4	1	303						
17	17	64	64	0.5	0	0	Chord	4/4	1	1	1/8	1/8	1	304						
17	17	129/2	129/2	0.5	1/8	1/8	Chord	4/4	1	1	1/8	1/8	1	305						
17	17	65	65	0.5	1/4	1/4	Chord	4/4	1	1	1/8	1/8	1	306						
17	17	131/2	131/2	0.25	3/8	3/8	Chord	4/4	1	1	1/16	1/16	1	307						
17	17	263/4	263/4	0.25	7/16	7/16	Chord	4/4	1	1	1/16	1/16	1	308						
17	17	133/2	133/2	0.25	5/8	5/8	Chord	4/4	1	1	1/16	1/16	1	309						
17	17	267/4	267/4	0.25	11/16	11/16	Chord	4/4	1	1	1/16	1/16	1	310						
17	17	67	67	0.5	3/4	3/4	Chord	4/4	1	1	1/8	1/8	1	311						
17	17	135/2	135/2	0.25	7/8	7/8	Chord	4/4	1	1	1/16	1/16	1	312						
17	17	271/4	271/4	0.25	15/16	15/16	Chord	4/4	1	1	1/16	1/16	1	313						
17	17	64	64	0.5	0	0	Chord	4/4	1	2	1/8	1/8	1	314						
17	17	129/2	129/2	0.5	1/8	1/8	Chord	4/4	1	2	1/8	1/8	1	315						
17	17	65	65	2.0	1/4	1/4	Chord	4/4	1	2	1/2	1/2	1	316						
17	17	67	67	1.0	3/4	3/4	Chord	4/4	1	2	1/4	1/4	1	317						
17	17	66	66	0.5	1/2	1/2	Chord	4/4	1	3	1/8	1/8	1	318						
17	17	133/2	133/2	0.5	5/8	5/8	Chord	4/4	1	3	1/8	1/8	1	319						
17	17	67	67	1.0	3/4	3/4	Chord	4/4	1	3	1/4	1/4	1	320						
18	18	68	68	0.5	0	0	Chord	4/4	1	1	1/8	1/8	1	321						
18	18	137/2	137/2	0.25	1/8	1/8	Chord	4/4	1	1	1/16	1/16	1	322						
18	18	275/4	275/4	0.25	3/16	3/16	Chord	4/4	1	1	1/16	1/16	1	323						
18	18	69	69	0.25	1/4	1/4	Chord	4/4	1	1	1/16	1/16	1	324						
18	18	277/4	277/4	0.25	5/16	5/16	Chord	4/4	1	1	1/16	1/16	1	325						
18	18	139/2	139/2	0.25	3/8	3/8	Chord	4/4	1	1	1/16	1/16	1	326						
18	18	279/4	279/4	0.25	7/16	7/16	Chord	4/4	1	1	1/16	1/16	1	327						
18	18	70	70	0.5	1/2	1/2	Chord	4/4	1	1	1/8	1/8	1	328						
18	18	141/2	141/2	0.25	5/8	5/8	Chord	4/4	1	1	1/16	1/16	1	329						
18	18	283/4	283/4	0.25	11/16	11/16	Chord	4/4	1	1	1/16	1/16	1	330						
18	18	71	71	0.25	3/4	3/4	Chord	4/4	1	1	1/16	1/16	1	331						
18	18	285/4	285/4	0.25	13/16	13/16	Chord	4/4	1	1	1/16	1/16	1	332						
18	18	143/2	143/2	0.25	7/8	7/8	Chord	4/4	1	1	1/16	1/16	1	333						
18	18	287/4	287/4	0.25	15/16	15/16	Chord	4/4	1	1	1/16	1/16	1	334						
18	18	68	68	2.0	0	0	Chord	4/4	1	2	1/2	1/2	1	335						
18	18	70	70	2.0	1/2	1/2	Chord	4/4	1	2	1/2	1/2	1	336						
18	18	68	68	1.0	0	0	Chord	4/4	1	3	1/4	1/4	1	337						
18	18	69	69	2.0	1/4	1/4	Chord	4/4	1	3	1/2	1/2	1	338						
18	18	71	71	1.0	3/4	3/4	Chord	4/4	1	3	1/4	1/4	1	339						
19	19	72	72	0.5	0	0	Chord	4/4	1	1	1/8	1/8	1	340						
19	19	145/2	145/2	0.25	1/8	1/8	Chord	4/4	1	1	1/16	1/16	1	341						
19	19	291/4	291/4	0.25	3/16	3/16	Chord	4/4	1	1	1/16	1/16	1	342						
19	19	73	73	0.25	1/4	1/4	Chord	4/4	1	1	1/16	1/16	1	343						
19	19	293/4	293/4	0.25	5/16	5/16	Chord	4/4	1	1	1/16	1/16	1	344						
19	19	147/2	147/2	0.25	3/8	3/8	Chord	4/4	1	1	1/16	1/16	1	345						
19	19	295/4	295/4	0.25	7/16	7/16	Chord	4/4	1	1	1/16	1/16	1	346						
19	19	74	74	0.5	1/2	1/2	Chord	4/4	1	1	1/8	1/8	1	347						
19	19	149/2	149/2	0.25	5/8	5/8	Chord	4/4	1	1	1/16	1/16	1	348						
19	19	299/4	299/4	0.25	11/16	11/16	Chord	4/4	1	1	1/16	1/16	1	349						
19	19	75	75	1.0	3/4	3/4	Chord	4/4	1	1	1/4	1/4	1	350						
19	19	72	72	2.0	0	0	Chord	4/4	1	2	1/2	1/2	1	351						
19	19	74	74	2.0	1/2	1/2	Chord	4/4	1	2	1/2	1/2	1	352						
19	19	72	72	1.0	0	0	Chord	4/4	1	3	1/4	1/4	1	353						
19	19	73	73	2.0	1/4	1/4	Chord	4/4	1	3	1/2	1/2	1	354						
19	19	75	75	1.0	3/4	3/4	Chord	4/4	1	3	1/4	1/4	1	355						
19	19	151/2	151/2	0.5	7/8	7/8	Chord	4/4	2	1	1/8	1/8	1	356						
20	20	76	76	1.5	0	0	Chord	4/4	1	1	3/8	1/4	3/2	357						
20	20	155/2	155/2	0.5	3/8	3/8	Chord	4/4	1	1	1/8	1/8	1	358						
20	20	78	78	1.0	1/2	1/2	Chord	4/4	1	1	1/4	1/4	1	359						
20	20	79	79	1.0	3/4	3/4	Chord	4/4	1	1	1/4	1/4	1	360						
20	20	76	76	0.5	0	0	Chord	4/4	1	2	1/8	1/8	1	361						
20	20	153/2	153/2	0.25	1/8	1/8	Chord	4/4	1	2	1/16	1/16	1	362						
20	20	307/4	307/4	0.25	3/16	3/16	Chord	4/4	1	2	1/16	1/16	1	363						
20	20	77	77	2.0	1/4	1/4	Chord	4/4	1	2	1/2	1/2	1	364						
20	20	79	79	0.5	3/4	3/4	Chord	4/4	1	2	1/8	1/8	1	365						
20	20	159/2	159/2	0.5	7/8	7/8	Chord	4/4	1	2	1/8	1/8	1	366						
20	20	76	76	0.5	0	0	Chord	4/4	2	1	1/8	1/8	1	367						
20	20	153/2	153/2	0.5	1/8	1/8	Chord	4/4	2	1	1/8	1/8	1	368						
20	20	77	77	0.5	1/4	1/4	Chord	4/4	2	1	1/8	1/8	1	369						
20	20	155/2	155/2	0.25	3/8	3/8	Chord	4/4	2	1	1/16	1/16	1	370						
20	20	311/4	311/4	0.25	7/16	7/16	Chord	4/4	2	1	1/16	1/16	1	371						
20	20	78	78	0.5	1/2	1/2	Chord	4/4	2	1	1/8	1/8	1	372						
20	20	157/2	157/2	0.5	5/8	5/8	Chord	4/4	2	1	1/8	1/8	1	373						
20	20	79	79	1.0	3/4	3/4	Chord	4/4	2	1	1/4	1/4	1	374						
21	21	80	80	0.5	0	0	Chord	4/4	1	1	1/8	1/8	1	375						
21	21	161/2	161/2	0.25	1/8	1/8	Chord	4/4	1	1	1/16	1/16	1	376						
21	21	323/4	323/4	0.25	3/16	3/16	Chord	4/4	1	1	1/16	1/16	1	377						
21	21	81	81	1.0	1/4	1/4	Chord	4/4	1	1	1/4	1/4	1	378						
21	21	82	82	1.0	1/2	1/2	Chord	4/4	1	1	1/4	1/4	1	379						
21	21	167/2	167/2	0.5	7/8	7/8	Chord	4/4	1	1	1/8	1/8	1	380						
21	21	80	80	0.5	0	0	Chord	4/4	1	2	1/8	1/8	1	381						
21	21	161/2	161/2	0.5	1/8	1/8	Chord	4/4	1	2	1/8	1/8	1	382						
21	21	81	81	0.5	1/4	1/4	Chord	4/4	1	2	1/8	1/8	1	383						
21	21	163/2	163/2	0.25	3/8	3/8	Chord	4/4	1	2	1/16	1/16	1	384						
21	21	327/4	327/4	0.25	7/16	7/16	Chord	4/4	1	2	1/16	1/16	1	385						
21	21	82	82	0.5	1/2	1/2	Chord	4/4	1	2	1/8	1/8	1	386						
21	21	165/2	165/2	0.5	5/8	5/8	Chord	4/4	1	2	1/8	1/8	1	387						
21	21	83	83	1.0	3/4	3/4	Chord	4/4	1	2	1/4	1/4	1	388						
21	21	80	80	1.0	0	0	Chord	4/4	2	1	1/4	1/4	1	389						
21	21	81	81	1.0	1/4	1/4	Chord	4/4	2	1	1/4	1/4	1	390						
21	21	82	82	1.0	1/2	1/2	Chord	4/4	2	1	1/4	1/4	1	391						
21	21	167/2	167/2	0.5	7/8	7/8	Chord	4/4	2	1	1/8	1/8	1	392						
22	22	84	84	0.5	0	0	Chord	4/4	1	1	1/8	1/8	1	393						
22	22	169/2	169/2	0.5	1/8	1/8	Chord	4/4	1	1	1/8	1/8	1	394						
22	22	85	85	0.5	1/4	1/4	Chord	4/4	1	1	1/8	1/8	1	395						
22	22	171/2	171/2	0.25	3/8	3/8	Chord	4/4	1	1	1/16	1/16	1	396						
22	22	343/4	343/4	0.25	7/16	7/16	Chord	4/4	1	1	1/16	1/16	1	397						
22	22	86	86	1.0	1/2	1/2	Chord	4/4	1	1	1/4	1/4	1	398						
22	22	175/2	175/2	0.5	7/8	7/8	Chord	4/4	1	1	1/8	1/8	1	399						
22	22	84	84	1.0	0	0	Chord	4/4	1	2	1/4	1/4	1	400						
22	22	85	85	1.0	1/4	1/4	Chord	4/4	1	2	1/4	1/4	1	401						
22	22	86	86	0.5	1/2	1/2	Chord	4/4	1	2	1/8	1/8	1	402						
22	22	173/2	173/2	0.5	5/8	5/8	Chord	4/4	1	2	1/8	1/8	1	403						
22	22	87	87	1.0	3/4	3/4	Chord	4/4	1	2	1/4	1/4	1	404						
22	22	84	84	1.0	0	0	Chord	4/4	2	1	1/4	1/4	1	405						
22	22	85	85	1.0	1/4	1/4	Chord	4/4	2	1	1/4	1/4	1	406						
22	22	86	86	1.5	1/2	1/2	Chord	4/4	2	1	3/8	1/4	3/2	407						
22	22	175/2	175/2	0.25	7/8	7/8	Chord	4/4	2	1	1/16	1/16	1	408						
22	22	351/4	351/4	0.25	15/16	15/16	Chord	4/4	2	1	1/16	1/16	1	409						
23	23	88	88	0.5	0	0	Chord	4/4	1	1	1/8	1/8	1	410						
23	23	177/2	177/2	0.5	1/8	1/8	Chord	4/4	1	1	1/8	1/8	1	411						
23	23	89	89	0.5	1/4	1/4	Chord	4/4	1	1	1/8	1/8	1	412						
23	23	179/2	179/2	0.25	3/8	3/8	Chord	4/4	1	1	1/16	1/16	1	413						
23	23	359/4	359/4	0.25	7/16	7/16	Chord	4/4	1	1	1/16	1/16	1	414						
23	23	90	90	1.0	1/2	1/2	Chord	4/4	1	1	1/4	1/4	1	415						
23	23	183/2	183/2	0.5	7/8	7/8	Chord	4/4	1	1	1/8	1/8	1	416						
23	23	88	88	1.0	0	0	Chord	4/4	1	2	1/4	1/4	1	417						
23	23	89	89	1.0	1/4	1/4	Chord	4/4	1	2	1/4	1/4	1	418						
23	23	90	90	0.5	1/2	1/2	Chord	4/4	1	2	1/8	1/8	1	419						
23	23	181/2	181/2	0.5	5/8	5/8	Chord	4/4	1	2	1/8	1/8	1	420						
23	23	91	91	1.0	3/4	3/4	Chord	4/4	1	2	1/4	1/4	1	421						
23	23	88	88	1.0	0	0	Chord	4/4	2	1	1/4	1/4	1	422						
23	23	89	89	1.0	1/4	1/4	Chord	4/4	2	1	1/4	1/4	1	423						
23	23	90	90	1.0	1/2	1/2	Chord	4/4	2	1	1/4	1/4	1	424						
23	23	183/2	183/2	0.5	7/8	7/8	Chord	4/4	2	1	1/8	1/8	1	425						
24	24	92	92	1.0	0	0	Chord	4/4	1	2	1/4	1/4	1	426						
24	24	93	93	2.0	1/4	1/4	Chord	4/4	1	2	1/2	1/2	1	427						
24	24	95	95	1.0	3/4	3/4	Chord	4/4	1	2	1/4	1/4	1	428						
24	24	92	92	0.5	0	0	Chord	4/4	2	1	1/8	1/8	1	429						
24	24	185/2	185/2	0.5	1/8	1/8	Chord	4/4	2	1	1/8	1/8	1	430						
24	24	93	93	0.5	1/4	1/4	Chord	4/4	2	1	1/8	1/8	1	431						
24	24	187/2	187/2	0.25	3/8	3/8	Chord	4/4	2	1	1/16	1/16	1	432						
24	24	375/4	375/4	0.25	7/16	7/16	Chord	4/4	2	1	1/16	1/16	1	433						
24	24	94	94	0.5	1/2	1/2	Chord	4/4	2	1	1/8	1/8	1	434						
24	24	189/2	189/2	0.5	5/8	5/8	Chord	4/4	2	1	1/8	1/8	1	435						
24	24	95	95	0.5	3/4	3/4	Chord	4/4	2	1	1/8	1/8	1	436						
24	24	191/2	191/2	0.25	7/8	7/8	Chord	4/4	2	1	1/16	1/16	1	437						
24	24	383/4	383/4	0.25	15/16	15/16	Chord	4/4	2	1	1/16	1/16	1	438						
24	24	92	92	0.5	0	0	Chord	4/4	2	2	1/8	1/8	1	439						
24	24	185/2	185/2	0.5	1/8	1/8	Chord	4/4	2	2	1/8	1/8	1	440						
24	24	93	93	0.5	1/4	1/4	Chord	4/4	2	2	1/8	1/8	1	441						
24	24	187/2	187/2	0.25	3/8	3/8	Chord	4/4	2	2	1/16	1/16	1	442						
24	24	375/4	375/4	0.25	7/16	7/16	Chord	4/4	2	2	1/16	1/16	1	443						
24	24	94	94	0.5	1/2	1/2	Chord	4/4	2	2	1/8	1/8	1	444						
24	24	189/2	189/2	0.5	5/8	5/8	Chord	4/4	2	2	1/8	1/8	1	445						
24	24	95	95	0.5	3/4	3/4	Chord	4/4	2	2	1/8	1/8	1	446						
24	24	191/2	191/2	0.25	7/8	7/8	Chord	4/4	2	2	1/16	1/16	1	447						
24	24	383/4	383/4	0.25	15/16	15/16	Chord	4/4	2	2	1/16	1/16	1	448						
25	25	96	96	0.5	0	0	Chord	4/4	1	1	1/8	1/8	1	449						
25	25	193/2	193/2	0.5	1/8	1/8	Chord	4/4	1	1	1/8	1/8	1	450						
25	25	97	97	0.5	1/4	1/4	Chord	4/4	1	1	1/8	1/8	1	451						
25	25	195/2	195/2	0.25	3/8	3/8	Chord	4/4	1	1	1/16	1/16	1	452						
25	25	391/4	391/4	0.25	7/16	7/16	Chord	4/4	1	1	1/16	1/16	1	453						
25	25	98	98	1.0	1/2	1/2	Chord	4/4	1	1	1/4	1/4	1	454						
25	25	99	99	1.0	3/4	3/4	Chord	4/4	1	1	1/4	1/4	1	455						
25	25	96	96	1.0	0	0	Chord	4/4	1	2	1/4	1/4	1	456						
25	25	97	97	1.0	1/4	1/4	Chord	4/4	1	2	1/4	1/4	1	457						
25	25	98	98	0.5	1/2	1/2	Chord	4/4	1	2	1/8	1/8	1	458						
25	25	197/2	197/2	0.5	5/8	5/8	Chord	4/4	1	2	1/8	1/8	1	459						
25	25	99	99	0.5	3/4	3/4	Chord	4/4	1	2	1/8	1/8	1	460						
25	25	199/2	199/2	0.25	7/8	7/8	Chord	4/4	1	2	1/16	1/16	1	461						
25	25	399/4	399/4	0.25	15/16	15/16	Chord	4/4	1	2	1/16	1/16	1	462						
25	25	96	96	0.5	0	0	Chord	4/4	2	1	1/8	1/8	1	463						
25	25	193/2	193/2	0.5	1/8	1/8	Chord	4/4	2	1	1/8	1/8	1	464						
25	25	97	97	0.5	1/4	1/4	Chord	4/4	2	1	1/8	1/8	1	465						
25	25	195/2	195/2	0.25	3/8	3/8	Chord	4/4	2	1	1/16	1/16	1	466						
25	25	391/4	391/4	0.25	7/16	7/16	Chord	4/4	2	1	1/16	1/16	1	467						
25	25	98	98	2.0	1/2	1/2	Chord	4/4	2	1	1/2	1/2	1	468						
26	26	100	100	0.5	0	0	Chord	4/4	1	1	1/8	1/8	1	469						
26	26	201/2	201/2	0.5	1/8	1/8	Chord	4/4	1	1	1/8	1/8	1	470						
26	26	101	101	0.5	1/4	1/4	Chord	4/4	1	1	1/8	1/8	1	471						
26	26	203/2	203/2	0.25	3/8	3/8	Chord	4/4	1	1	1/16	1/16	1	472						
26	26	407/4	407/4	0.25	7/16	7/16	Chord	4/4	1	1	1/16	1/16	1	473						
26	26	102	102	1.5	1/2	1/2	Chord	4/4	1	1	3/8	1/4	3/2	474						
26	26	207/2	207/2	0.5	7/8	7/8	Chord	4/4	1	1	1/8	1/8	1	475						
26	26	100	100	1.0	0	0	Chord	4/4	2	1	1/4	1/4	1	476						
26	26	101	101	1.0	1/4	1/4	Chord	4/4	2	1	1/4	1/4	1	477						
26	26	102	102	1.0	1/2	1/2	Chord	4/4	2	1	1/4	1/4	1	478						
26	26	205/2	205/2	0.5	5/8	5/8	Chord	4/4	2	2	1/8	1/8	1	479						
26	26	103	103	0.5	3/4	3/4	Chord	4/4	2	2	1/8	1/8	1	480						
26	26	207/2	207/2	0.25	7/8	7/8	Chord	4/4	2	2	1/16	1/16	1	481						
26	26	415/4	415/4	0.25	15/16	15/16	Chord	4/4	2	2	1/16	1/16	1	482						
27	27	104	104	0.5	0	0	Chord	4/4	1	1	1/8	1/8	1	483						
27	27	209/2	209/2	0.5	1/8	1/8	Chord	4/4	1	1	1/8	1/8	1	484						
27	27	105	105	0.5	1/4	1/4	Chord	4/4	1	1	1/8	1/8	1	485						
27	27	211/2	211/2	0.25	3/8	3/8	Chord	4/4	1	1	1/16	1/16	1	486						
27	27	423/4	423/4	0.25	7/16	7/16	Chord	4/4	1	1	1/16	1/16	1	487						
27	27	106	106	1.5	1/2	1/2	Chord	4/4	1	1	3/8	1/4	3/2	488						
27	27	215/2	215/2	0.5	7/8	7/8	Chord	4/4	1	1	1/8	1/8	1	489						
27	27	104	104	1.0	0	0	Chord	4/4	2	1	1/4	1/4	1	490						
27	27	105	105	1.0	1/4	1/4	Chord	4/4	2	1	1/4	1/4	1	491						
27	27	106	106	1.0	1/2	1/2	Chord	4/4	2	1	1/4	1/4	1	492						
27	27	213/2	213/2	0.5	5/8	5/8	Chord	4/4	2	2	1/8	1/8	1	493						
27	27	107	107	0.5	3/4	3/4	Chord	4/4	2	2	1/8	1/8	1	494						
27	27	215/2	215/2	0.25	7/8	7/8	Chord	4/4	2	2	1/16	1/16	1	495						
27	27	431/4	431/4	0.25	15/16	15/16	Chord	4/4	2	2	1/16	1/16	1	496						
28	28	108	108	0.5	0	0	Chord	4/4	1	1	1/8	1/8	1	497						
28	28	217/2	217/2	0.5	1/8	1/8	Chord	4/4	1	1	1/8	1/8	1	498						
28	28	109	109	0.5	1/4	1/4	Chord	4/4	1	1	1/8	1/8	1	499						
28	28	219/2	219/2	0.25	3/8	3/8	Chord	4/4	1	1	1/16	1/16	1	500						
28	28	439/4	439/4	0.25	7/16	7/16	Chord	4/4	1	1	1/16	1/16	1	501						
28	28	110	110	1.0	1/2	1/2	Chord	4/4	1	1	1/4	1/4	1	502						
28	28	111	111	1.0	3/4	3/4	Chord	4/4	1	1	1/4	1/4	1	503						
28	28	110	110	0.5	1/2	1/2	Chord	4/4	1	2	1/8	1/8	1	504						
28	28	221/2	221/2	0.25	5/8	5/8	Chord	4/4	1	2	1/16	1/16	1	505						
28	28	443/4	443/4	0.25	11/16	11/16	Chord	4/4	1	2	1/16	1/16	1	506						
28	28	111	111	0.5	3/4	3/4	Chord	4/4	1	2	1/8	1/8	1	507						
28	28	223/2	223/2	0.25	7/8	7/8	Chord	4/4	1	2	1/16	1/16	1	508						
28	28	447/4	447/4	0.25	15/16	15/16	Chord	4/4	1	2	1/16	1/16	1	509						
28	28	108	108	1.0	0	0	Chord	4/4	2	1	1/4	1/4	1	510						
28	28	109	109	1.0	1/4	1/4	Chord	4/4	2	1	1/4	1/4	1	511						
28	28	110	110	1.0	1/2	1/2	Chord	4/4	2	1	1/4	1/4	1	512						
28	28	223/2	223/2	0.5	7/8	7/8	Chord	4/4	2	1	1/8	1/8	1	513						
29	29	112	112	0.5	0	0	Chord	4/4	1	1	1/8	1/8	1	514						
29	29	225/2	225/2	0.25	1/8	1/8	Chord	4/4	1	1	1/16	1/16	1	515						
29	29	451/4	451/4	0.25	3/16	3/16	Chord	4/4	1	1	1/16	1/16	1	516						
29	29	113	113	1.0	1/4	1/4	Chord	4/4	1	1	1/4	1/4	1	517						
29	29	114	114	0.5	1/2	1/2	Chord	4/4	1	1	1/8	1/8	1	518						
29	29	229/2	229/2	0.25	5/8	5/8	Chord	4/4	1	1	1/16	1/16	1	519						
29	29	459/4	459/4	0.25	11/16	11/16	Chord	4/4	1	1	1/16	1/16	1	520						
29	29	115	115	0.5	3/4	3/4	Chord	4/4	1	1	1/8	1/8	1	521						
29	29	231/2	231/2	0.5	7/8	7/8	Chord	4/4	1	1	1/8	1/8	1	522						
29	29	112	112	2.0	0	0	Chord	4/4	1	2	1/2	1/2	1	523						
29	29	114	114	0.5	1/2	1/2	Chord	4/4	1	2	1/8	1/8	1	524						
29	29	229/2	229/2	0.25	5/8	5/8	Chord	4/4	1	2	1/16	1/16	1	525						
29	29	459/4	459/4	0.25	11/16	11/16	Chord	4/4	1	2	1/16	1/16	1	526						
29	29	115	115	0.5	3/4	3/4	Chord	4/4	1	2	1/8	1/8	1	527						
29	29	231/2	231/2	0.25	7/8	7/8	Chord	4/4	1	2	1/16	1/16	1	528						
29	29	463/4	463/4	0.25	15/16	15/16	Chord	4/4	1	2	1/16	1/16	1	529						
29	29	112	112	0.5	0	0	Chord	4/4	2	1	1/8	1/8	1	530						
29	29	225/2	225/2	0.5	1/8	1/8	Chord	4/4	2	1	1/8	1/8	1	531						
29	29	113	113	0.5	1/4	1/4	Chord	4/4	2	1	1/8	1/8	1	532						
29	29	227/2	227/2	0.25	3/8	3/8	Chord	4/4	2	1	1/16	1/16	1	533						
29	29	455/4	455/4	0.25	7/16	7/16	Chord	4/4	2	1	1/16	1/16	1	534						
29	29	114	114	0.5	1/2	1/2	Chord	4/4	2	1	1/8	1/8	1	535						
29	29	229/2	229/2	0.5	5/8	5/8	Chord	4/4	2	1	1/8	1/8	1	536						
29	29	231/2	231/2	0.5	7/8	7/8	Chord	4/4	2	1	1/8	1/8	1	537						
30	30	116	116	0.5	0	0	Chord	4/4	1	1	1/8	1/8	1	538						
30	30	233/2	233/2	0.5	1/8	1/8	Chord	4/4	1	1	1/8	1/8	1	539						
30	30	117	117	1.0	1/4	1/4	Chord	4/4	1	1	1/4	1/4	1	540						
30	30	118	118	0.5	1/2	1/2	Chord	4/4	1	1	1/8	1/8	1	541						
30	30	237/2	237/2	0.25	5/8	5/8	Chord	4/4	1	1	1/16	1/16	1	542						
30	30	475/4	475/4	0.25	11/16	11/16	Chord	4/4	1	1	1/16	1/16	1	543						
30	30	119	119	0.5	3/4	3/4	Chord	4/4	1	1	1/8	1/8	1	544						
30	30	239/2	239/2	0.5	7/8	7/8	Chord	4/4	1	1	1/8	1/8	1	545						
30	30	116	116	1.5	0	0	Chord	4/4	1	2	3/8	1/4	3/2	546						
30	30	235/2	235/2	0.5	3/8	3/8	Chord	4/4	1	2	1/8	1/8	1	547						
30	30	118	118	1.0	1/2	1/2	Chord	4/4	1	2	1/4	1/4	1	548						
30	30	119	119	1.0	3/4	3/4	Chord	4/4	1	2	1/4	1/4	1	549						
30	30	116	116	0.5	0	0	Chord	4/4	2	1	1/8	1/8	1	550						
30	30	233/2	233/2	0.5	1/8	1/8	Chord	4/4	2	1	1/8	1/8	1	551						
30	30	117	117	0.5	1/4	1/4	Chord	4/4	2	1	1/8	1/8	1	552						
30	30	235/2	235/2	0.25	3/8	3/8	Chord	4/4	2	1	1/16	1/16	1	553						
30	30	471/4	471/4	0.25	7/16	7/16	Chord	4/4	2	1	1/16	1/16	1	554						
30	30	118	118	0.5	1/2	1/2	Chord	4/4	2	1	1/8	1/8	1	555						
30	30	237/2	237/2	0.5	5/8	5/8	Chord	4/4	2	1	1/8	1/8	1	556						
30	30	119	119	1.0	3/4	3/4	Chord	4/4	2	1	1/4	1/4	1	557						
31	31	120	120	0.5	0	0	Chord	4/4	1	1	1/8	1/8	1	558						
31	31	241/2	241/2	0.5	1/8	1/8	Chord	4/4	1	1	1/8	1/8	1	559						
31	31	121	121	0.5	1/4	1/4	Chord	4/4	1	1	1/8	1/8	1	560						
31	31	243/2	243/2	0.25	3/8	3/8	Chord	4/4	1	1	1/16	1/16	1	561						
31	31	487/4	487/4	0.25	7/16	7/16	Chord	4/4	1	1	1/16	1/16	1	562						
31	31	122	122	1.0	1/2	1/2	Chord	4/4	1	1	1/4	1/4	1	563						
31	31	247/2	247/2	0.5	7/8	7/8	Chord	4/4	1	1	1/8	1/8	1	564						
31	31	120	120	1.0	0	0	Chord	4/4	1	2	1/4	1/4	1	565						
31	31	121	121	1.0	1/4	1/4	Chord	4/4	1	2	1/4	1/4	1	566						
31	31	122	122	0.5	1/2	1/2	Chord	4/4	1	2	1/8	1/8	1	567						
31	31	245/2	245/2	0.25	5/8	5/8	Chord	4/4	1	2	1/16	1/16	1	568						
31	31	491/4	491/4	0.25	11/16	11/16	Chord	4/4	1	2	1/16	1/16	1	569						
31	31	123	123	0.5	3/4	3/4	Chord	4/4	1	2	1/8	1/8	1	570						
31	31	247/2	247/2	0.5	7/8	7/8	Chord	4/4	1	2	1/8	1/8	1	571						
31	31	120	120	1.0	0	0	Chord	4/4	2	1	1/4	1/4	1	572						
31	31	121	121	1.0	1/4	1/4	Chord	4/4	2	1	1/4	1/4	1	573						
31	31	122	122	1.0	1/2	1/2	Chord	4/4	2	1	1/4	1/4	1	574						
31	31	247/2	247/2	0.5	7/8	7/8	Chord	4/4	2	1	1/8	1/8	1	575						
32	32	124	124	0.5	0	0	Chord	4/4	1	1	1/8	1/8	1	576						
32	32	249/2	249/2	0.5	1/8	1/8	Chord	4/4	1	1	1/8	1/8	1	577						
32	32	125	125	0.5	1/4	1/4	Chord	4/4	1	1	1/8	1/8	1	578						
32	32	251/2	251/2	0.25	3/8	3/8	Chord	4/4	1	1	1/16	1/16	1	579						
32	32	503/4	503/4	0.25	7/16	7/16	Chord	4/4	1	1	1/16	1/16	1	580						
32	32	126	126	1.0	1/2	1/2	Chord	4/4	1	1	1/4	1/4	1	581						
32	32	127	127	1.0	3/4	3/4	Chord	4/4	1	1	1/4	1/4	1	582						
32	32	124	124	1.0	0	0	Chord	4/4	1	2	1/4	1/4	1	583						
32	32	125	125	1.0	1/4	1/4	Chord	4/4	1	2	1/4	1/4	1	584						
32	32	126	126	0.5	1/2	1/2	Chord	4/4	1	2	1/8	1/8	1	585						
32	32	253/2	253/2	0.25	5/8	5/8	Chord	4/4	1	2	1/16	1/16	1	586						
32	32	507/4	507/4	0.25	11/16	11/16	Chord	4/4	1	2	1/16	1/16	1	587						
32	32	127	127	1.0	3/4	3/4	Chord	4/4	1	2	1/4	1/4	1	588						
32	32	124	124	1.0	0	0	Chord	4/4	2	1	1/4	1/4	1	589						
32	32	125	125	1.0	1/4	1/4	Chord	4/4	2	1	1/4	1/4	1	590						
32	32	126	126	0.5	1/2	1/2	Chord	4/4	2	1	1/8	1/8	1	591						
32	32	253/2	253/2	1.0	5/8	5/8	Chord	4/4	2	1	1/4	1/4	1	592						
32	32	255/2	255/2	0.5	7/8	7/8	Chord	4/4	2	1	1/8	1/8	1	593						
33	33	128	128	1.0	0	0	Chord	4/4	1	1	1/4	1/4	1	594						
33	33	129	129	1.0	1/4	1/4	Chord	4/4	1	1	1/4	1/4	1	595						
33	33	130	130	1.0	1/2	1/2	Chord	4/4	1	1	1/4	1/4	1	596						
33	33	128	128	1.0	0	0	Chord	4/4	1	2	1/4	1/4	1	597						
33	33	261/2	261/2	0.25	5/8	5/8	Chord	4/4	1	2	1/16	1/16	1	598						
33	33	523/4	523/4	0.25	11/16	11/16	Chord	4/4	1	2	1/16	1/16	1	599						
33	33	131	131	0.5	3/4	3/4	Chord	4/4	1	2	1/8	1/8	1	600						
33	33	263/2	263/2	0.25	7/8	7/8	Chord	4/4	1	2	1/16	1/16	1	601						
33	33	527/4	527/4	0.25	15/16	15/16	Chord	4/4	1	2	1/16	1/16	1	602						
33	33	261/2	261/2	0.25	5/8	5/8	Chord	4/4	1	3	1/16	1/16	1	603						
33	33	523/4	523/4	0.25	11/16	11/16	Chord	4/4	1	3	1/16	1/16	1	604						
33	33	131	131	0.5	3/4	3/4	Chord	4/4	1	3	1/8	1/8	1	605						
33	33	263/2	263/2	0.25	7/8	7/8	Chord	4/4	1	3	1/16	1/16	1	606						
33	33	527/4	527/4	0.25	15/16	15/16	Chord	4/4	1	3	1/16	1/16	1	607						
33	33	128	128	1.0	0	0	Chord	4/4	2	1	1/4	1/4	1	608						
33	33	131	131	1.0	3/4	3/4	Chord	4/4	2	1	1/4	1/4	1	609						
34	34	132	132	1.0	0	0	Chord	4/4	1	1	1/4	1/4	1	610						
34	34	133	133	1.0	1/4	1/4	Chord	4/4	1	1	1/4	1/4	1	611						
34	34	134	134	1.0	1/2	1/2	Chord	4/4	1	1	1/4	1/4	1	612						
34	34	132	132	1.0	0	0	Chord	4/4	1	2	1/4	1/4	1	613						
34	34	269/2	269/2	0.25	5/8	5/8	Chord	4/4	1	2	1/16	1/16	1	614						
34	34	539/4	539/4	0.25	11/16	11/16	Chord	4/4	1	2	1/16	1/16	1	615						
34	34	135	135	0.5	3/4	3/4	Chord	4/4	1	2	1/8	1/8	1	616						
34	34	271/2	271/2	0.25	7/8	7/8	Chord	4/4	1	2	1/16	1/16	1	617						
34	34	543/4	543/4	0.25	15/16	15/16	Chord	4/4	1	2	1/16	1/16	1	618						
34	34	132	132	1.0	0	0	Chord	4/4	1	3	1/4	1/4	1	619						
34	34	269/2	269/2	0.25	5/8	5/8	Chord	4/4	1	3	1/16	1/16	1	620						
34	34	539/4	539/4	0.25	11/16	11/16	Chord	4/4	1	3	1/16	1/16	1	621						
34	34	135	135	0.5	3/4	3/4	Chord	4/4	1	3	1/8	1/8	1	622						
34	34	271/2	271/2	0.25	7/8	7/8	Chord	4/4	1	3	1/16	1/16	1	623						
34	34	543/4	543/4	0.25	15/16	15/16	Chord	4/4	1	3	1/16	1/16	1	624						
34	34	132	132	1.0	0	0	Chord	4/4	2	1	1/4	1/4	1	625						
34	34	135	135	1.0	3/4	3/4	Chord	4/4	2	1	1/4	1/4	1	626						
35	35	136	136	1.0	0	0	Chord	4/4	1	1	1/4	1/4	1	627						
35	35	137	137	1.0	1/4	1/4	Chord	4/4	1	1	1/4	1/4	1	628						
35	35	138	138	1.5	1/2	1/2	Chord	4/4	1	1	3/8	1/4	3/2	629						
35	35	279/2	279/2	0.25	7/8	7/8	Chord	4/4	1	1	1/16	1/16	1	630						
35	35	559/4	559/4	0.25	15/16	15/16	Chord	4/4	1	1	1/16	1/16	1	631						
35	35	136	136	1.0	0	0	Chord	4/4	1	2	1/4	1/4	1	632						
35	35	277/2	277/2	0.25	5/8	5/8	Chord	4/4	1	2	1/16	1/16	1	633						
35	35	555/4	555/4	0.25	11/16	11/16	Chord	4/4	1	2	1/16	1/16	1	634						
35	35	139	139	1.0	3/4	3/4	Chord	4/4	1	2	1/4	1/4	1	635						
35	35	136	136	1.0	0	0	Chord	4/4	1	3	1/4	1/4	1	636						
35	35	277/2	277/2	0.25	5/8	5/8	Chord	4/4	1	3	1/16	1/16	1	637						
35	35	555/4	555/4	0.25	11/16	11/16	Chord	4/4	1	3	1/16	1/16	1	638						
35	35	139	139	0.5	3/4	3/4	Chord	4/4	1	3	1/8	1/8	1	639						
35	35	279/2	279/2	0.5	7/8	7/8	Chord	4/4	1	3	1/8	1/8	1	640						
35	35	136	136	1.0	0	0	Chord	4/4	2	1	1/4	1/4	1	641						
35	35	138	138	1.0	1/2	1/2	Chord	4/4	2	1	1/4	1/4	1	642						
35	35	139	139	1.0	3/4	3/4	Chord	4/4	2	1	1/4	1/4	1	643						
36	36	140	140	1.0	0	0	Chord	4/4	1	1	1/4	1/4	1	644						
36	36	285/2	285/2	0.25	5/8	5/8	Chord	4/4	1	1	1/16	1/16	1	645						
36	36	571/4	571/4	0.25	11/16	11/16	Chord	4/4	1	1	1/16	1/16	1	646						
36	36	143	143	0.5	3/4	3/4	Chord	4/4	1	1	1/8	1/8	1	647						
36	36	287/2	287/2	0.25	7/8	7/8	Chord	4/4	1	1	1/16	1/16	1	648						
36	36	575/4	575/4	0.25	15/16	15/16	Chord	4/4	1	1	1/16	1/16	1	649						
36	36	140	140	1.0	0	0	Chord	4/4	1	2	1/4	1/4	1	650						
36	36	141	141	1.0	1/4	1/4	Chord	4/4	1	2	1/4	1/4	1	651						
36	36	285/2	285/2	0.25	5/8	5/8	Chord	4/4	1	2	1/16	1/16	1	652						
36	36	571/4	571/4	0.25	11/16	11/16	Chord	4/4	1	2	1/16	1/16	1	653						
36	36	143	143	0.5	3/4	3/4	Chord	4/4	1	2	1/8	1/8	1	654						
36	36	287/2	287/2	0.25	7/8	7/8	Chord	4/4	1	2	1/16	1/16	1	655						
36	36	575/4	575/4	0.25	15/16	15/16	Chord	4/4	1	2	1/16	1/16	1	656						
36	36	140	140	1.0	0	0	Chord	4/4	1	3	1/4	1/4	1	657						
36	36	142	142	1.0	1/2	1/2	Chord	4/4	1	3	1/4	1/4	1	658						
36	36	140	140	1.0	0	0	Chord	4/4	2	1	1/4	1/4	1	659						
36	36	142	142	1.0	1/2	1/2	Chord	4/4	2	1	1/4	1/4	1	660						
36	36	143	143	1.0	3/4	3/4	Chord	4/4	2	1	1/4	1/4	1	661						
37	37	144	144	1.0	0	0	Chord	4/4	1	1	1/4	1/4	1	662						
37	37	145	145	1.0	1/4	1/4	Chord	4/4	1	1	1/4	1/4	1	663						
37	37	146	146	1.0	1/2	1/2	Chord	4/4	1	1	1/4	1/4	1	664						
37	37	147	147	0.5	3/4	3/4	Chord	4/4	1	1	1/8	1/8	1	665						
37	37	295/2	295/2	0.25	7/8	7/8	Chord	4/4	1	1	1/16	1/16	1	666						
37	37	591/4	591/4	0.25	15/16	15/16	Chord	4/4	1	1	1/16	1/16	1	667						
37	37	144	144	1.0	0	0	Chord	4/4	1	2	1/4	1/4	1	668						
37	37	293/2	293/2	0.25	5/8	5/8	Chord	4/4	1	2	1/16	1/16	1	669						
37	37	587/4	587/4	0.25	11/16	11/16	Chord	4/4	1	2	1/16	1/16	1	670						
37	37	147	147	0.5	3/4	3/4	Chord	4/4	1	2	1/8	1/8	1	671						
37	37	295/2	295/2	0.25	7/8	7/8	Chord	4/4	1	2	1/16	1/16	1	672						
37	37	591/4	591/4	0.25	15/16	15/16	Chord	4/4	1	2	1/16	1/16	1	673						
37	37	293/2	293/2	0.25	5/8	5/8	Chord	4/4	1	3	1/16	1/16	1	674						
37	37	587/4	587/4	0.25	11/16	11/16	Chord	4/4	1	3	1/16	1/16	1	675						
37	37	144	144	1.0	0	0	Chord	4/4	2	1	1/4	1/4	1	676						
37	37	147	147	1.0	3/4	3/4	Chord	4/4	2	1	1/4	1/4	1	677						
38	38	148	148	1.0	0	0	Chord	4/4	1	1	1/4	1/4	1	678						
38	38	149	149	1.0	1/4	1/4	Chord	4/4	1	1	1/4	1/4	1	679						
38	38	301/2	301/2	0.25	5/8	5/8	Chord	4/4	1	1	1/16	1/16	1	680						
38	38	603/4	603/4	0.25	11/16	11/16	Chord	4/4	1	1	1/16	1/16	1	681						
38	38	151	151	0.5	3/4	3/4	Chord	4/4	1	1	1/8	1/8	1	682						
38	38	303/2	303/2	0.25	7/8	7/8	Chord	4/4	1	1	1/16	1/16	1	683						
38	38	607/4	607/4	0.25	15/16	15/16	Chord	4/4	1	1	1/16	1/16	1	684						
38	38	148	148	1.0	0	0	Chord	4/4	1	2	1/4	1/4	1	685						
38	38	150	150	1.5	1/2	1/2	Chord	4/4	1	2	3/8	1/4	3/2	686						
38	38	303/2	303/2	0.25	7/8	7/8	Chord	4/4	1	2	1/16	1/16	1	687						
38	38	607/4	607/4	0.25	15/16	15/16	Chord	4/4	1	2	1/16	1/16	1	688						
38	38	148	148	1.0	0	0	Chord	4/4	2	1	1/4	1/4	1	689						
38	38	151	151	1.0	3/4	3/4	Chord	4/4	2	1	1/4	1/4	1	690						
39	39	152	152	1.0	0	0	Chord	4/4	1	1	1/4	1/4	1	691						
39	39	153	153	1.0	1/4	1/4	Chord	4/4	1	1	1/4	1/4	1	692						
39	39	154	154	2.0	1/2	1/2	Chord	4/4	1	1	1/2	1/2	1	693						
39	39	152	152	1.0	0	0	Chord	4/4	1	2	1/4	1/4	1	694						
39	39	153	153	2.0	1/4	1/4	Chord	4/4	1	2	1/2	1/2	1	695						
39	39	155	155	1.0	3/4	3/4	Chord	4/4	1	2	1/4	1/4	1	696						
39	39	152	152	0.5	0	0	Chord	4/4	2	1	1/8	1/8	1	697						
39	39	305/2	305/2	0.25	1/8	1/8	Chord	4/4	2	1	1/16	1/16	1	698						
39	39	611/4	611/4	0.25	3/16	3/16	Chord	4/4	2	1	1/16	1/16	1	699						
39	39	153	153	0.5	1/4	1/4	Chord	4/4	2	1	1/8	1/8	1	700						
39	39	307/2	307/2	0.25	3/8	3/8	Chord	4/4	2	1	1/16	1/16	1	701						
39	39	615/4	615/4	0.25	7/16	7/16	Chord	4/4	2	1	1/16	1/16	1	702						
39	39	154	154	0.5	1/2	1/2	Chord	4/4	2	1	1/8	1/8	1	703						
39	39	309/2	309/2	0.25	5/8	5/8	Chord	4/4	2	1	1/16	1/16	1	704						
39	39	619/4	619/4	0.25	11/16	11/16	Chord	4/4	2	1	1/16	1/16	1	705						
39	39	155	155	0.25	3/4	3/4	Chord	4/4	2	1	1/16	1/16	1	706						
39	39	621/4	621/4	0.25	13/16	13/16	Chord	4/4	2	1	1/16	1/16	1	707						
39	39	311/2	311/2	0.25	7/8	7/8	Chord	4/4	2	1	1/16	1/16	1	708						
39	39	623/4	623/4	0.25	15/16	15/16	Chord	4/4	2	1	1/16	1/16	1	709						
40	40	156	156	0.5	0	0	Chord	4/4	1	1	1/8	1/8	1	710						
40	40	313/2	313/2	0.25	1/8	1/8	Chord	4/4	1	1	1/16	1/16	1	711						
40	40	627/4	627/4	0.25	3/16	3/16	Chord	4/4	1	1	1/16	1/16	1	712						
40	40	157	157	0.5	1/4	1/4	Chord	4/4	1	1	1/8	1/8	1	713						
40	40	315/2	315/2	0.25	3/8	3/8	Chord	4/4	1	1	1/16	1/16	1	714						
40	40	631/4	631/4	0.25	7/16	7/16	Chord	4/4	1	1	1/16	1/16	1	715						
40	40	158	158	0.5	1/2	1/2	Chord	4/4	1	1	1/8	1/8	1	716						
40	40	317/2	317/2	0.25	5/8	5/8	Chord	4/4	1	1	1/16	1/16	1	717						
40	40	635/4	635/4	0.25	11/16	11/16	Chord	4/4	1	1	1/16	1/16	1	718						
40	40	159	159	0.25	3/4	3/4	Chord	4/4	1	1	1/16	1/16	1	719						
40	40	637/4	637/4	0.25	13/16	13/16	Chord	4/4	1	1	1/16	1/16	1	720						
40	40	319/2	319/2	0.25	7/8	7/8	Chord	4/4	1	1	1/16	1/16	1	721						
40	40	639/4	639/4	0.25	15/16	15/16	Chord	4/4	1	1	1/16	1/16	1	722						
40	40	156	156	1.0	0	0	Chord	4/4	1	2	1/4	1/4	1	723						
40	40	157	157	2.0	1/4	1/4	Chord	4/4	1	2	1/2	1/2	1	724						
40	40	159	159	1.0	3/4	3/4	Chord	4/4	1	2	1/4	1/4	1	725						
40	40	156	156	1.0	0	0	Chord	4/4	2	1	1/4	1/4	1	726						
40	40	157	157	1.0	1/4	1/4	Chord	4/4	2	1	1/4	1/4	1	727						
40	40	158	158	1.0	1/2	1/2	Chord	4/4	2	1	1/4	1/4	1	728						
40	40	159	159	1.0	3/4	3/4	Chord	4/4	2	1	1/4	1/4	1	729						
41	41	160	160	2.0	0	0	Chord	4/4	1	1	1/2	1/2	1	730						
41	41	162	162	0.5	1/2	1/2	Chord	4/4	1	1	1/8	1/8	1	731						
41	41	325/2	325/2	0.25	5/8	5/8	Chord	4/4	1	1	1/16	1/16	1	732						
41	41	651/4	651/4	0.25	11/16	11/16	Chord	4/4	1	1	1/16	1/16	1	733						
41	41	163	163	0.5	3/4	3/4	Chord	4/4	1	1	1/8	1/8	1	734						
41	41	327/2	327/2	0.25	7/8	7/8	Chord	4/4	1	1	1/16	1/16	1	735						
41	41	655/4	655/4	0.25	15/16	15/16	Chord	4/4	1	1	1/16	1/16	1	736						
41	41	160	160	0.5	0	0	Chord	4/4	1	2	1/8	1/8	1	737						
41	41	321/2	321/2	0.25	1/8	1/8	Chord	4/4	1	2	1/16	1/16	1	738						
41	41	643/4	643/4	0.25	3/16	3/16	Chord	4/4	1	2	1/16	1/16	1	739						
41	41	161	161	0.5	1/4	1/4	Chord	4/4	1	2	1/8	1/8	1	740						
41	41	323/2	323/2	0.25	3/8	3/8	Chord	4/4	1	2	1/16	1/16	1	741						
41	41	647/4	647/4	0.25	7/16	7/16	Chord	4/4	1	2	1/16	1/16	1	742						
41	41	162	162	2.0	1/2	1/2	Chord	4/4	1	2	1/2	1/2	1	743						
41	41	160	160	2.0	0	0	Chord	4/4	2	1	1/2	1/2	1	744						
41	41	162	162	2.0	1/2	1/2	Chord	4/4	2	1	1/2	1/2	1	745						
42	42	164	164	0.5	0	0	Chord	4/4	1	1	1/8	1/8	1	746						
42	42	329/2	329/2	0.5	1/8	1/8	Chord	4/4	1	1	1/8	1/8	1	747						
42	42	165	165	0.5	1/4	1/4	Chord	4/4	1	1	1/8	1/8	1	748						
42	42	331/2	331/2	0.25	3/8	3/8	Chord	4/4	1	1	1/16	1/16	1	749						
42	42	663/4	663/4	0.25	7/16	7/16	Chord	4/4	1	1	1/16	1/16	1	750						
42	42	166	166	0.5	1/2	1/2	Chord	4/4	1	1	1/8	1/8	1	751						
42	42	333/2	333/2	0.5	5/8	5/8	Chord	4/4	1	1	1/8	1/8	1	752						
42	42	167	167	1.0	3/4	3/4	Chord	4/4	1	1	1/4	1/4	1	753						
42	42	164	164	0.5	0	0	Chord	4/4	1	2	1/8	1/8	1	754						
42	42	329/2	329/2	0.5	1/8	1/8	Chord	4/4	1	2	1/8	1/8	1	755						
42	42	165	165	0.5	1/4	1/4	Chord	4/4	1	2	1/8	1/8	1	756						
42	42	331/2	331/2	0.25	3/8	3/8	Chord	4/4	1	2	1/16	1/16	1	757						
42	42	663/4	663/4	0.25	7/16	7/16	Chord	4/4	1	2	1/16	1/16	1	758						
42	42	166	166	1.0	1/2	1/2	Chord	4/4	1	2	1/4	1/4	1	759						
42	42	335/2	335/2	0.5	7/8	7/8	Chord	4/4	1	2	1/8	1/8	1	760						
42	42	164	164	1.0	0	0	Chord	4/4	2	1	1/4	1/4	1	761						
42	42	165	165	1.0	1/4	1/4	Chord	4/4	2	1	1/4	1/4	1	762						
42	42	166	166	1.0	1/2	1/2	Chord	4/4	2	1	1/4	1/4	1	763						
42	42	335/2	335/2	0.5	7/8	7/8	Chord	4/4	2	1	1/8	1/8	1	764						
43	43	168	168	1.0	0	0	Chord	4/4	1	1	1/4	1/4	1	765						
43	43	169	169	1.0	1/4	1/4	Chord	4/4	1	1	1/4	1/4	1	766						
43	43	170	170	0.5	1/2	1/2	Chord	4/4	1	1	1/8	1/8	1	767						
43	43	341/2	341/2	0.25	5/8	5/8	Chord	4/4	1	1	1/16	1/16	1	768						
43	43	683/4	683/4	0.25	11/16	11/16	Chord	4/4	1	1	1/16	1/16	1	769						
43	43	171	171	0.5	3/4	3/4	Chord	4/4	1	1	1/8	1/8	1	770						
43	43	343/2	343/2	0.25	7/8	7/8	Chord	4/4	1	1	1/16	1/16	1	771						
43	43	687/4	687/4	0.25	15/16	15/16	Chord	4/4	1	1	1/16	1/16	1	772						
43	43	168	168	2.0	0	0	Chord	4/4	1	2	1/2	1/2	1	773						
43	43	170	170	0.5	1/2	1/2	Chord	4/4	1	2	1/8	1/8	1	774						
43	43	341/2	341/2	0.25	5/8	5/8	Chord	4/4	1	2	1/16	1/16	1	775						
43	43	683/4	683/4	0.25	11/16	11/16	Chord	4/4	1	2	1/16	1/16	1	776						
43	43	171	171	0.5	3/4	3/4	Chord	4/4	1	2	1/8	1/8	1	777						
43	43	343/2	343/2	0.25	7/8	7/8	Chord	4/4	1	2	1/16	1/16	1	778						
43	43	687/4	687/4	0.25	15/16	15/16	Chord	4/4	1	2	1/16	1/16	1	779						
43	43	168	168	0.5	0	0	Chord	4/4	2	1	1/8	1/8	1	780						
43	43	337/2	337/2	0.5	1/8	1/8	Chord	4/4	2	1	1/8	1/8	1	781						
43	43	169	169	0.5	1/4	1/4	Chord	4/4	2	1	1/8	1/8	1	782						
43	43	339/2	339/2	0.25	3/8	3/8	Chord	4/4	2	1	1/16	1/16	1	783						
43	43	679/4	679/4	0.25	7/16	7/16	Chord	4/4	2	1	1/16	1/16	1	784						
43	43	170	170	0.5	1/2	1/2	Chord	4/4	2	1	1/8	1/8	1	785						
43	43	341/2	341/2	0.5	5/8	5/8	Chord	4/4	2	1	1/8	1/8	1	786						
43	43	171	171	1.0	3/4	3/4	Chord	4/4	2	1	1/4	1/4	1	787						
44	44	172	172	0.5	0	0	Chord	4/4	1	1	1/8	1/8	1	788						
44	44	345/2	345/2	0.5	1/8	1/8	Chord	4/4	1	1	1/8	1/8	1	789						
44	44	173	173	0.5	1/4	1/4	Chord	4/4	1	1	1/8	1/8	1	790						
44	44	347/2	347/2	0.5	3/8	3/8	Chord	4/4	1	1	1/8	1/8	1	791						
44	44	174	174	0.5	1/2	1/2	Chord	4/4	1	1	1/8	1/8	1	792						
44	44	349/2	349/2	0.25	5/8	5/8	Chord	4/4	1	1	1/16	1/16	1	793						
44	44	699/4	699/4	0.25	11/16	11/16	Chord	4/4	1	1	1/16	1/16	1	794						
44	44	175	175	1.0	3/4	3/4	Chord	4/4	1	1	1/4	1/4	1	795						
44	44	172	172	0.5	0	0	Chord	4/4	1	2	1/8	1/8	1	796						
44	44	345/2	345/2	0.25	1/8	1/8	Chord	4/4	1	2	1/16	1/16	1	797						
44	44	691/4	691/4	0.25	3/16	3/16	Chord	4/4	1	2	1/16	1/16	1	798						
44	44	173	173	0.25	1/4	1/4	Chord	4/4	1	2	1/16	1/16	1	799						
44	44	693/4	693/4	0.25	5/16	5/16	Chord	4/4	1	2	1/16	1/16	1	800						
44	44	347/2	347/2	0.25	3/8	3/8	Chord	4/4	1	2	1/16	1/16	1	801						
44	44	695/4	695/4	0.25	7/16	7/16	Chord	4/4	1	2	1/16	1/16	1	802						
44	44	174	174	1.5	1/2	1/2	Chord	4/4	1	2	3/8	1/4	3/2	803						
44	44	351/2	351/2	0.5	7/8	7/8	Chord	4/4	1	2	1/8	1/8	1	804						
44	44	174	174	1.0	1/2	1/2	Chord	4/4	1	3	1/4	1/4	1	805						
44	44	172	172	1.0	0	0	Chord	4/4	2	1	1/4	1/4	1	806						
44	44	173	173	1.0	1/4	1/4	Chord	4/4	2	1	1/4	1/4	1	807						
44	44	349/2	349/2	0.25	5/8	5/8	Chord	4/4	2	1	1/16	1/16	1	808						
44	44	699/4	699/4	0.25	11/16	11/16	Chord	4/4	2	1	1/16	1/16	1	809						
44	44	175	175	0.5	3/4	3/4	Chord	4/4	2	1	1/8	1/8	1	810						
44	44	351/2	351/2	0.25	7/8	7/8	Chord	4/4	2	1	1/16	1/16	1	811						
44	44	703/4	703/4	0.25	15/16	15/16	Chord	4/4	2	1	1/16	1/16	1	812						
45	45	176	176	1.0	0	0	Chord	4/4	1	1	1/4	1/4	1	813						
45	45	177	177	1.0	1/4	1/4	Chord	4/4	1	1	1/4	1/4	1	814						
45	45	178	178	1.0	1/2	1/2	Chord	4/4	1	1	1/4	1/4	1	815						
45	45	359/2	359/2	0.5	7/8	7/8	Chord	4/4	1	1	1/8	1/8	1	816						
45	45	176	176	0.5	0	0	Chord	4/4	1	2	1/8	1/8	1	817						
45	45	353/2	353/2	0.5	1/8	1/8	Chord	4/4	1	2	1/8	1/8	1	818						
45	45	177	177	1.0	1/4	1/4	Chord	4/4	1	2	1/4	1/4	1	819						
45	45	178	178	0.5	1/2	1/2	Chord	4/4	1	2	1/8	1/8	1	820						
45	45	357/2	357/2	0.25	5/8	5/8	Chord	4/4	1	2	1/16	1/16	1	821						
45	45	715/4	715/4	0.25	11/16	11/16	Chord	4/4	1	2	1/16	1/16	1	822						
45	45	179	179	0.25	3/4	3/4	Chord	4/4	1	2	1/16	1/16	1	823						
45	45	717/4	717/4	0.25	13/16	13/16	Chord	4/4	1	2	1/16	1/16	1	824						
45	45	359/2	359/2	0.25	7/8	7/8	Chord	4/4	1	2	1/16	1/16	1	825						
45	45	719/4	719/4	0.25	15/16	15/16	Chord	4/4	1	2	1/16	1/16	1	826						
45	45	176	176	0.5	0	0	Chord	4/4	2	1	1/8	1/8	1	827						
45	45	353/2	353/2	0.25	1/8	1/8	Chord	4/4	2	1	1/16	1/16	1	828						
45	45	707/4	707/4	0.25	3/16	3/16	Chord	4/4	2	1	1/16	1/16	1	829						
45	45	177	177	0.25	1/4	1/4	Chord	4/4	2	1	1/16	1/16	1	830						
45	45	709/4	709/4	0.25	5/16	5/16	Chord	4/4	2	1	1/16	1/16	1	831						
45	45	355/2	355/2	0.25	3/8	3/8	Chord	4/4	2	1	1/16	1/16	1	832						
45	45	711/4	711/4	0.25	7/16	7/16	Chord	4/4	2	1	1/16	1/16	1	833						
45	45	178	178	0.5	1/2	1/2	Chord	4/4	2	1	1/8	1/8	1	834						
45	45	357/2	357/2	0.25	5/8	5/8	Chord	4/4	2	1	1/16	1/16	1	835						
45	45	715/4	715/4	0.25	11/16	11/16	Chord	4/4	2	1	1/16	1/16	1	836						
45	45	179	179	0.25	3/4	3/4	Chord	4/4	2	1	1/16	1/16	1	837						
45	45	717/4	717/4	0.25	13/16	13/16	Chord	4/4	2	1	1/16	1/16	1	838						
45	45	359/2	359/2	0.25	7/8	7/8	Chord	4/4	2	1	1/16	1/16	1	839						
45	45	719/4	719/4	0.25	15/16	15/16	Chord	4/4	2	1	1/16	1/16	1	840						
46	46	180	180	1.0	0	0	Chord	4/4	1	1	1/4	1/4	1	841						
46	46	363/2	363/2	0.5	3/8	3/8	Chord	4/4	1	1	1/8	1/8	1	842						
46	46	182	182	1.0	1/2	1/2	Chord	4/4	1	1	1/4	1/4	1	843						
46	46	367/2	367/2	0.5	7/8	7/8	Chord	4/4	1	1	1/8	1/8	1	844						
46	46	180	180	0.5	0	0	Chord	4/4	1	2	1/8	1/8	1	845						
46	46	361/2	361/2	0.25	1/8	1/8	Chord	4/4	1	2	1/16	1/16	1	846						
46	46	723/4	723/4	0.25	3/16	3/16	Chord	4/4	1	2	1/16	1/16	1	847						
46	46	181	181	0.25	1/4	1/4	Chord	4/4	1	2	1/16	1/16	1	848						
46	46	725/4	725/4	0.25	5/16	5/16	Chord	4/4	1	2	1/16	1/16	1	849						
46	46	363/2	363/2	0.25	3/8	3/8	Chord	4/4	1	2	1/16	1/16	1	850						
46	46	727/4	727/4	0.25	7/16	7/16	Chord	4/4	1	2	1/16	1/16	1	851						
46	46	182	182	0.5	1/2	1/2	Chord	4/4	1	2	1/8	1/8	1	852						
46	46	365/2	365/2	0.25	5/8	5/8	Chord	4/4	1	2	1/16	1/16	1	853						
46	46	731/4	731/4	0.25	11/16	11/16	Chord	4/4	1	2	1/16	1/16	1	854						
46	46	183	183	0.25	3/4	3/4	Chord	4/4	1	2	1/16	1/16	1	855						
46	46	733/4	733/4	0.25	13/16	13/16	Chord	4/4	1	2	1/16	1/16	1	856						
46	46	367/2	367/2	0.25	7/8	7/8	Chord	4/4	1	2	1/16	1/16	1	857						
46	46	735/4	735/4	0.25	15/16	15/16	Chord	4/4	1	2	1/16	1/16	1	858						
46	46	180	180	0.5	0	0	Chord	4/4	2	1	1/8	1/8	1	859						
46	46	361/2	361/2	0.25	1/8	1/8	Chord	4/4	2	1	1/16	1/16	1	860						
46	46	723/4	723/4	0.25	3/16	3/16	Chord	4/4	2	1	1/16	1/16	1	861						
46	46	181	181	0.25	1/4	1/4	Chord	4/4	2	1	1/16	1/16	1	862						
46	46	725/4	725/4	0.25	5/16	5/16	Chord	4/4	2	1	1/16	1/16	1	863						
46	46	363/2	363/2	0.25	3/8	3/8	Chord	4/4	2	1	1/16	1/16	1	864						
46	46	727/4	727/4	0.25	7/16	7/16	Chord	4/4	2	1	1/16	1/16	1	865						
46	46	182	182	0.5	1/2	1/2	Chord	4/4	2	1	1/8	1/8	1	866						
46	46	365/2	365/2	0.25	5/8	5/8	Chord	4/4	2	1	1/16	1/16	1	867						
46	46	731/4	731/4	0.25	11/16	11/16	Chord	4/4	2	1	1/16	1/16	1	868						
46	46	183	183	0.25	3/4	3/4	Chord	4/4	2	1	1/16	1/16	1	869						
46	46	733/4	733/4	0.25	13/16	13/16	Chord	4/4	2	1	1/16	1/16	1	870						
46	46	367/2	367/2	0.25	7/8	7/8	Chord	4/4	2	1	1/16	1/16	1	871						
46	46	735/4	735/4	0.25	15/16	15/16	Chord	4/4	2	1	1/16	1/16	1	872						
47	47	184	184	1.0	0	0	Chord	4/4	1	1	1/4	1/4	1	873						
47	47	185	185	1.0	1/4	1/4	Chord	4/4	1	1	1/4	1/4	1	874						
47	47	186	186	1.0	1/2	1/2	Chord	4/4	1	1	1/4	1/4	1	875						
47	47	375/2	375/2	0.5	7/8	7/8	Chord	4/4	1	1	1/8	1/8	1	876						
47	47	184	184	1.0	0	0	Chord	4/4	1	2	1/4	1/4	1	877						
47	47	373/2	373/2	0.25	5/8	5/8	Chord	4/4	1	2	1/16	1/16	1	878						
47	47	747/4	747/4	0.25	11/16	11/16	Chord	4/4	1	2	1/16	1/16	1	879						
47	47	187	187	0.5	3/4	3/4	Chord	4/4	1	2	1/8	1/8	1	880						
47	47	375/2	375/2	0.25	7/8	7/8	Chord	4/4	1	2	1/16	1/16	1	881						
47	47	751/4	751/4	0.25	15/16	15/16	Chord	4/4	1	2	1/16	1/16	1	882						
47	47	184	184	0.5	0	0	Chord	4/4	2	1	1/8	1/8	1	883						
47	47	369/2	369/2	0.25	1/8	1/8	Chord	4/4	2	1	1/16	1/16	1	884						
47	47	739/4	739/4	0.25	3/16	3/16	Chord	4/4	2	1	1/16	1/16	1	885						
47	47	185	185	0.5	1/4	1/4	Chord	4/4	2	1	1/8	1/8	1	886						
47	47	371/2	371/2	0.25	3/8	3/8	Chord	4/4	2	1	1/16	1/16	1	887						
47	47	743/4	743/4	0.25	7/16	7/16	Chord	4/4	2	1	1/16	1/16	1	888						
47	47	186	186	0.5	1/2	1/2	Chord	4/4	2	1	1/8	1/8	1	889						
47	47	373/2	373/2	0.25	5/8	5/8	Chord	4/4	2	1	1/16	1/16	1	890						
47	47	747/4	747/4	0.25	11/16	11/16	Chord	4/4	2	1	1/16	1/16	1	891						
47	47	187	187	0.5	3/4	3/4	Chord	4/4	2	1	1/8	1/8	1	892						
47	47	375/2	375/2	0.25	7/8	7/8	Chord	4/4	2	1	1/16	1/16	1	893						
47	47	751/4	751/4	0.25	15/16	15/16	Chord	4/4	2	1	1/16	1/16	1	894						
48	48	188	188	0.5	0	0	Chord	4/4	1	1	1/8	1/8	1	895						
48	48	377/2	377/2	0.5	1/8	1/8	Chord	4/4	1	1	1/8	1/8	1	896						
48	48	189	189	0.5	1/4	1/4	Chord	4/4	1	1	1/8	1/8	1	897						
48	48	379/2	379/2	0.25	3/8	3/8	Chord	4/4	1	1	1/16	1/16	1	898						
48	48	759/4	759/4	0.25	7/16	7/16	Chord	4/4	1	1	1/16	1/16	1	899						
48	48	190	190	0.5	1/2	1/2	Chord	4/4	1	1	1/8	1/8	1	900						
48	48	381/2	381/2	0.5	5/8	5/8	Chord	4/4	1	1	1/8	1/8	1	901						
48	48	191	191	1.0	3/4	3/4	Chord	4/4	1	1	1/4	1/4	1	902						
48	48	188	188	0.5	0	0	Chord	4/4	1	2	1/8	1/8	1	903						
48	48	377/2	377/2	0.25	1/8	1/8	Chord	4/4	1	2	1/16	1/16	1	904						
48	48	755/4	755/4	0.25	3/16	3/16	Chord	4/4	1	2	1/16	1/16	1	905						
48	48	189	189	0.5	1/4	1/4	Chord	4/4	1	2	1/8	1/8	1	906						
48	48	379/2	379/2	0.25	3/8	3/8	Chord	4/4	1	2	1/16	1/16	1	907						
48	48	759/4	759/4	0.25	7/16	7/16	Chord	4/4	1	2	1/16	1/16	1	908						
48	48	190	190	1.0	1/2	1/2	Chord	4/4	1	2	1/4	1/4	1	909						
48	48	383/2	383/2	0.5	7/8	7/8	Chord	4/4	1	2	1/8	1/8	1	910						
48	48	188	188	0.5	0	0	Chord	4/4	2	1	1/8	1/8	1	911						
48	48	377/2	377/2	0.25	1/8	1/8	Chord	4/4	2	1	1/16	1/16	1	912						
48	48	755/4	755/4	0.25	3/16	3/16	Chord	4/4	2	1	1/16	1/16	1	913						
48	48	189	189	1.0	1/4	1/4	Chord	4/4	2	1	1/4	1/4	1	914						
48	48	190	190	1.0	1/2	1/2	Chord	4/4	2	1	1/4	1/4	1	915						
48	48	191	191	1.0	3/4	3/4	Chord	4/4	2	1	1/4	1/4	1	916						
48	48	190	190	1.0	1/2	1/2	Chord	4/4	2	2	1/4	1/4	1	917						
49	49	192	192	0.5	0	0	Chord	4/4	1	1	1/8	1/8	1	918						
49	49	385/2	385/2	0.25	1/8	1/8	Chord	4/4	1	1	1/16	1/16	1	919						
49	49	771/4	771/4	0.25	3/16	3/16	Chord	4/4	1	1	1/16	1/16	1	920						
49	49	193	193	0.5	1/4	1/4	Chord	4/4	1	1	1/8	1/8	1	921						
49	49	387/2	387/2	0.5	3/8	3/8	Chord	4/4	1	1	1/8	1/8	1	922						
49	49	194	194	0.5	1/2	1/2	Chord	4/4	1	1	1/8	1/8	1	923						
49	49	389/2	389/2	0.5	5/8	5/8	Chord	4/4	1	1	1/8	1/8	1	924						
49	49	195	195	1.0	3/4	3/4	Chord	4/4	1	1	1/4	1/4	1	925						
49	49	193	193	0.5	1/4	1/4	Chord	4/4	1	2	1/8	1/8	1	926						
49	49	387/2	387/2	0.5	3/8	3/8	Chord	4/4	1	2	1/8	1/8	1	927						
49	49	194	194	1.0	1/2	1/2	Chord	4/4	1	2	1/4	1/4	1	928						
49	49	192	192	1.0	0	0	Chord	4/4	2	1	1/4	1/4	1	929						
49	49	387/2	387/2	0.5	3/8	3/8	Chord	4/4	2	1	1/8	1/8	1	930						
49	49	194	194	0.5	1/2	1/2	Chord	4/4	2	1	1/8	1/8	1	931						
49	49	389/2	389/2	0.5	5/8	5/8	Chord	4/4	2	1	1/8	1/8	1	932						
49	49	195	195	0.5	3/4	3/4	Chord	4/4	2	1	1/8	1/8	1	933						
49	49	391/2	391/2	0.25	7/8	7/8	Chord	4/4	2	1	1/16	1/16	1	934						
49	49	783/4	783/4	0.25	15/16	15/16	Chord	4/4	2	1	1/16	1/16	1	935						
49	49	192	192	0.5	0	0	Chord	4/4	2	2	1/8	1/8	1	936						
49	49	385/2	385/2	0.25	1/8	1/8	Chord	4/4	2	2	1/16	1/16	1	937						
49	49	771/4	771/4	0.25	3/16	3/16	Chord	4/4	2	2	1/16	1/16	1	938						
50	50	196	196	1.0	0	0	Chord	4/4	1	1	1/4	1/4	1	939						
50	50	197	197	1.0	1/4	1/4	Chord	4/4	1	1	1/4	1/4	1	940						
50	50	198	198	2.0	1/2	1/2	Chord	4/4	1	1	1/2	1/2	1	941						
50	50	393/2	393/2	0.25	1/8	1/8	Chord	4/4	1	2	1/16	1/16	1	942						
50	50	787/4	787/4	0.25	3/16	3/16	Chord	4/4	1	2	1/16	1/16	1	943						
50	50	197	197	0.5	1/4	1/4	Chord	4/4	1	2	1/8	1/8	1	944						
50	50	395/2	395/2	0.25	3/8	3/8	Chord	4/4	1	2	1/16	1/16	1	945						
50	50	791/4	791/4	0.25	7/16	7/16	Chord	4/4	1	2	1/16	1/16	1	946						
50	50	198	198	0.5	1/2	1/2	Chord	4/4	1	2	1/8	1/8	1	947						
50	50	397/2	397/2	0.25	5/8	5/8	Chord	4/4	1	2	1/16	1/16	1	948						
50	50	795/4	795/4	0.25	11/16	11/16	Chord	4/4	1	2	1/16	1/16	1	949						
50	50	199	199	0.25	3/4	3/4	Chord	4/4	1	2	1/16	1/16	1	950						
50	50	797/4	797/4	0.25	13/16	13/16	Chord	4/4	1	2	1/16	1/16	1	951						
50	50	399/2	399/2	0.25	7/8	7/8	Chord	4/4	1	2	1/16	1/16	1	952						
50	50	799/4	799/4	0.25	15/16	15/16	Chord	4/4	1	2	1/16	1/16	1	953						
50	50	196	196	0.5	0	0	Chord	4/4	2	1	1/8	1/8	1	954						
50	50	393/2	393/2	0.5	1/8	1/8	Chord	4/4	2	1	1/8	1/8	1	955						
50	50	197	197	2.0	1/4	1/4	Chord	4/4	2	1	1/2	1/2	1	956						
50	50	199	199	1.0	3/4	3/4	Chord	4/4	2	1	1/4	1/4	1	957						
51	51	200	200	0.5	0	0	Chord	4/4	1	1	1/8	1/8	1	958						
51	51	401/2	401/2	0.25	1/8	1/8	Chord	4/4	1	1	1/16	1/16	1	959						
51	51	803/4	803/4	0.25	3/16	3/16	Chord	4/4	1	1	1/16	1/16	1	960						
51	51	201	201	0.5	1/4	1/4	Chord	4/4	1	1	1/8	1/8	1	961						
51	51	403/2	403/2	0.25	3/8	3/8	Chord	4/4	1	1	1/16	1/16	1	962						
51	51	807/4	807/4	0.25	7/16	7/16	Chord	4/4	1	1	1/16	1/16	1	963						
51	51	202	202	0.5	1/2	1/2	Chord	4/4	1	1	1/8	1/8	1	964						
51	51	405/2	405/2	0.25	5/8	5/8	Chord	4/4	1	1	1/16	1/16	1	965						
51	51	811/4	811/4	0.25	11/16	11/16	Chord	4/4	1	1	1/16	1/16	1	966						
51	51	203	203	1.0	3/4	3/4	Chord	4/4	1	1	1/4	1/4	1	967						
51	51	200	200	1.0	0	0	Chord	4/4	1	2	1/4	1/4	1	968						
51	51	203	203	0.25	3/4	3/4	Chord	4/4	1	2	1/16	1/16	1	969						
51	51	813/4	813/4	0.25	13/16	13/16	Chord	4/4	1	2	1/16	1/16	1	970						
51	51	407/2	407/2	0.25	7/8	7/8	Chord	4/4	1	2	1/16	1/16	1	971						
51	51	815/4	815/4	0.25	15/16	15/16	Chord	4/4	1	2	1/16	1/16	1	972						
51	51	200	200	0.5	0	0	Chord	4/4	2	1	1/8	1/8	1	973						
51	51	401/2	401/2	0.25	1/8	1/8	Chord	4/4	2	1	1/16	1/16	1	974						
51	51	803/4	803/4	0.25	3/16	3/16	Chord	4/4	2	1	1/16	1/16	1	975						
51	51	201	201	0.5	1/4	1/4	Chord	4/4	2	1	1/8	1/8	1	976						
51	51	403/2	403/2	0.25	3/8	3/8	Chord	4/4	2	1	1/16	1/16	1	977						
51	51	807/4	807/4	0.25	7/16	7/16	Chord	4/4	2	1	1/16	1/16	1	978						
51	51	202	202	0.5	1/2	1/2	Chord	4/4	2	1	1/8	1/8	1	979						
51	51	405/2	405/2	0.25	5/8	5/8	Chord	4/4	2	1	1/16	1/16	1	980						
51	51	811/4	811/4	0.25	11/16	11/16	Chord	4/4	2	1	1/16	1/16	1	981						
51	51	203	203	0.25	3/4	3/4	Chord	4/4	2	1	1/16	1/16	1	982						
51	51	813/4	813/4	0.25	13/16	13/16	Chord	4/4	2	1	1/16	1/16	1	983						
51	51	407/2	407/2	0.25	7/8	7/8	Chord	4/4	2	1	1/16	1/16	1	984						
51	51	815/4	815/4	0.25	15/16	15/16	Chord	4/4	2	1	1/16	1/16	1	985						
52	52	204	204	0.5	0	0	Chord	4/4	1	1	1/8	1/8	1	986						
52	52	409/2	409/2	0.25	1/8	1/8	Chord	4/4	1	1	1/16	1/16	1	987						
52	52	819/4	819/4	0.25	3/16	3/16	Chord	4/4	1	1	1/16	1/16	1	988						
52	52	205	205	0.5	1/4	1/4	Chord	4/4	1	1	1/8	1/8	1	989						
52	52	411/2	411/2	0.25	3/8	3/8	Chord	4/4	1	1	1/16	1/16	1	990						
52	52	823/4	823/4	0.25	7/16	7/16	Chord	4/4	1	1	1/16	1/16	1	991						
52	52	206	206	0.5	1/2	1/2	Chord	4/4	1	1	1/8	1/8	1	992						
52	52	413/2	413/2	0.25	5/8	5/8	Chord	4/4	1	1	1/16	1/16	1	993						
52	52	827/4	827/4	0.25	11/16	11/16	Chord	4/4	1	1	1/16	1/16	1	994						
52	52	207	207	1.0	3/4	3/4	Chord	4/4	1	1	1/4	1/4	1	995						
52	52	204	204	1.0	0	0	Chord	4/4	1	2	1/4	1/4	1	996						
52	52	207	207	0.25	3/4	3/4	Chord	4/4	1	2	1/16	1/16	1	997						
52	52	829/4	829/4	0.25	13/16	13/16	Chord	4/4	1	2	1/16	1/16	1	998						
52	52	415/2	415/2	0.25	7/8	7/8	Chord	4/4	1	2	1/16	1/16	1	999						
52	52	831/4	831/4	0.25	15/16	15/16	Chord	4/4	1	2	1/16	1/16	1	1000						
52	52	204	204	0.5	0	0	Chord	4/4	2	1	1/8	1/8	1	1001						
52	52	409/2	409/2	0.25	1/8	1/8	Chord	4/4	2	1	1/16	1/16	1	1002						
52	52	819/4	819/4	0.25	3/16	3/16	Chord	4/4	2	1	1/16	1/16	1	1003						
52	52	205	205	0.5	1/4	1/4	Chord	4/4	2	1	1/8	1/8	1	1004						
52	52	411/2	411/2	0.25	3/8	3/8	Chord	4/4	2	1	1/16	1/16	1	1005						
52	52	823/4	823/4	0.25	7/16	7/16	Chord	4/4	2	1	1/16	1/16	1	1006						
52	52	206	206	0.5	1/2	1/2	Chord	4/4	2	1	1/8	1/8	1	1007						
52	52	413/2	413/2	0.25	5/8	5/8	Chord	4/4	2	1	1/16	1/16	1	1008						
52	52	827/4	827/4	0.25	11/16	11/16	Chord	4/4	2	1	1/16	1/16	1	1009						
52	52	207	207	0.25	3/4	3/4	Chord	4/4	2	1	1/16	1/16	1	1010						
52	52	829/4	829/4	0.25	13/16	13/16	Chord	4/4	2	1	1/16	1/16	1	1011						
52	52	415/2	415/2	0.25	7/8	7/8	Chord	4/4	2	1	1/16	1/16	1	1012						
52	52	831/4	831/4	0.25	15/16	15/16	Chord	4/4	2	1	1/16	1/16	1	1013						
53	53	208	208	1.0	0	0	Chord	4/4	1	1	1/4	1/4	1	1014						
53	53	209	209	1.0	1/4	1/4	Chord	4/4	1	1	1/4	1/4	1	1015						
53	53	210	210	1.0	1/2	1/2	Chord	4/4	1	1	1/4	1/4	1	1016						
53	53	423/2	423/2	0.5	7/8	7/8	Chord	4/4	1	1	1/8	1/8	1	1017						
53	53	208	208	0.5	0	0	Chord	4/4	1	2	1/8	1/8	1	1018						
53	53	417/2	417/2	0.25	1/8	1/8	Chord	4/4	1	2	1/16	1/16	1	1019						
53	53	835/4	835/4	0.25	3/16	3/16	Chord	4/4	1	2	1/16	1/16	1	1020						
53	53	209	209	0.5	1/4	1/4	Chord	4/4	1	2	1/8	1/8	1	1021						
53	53	419/2	419/2	0.5	3/8	3/8	Chord	4/4	1	2	1/8	1/8	1	1022						
53	53	210	210	0.5	1/2	1/2	Chord	4/4	1	2	1/8	1/8	1	1023						
53	53	421/2	421/2	0.5	5/8	5/8	Chord	4/4	1	2	1/8	1/8	1	1024						
53	53	211	211	1.0	3/4	3/4	Chord	4/4	1	2	1/4	1/4	1	1025						
53	53	208	208	0.5	0	0	Chord	4/4	2	1	1/8	1/8	1	1026						
53	53	417/2	417/2	0.5	1/8	1/8	Chord	4/4	2	1	1/8	1/8	1	1027						
53	53	209	209	0.5	1/4	1/4	Chord	4/4	2	1	1/8	1/8	1	1028						
53	53	419/2	419/2	0.5	3/8	3/8	Chord	4/4	2	1	1/8	1/8	1	1029						
53	53	210	210	1.0	1/2	1/2	Chord	4/4	2	1	1/4	1/4	1	1030						
53	53	423/2	423/2	0.5	7/8	7/8	Chord	4/4	2	1	1/8	1/8	1	1031						
54	54	212	212	0.5	0	0	Chord	4/4	1	1	1/8	1/8	1	1032						
54	54	425/2	425/2	0.25	1/8	1/8	Chord	4/4	1	1	1/16	1/16	1	1033						
54	54	851/4	851/4	0.25	3/16	3/16	Chord	4/4	1	1	1/16	1/16	1	1034						
54	54	213	213	1.0	1/4	1/4	Chord	4/4	1	1	1/4	1/4	1	1035						
54	54	214	214	0.5	1/2	1/2	Chord	4/4	1	1	1/8	1/8	1	1036						
54	54	429/2	429/2	0.25	5/8	5/8	Chord	4/4	1	1	1/16	1/16	1	1037						
54	54	859/4	859/4	0.25	11/16	11/16	Chord	4/4	1	1	1/16	1/16	1	1038						
54	54	215	215	0.5	3/4	3/4	Chord	4/4	1	1	1/8	1/8	1	1039						
54	54	431/2	431/2	0.5	7/8	7/8	Chord	4/4	1	1	1/8	1/8	1	1040						
54	54	212	212	0.5	0	0	Chord	4/4	1	2	1/8	1/8	1	1041						
54	54	425/2	425/2	0.5	1/8	1/8	Chord	4/4	1	2	1/8	1/8	1	1042						
54	54	213	213	0.5	1/4	1/4	Chord	4/4	1	2	1/8	1/8	1	1043						
54	54	427/2	427/2	0.25	3/8	3/8	Chord	4/4	1	2	1/16	1/16	1	1044						
54	54	855/4	855/4	0.25	7/16	7/16	Chord	4/4	1	2	1/16	1/16	1	1045						
54	54	214	214	0.5	1/2	1/2	Chord	4/4	1	2	1/8	1/8	1	1046						
54	54	429/2	429/2	0.5	5/8	5/8	Chord	4/4	1	2	1/8	1/8	1	1047						
54	54	215	215	1.0	3/4	3/4	Chord	4/4	1	2	1/4	1/4	1	1048						
54	54	212	212	1.0	0	0	Chord	4/4	2	1	1/4	1/4	1	1049						
54	54	214	214	1.0	1/2	1/2	Chord	4/4	2	1	1/4	1/4	1	1050						
54	54	431/2	431/2	0.5	7/8	7/8	Chord	4/4	2	1	1/8	1/8	1	1051						
55	55	216	216	1.0	0	0	Chord	4/4	1	1	1/4	1/4	1	1052						
55	55	217	217	2.0	1/4	1/4	Chord	4/4	1	1	1/2	1/2	1	1053						
55	55	219	219	1.0	3/4	3/4	Chord	4/4	1	1	1/4	1/4	1	1054						
55	55	216	216	1.0	0	0	Chord	4/4	1	2	1/4	1/4	1	1055						
55	55	435/2	435/2	0.5	3/8	3/8	Chord	4/4	1	2	1/8	1/8	1	1056						
55	55	218	218	0.5	1/2	1/2	Chord	4/4	1	2	1/8	1/8	1	1057						
55	55	437/2	437/2	0.5	5/8	5/8	Chord	4/4	1	2	1/8	1/8	1	1058						
55	55	219	219	0.5	3/4	3/4	Chord	4/4	1	2	1/8	1/8	1	1059						
55	55	439/2	439/2	0.25	7/8	7/8	Chord	4/4	1	2	1/16	1/16	1	1060						
55	55	879/4	879/4	0.25	15/16	15/16	Chord	4/4	1	2	1/16	1/16	1	1061						
55	55	216	216	0.5	0	0	Chord	4/4	2	1	1/8	1/8	1	1062						
55	55	433/2	433/2	0.5	1/8	1/8	Chord	4/4	2	1	1/8	1/8	1	1063						
55	55	217	217	0.5	1/4	1/4	Chord	4/4	2	1	1/8	1/8	1	1064						
55	55	435/2	435/2	0.25	3/8	3/8	Chord	4/4	2	1	1/16	1/16	1	1065						
55	55	871/4	871/4	0.25	7/16	7/16	Chord	4/4	2	1	1/16	1/16	1	1066						
55	55	218	218	1.0	1/2	1/2	Chord	4/4	2	1	1/4	1/4	1	1067						
55	55	439/2	439/2	0.5	7/8	7/8	Chord	4/4	2	1	1/8	1/8	1	1068						
56	56	220	220	1.0	0	0	Chord	4/4	1	1	1/4	1/4	1	1069						
56	56	221	221	2.0	1/4	1/4	Chord	4/4	1	1	1/2	1/2	1	1070						
56	56	223	223	1.0	3/4	3/4	Chord	4/4	1	1	1/4	1/4	1	1071						
56	56	220	220	1.0	0	0	Chord	4/4	1	2	1/4	1/4	1	1072						
56	56	443/2	443/2	0.5	3/8	3/8	Chord	4/4	1	2	1/8	1/8	1	1073						
56	56	222	222	0.5	1/2	1/2	Chord	4/4	1	2	1/8	1/8	1	1074						
56	56	445/2	445/2	0.5	5/8	5/8	Chord	4/4	1	2	1/8	1/8	1	1075						
56	56	223	223	0.5	3/4	3/4	Chord	4/4	1	2	1/8	1/8	1	1076						
56	56	447/2	447/2	0.25	7/8	7/8	Chord	4/4	1	2	1/16	1/16	1	1077						
56	56	895/4	895/4	0.25	15/16	15/16	Chord	4/4	1	2	1/16	1/16	1	1078						
56	56	220	220	0.5	0	0	Chord	4/4	2	1	1/8	1/8	1	1079						
56	56	441/2	441/2	0.5	1/8	1/8	Chord	4/4	2	1	1/8	1/8	1	1080						
56	56	221	221	0.5	1/4	1/4	Chord	4/4	2	1	1/8	1/8	1	1081						
56	56	443/2	443/2	0.25	3/8	3/8	Chord	4/4	2	1	1/16	1/16	1	1082						
56	56	887/4	887/4	0.25	7/16	7/16	Chord	4/4	2	1	1/16	1/16	1	1083						
56	56	222	222	1.0	1/2	1/2	Chord	4/4	2	1	1/4	1/4	1	1084						
56	56	447/2	447/2	0.5	7/8	7/8	Chord	4/4	2	1	1/8	1/8	1	1085						
57	57	224	224	1.0	0	0	Chord	4/4	1	1	1/4	1/4	1	1086						
57	57	225	225	2.0	1/4	1/4	Chord	4/4	1	1	1/2	1/2	1	1087						
57	57	227	227	1.0	3/4	3/4	Chord	4/4	1	1	1/4	1/4	1	1088						
57	57	224	224	1.0	0	0	Chord	4/4	1	2	1/4	1/4	1	1089						
57	57	451/2	451/2	0.5	3/8	3/8	Chord	4/4	1	2	1/8	1/8	1	1090						
57	57	226	226	0.5	1/2	1/2	Chord	4/4	1	2	1/8	1/8	1	1091						
57	57	453/2	453/2	0.5	5/8	5/8	Chord	4/4	1	2	1/8	1/8	1	1092						
57	57	227	227	0.5	3/4	3/4	Chord	4/4	1	2	1/8	1/8	1	1093						
57	57	455/2	455/2	0.25	7/8	7/8	Chord	4/4	1	2	1/16	1/16	1	1094						
57	57	911/4	911/4	0.25	15/16	15/16	Chord	4/4	1	2	1/16	1/16	1	1095						
57	57	224	224	0.5	0	0	Chord	4/4	2	1	1/8	1/8	1	1096						
57	57	449/2	449/2	0.5	1/8	1/8	Chord	4/4	2	1	1/8	1/8	1	1097						
57	57	225	225	0.5	1/4	1/4	Chord	4/4	2	1	1/8	1/8	1	1098						
57	57	451/2	451/2	0.25	3/8	3/8	Chord	4/4	2	1	1/16	1/16	1	1099						
57	57	903/4	903/4	0.25	7/16	7/16	Chord	4/4	2	1	1/16	1/16	1	1100						
57	57	226	226	1.0	1/2	1/2	Chord	4/4	2	1	1/4	1/4	1	1101						
57	57	227	227	1.0	3/4	3/4	Chord	4/4	2	1	1/4	1/4	1	1102						
58	58	228	228	1.0	0	0	Chord	4/4	1	1	1/4	1/4	1	1103						
58	58	228	228	1.0	0	0	Chord	4/4	1	2	1/4	1/4	1	1104						
58	58	229	229	1.0	1/4	1/4	Chord	4/4	1	2	1/4	1/4	1	1105						
58	58	230	230	1.0	1/2	1/2	Chord	4/4	1	2	1/4	1/4	1	1106						
58	58	463/2	463/2	0.5	7/8	7/8	Chord	4/4	1	2	1/8	1/8	1	1107						
58	58	228	228	0.5	0	0	Chord	4/4	2	1	1/8	1/8	1	1108						
58	58	457/2	457/2	0.25	1/8	1/8	Chord	4/4	2	1	1/16	1/16	1	1109						
58	58	915/4	915/4	0.25	3/16	3/16	Chord	4/4	2	1	1/16	1/16	1	1110						
58	58	229	229	0.5	1/4	1/4	Chord	4/4	2	1	1/8	1/8	1	1111						
58	58	459/2	459/2	0.25	3/8	3/8	Chord	4/4	2	1	1/16	1/16	1	1112						
58	58	919/4	919/4	0.25	7/16	7/16	Chord	4/4	2	1	1/16	1/16	1	1113						
58	58	230	230	0.5	1/2	1/2	Chord	4/4	2	1	1/8	1/8	1	1114						
58	58	461/2	461/2	0.25	5/8	5/8	Chord	4/4	2	1	1/16	1/16	1	1115						
58	58	923/4	923/4	0.25	11/16	11/16	Chord	4/4	2	1	1/16	1/16	1	1116						
58	58	231	231	0.25	3/4	3/4	Chord	4/4	2	1	1/16	1/16	1	1117						
58	58	925/4	925/4	0.25	13/16	13/16	Chord	4/4	2	1	1/16	1/16	1	1118						
58	58	463/2	463/2	0.25	7/8	7/8	Chord	4/4	2	1	1/16	1/16	1	1119						
58	58	927/4	927/4	0.25	15/16	15/16	Chord	4/4	2	1	1/16	1/16	1	1120						
59	59	232	232	1.0	0	0	Chord	4/4	1	1	1/4	1/4	1	1121						
59	59	233	233	1.0	1/4	1/4	Chord	4/4	1	1	1/4	1/4	1	1122						
59	59	234	234	1.5	1/2	1/2	Chord	4/4	1	1	3/8	1/4	3/2	1123						
59	59	471/2	471/2	0.5	7/8	7/8	Chord	4/4	1	1	1/8	1/8	1	1124						
59	59	232	232	0.5	0	0	Chord	4/4	1	2	1/8	1/8	1	1125						
59	59	465/2	465/2	0.5	1/8	1/8	Chord	4/4	1	2	1/8	1/8	1	1126						
59	59	233	233	0.5	1/4	1/4	Chord	4/4	1	2	1/8	1/8	1	1127						
59	59	467/2	467/2	0.25	3/8	3/8	Chord	4/4	1	2	1/16	1/16	1	1128						
59	59	935/4	935/4	0.25	7/16	7/16	Chord	4/4	1	2	1/16	1/16	1	1129						
59	59	234	234	0.5	1/2	1/2	Chord	4/4	1	2	1/8	1/8	1	1130						
59	59	469/2	469/2	0.5	5/8	5/8	Chord	4/4	1	2	1/8	1/8	1	1131						
59	59	235	235	1.0	3/4	3/4	Chord	4/4	1	2	1/4	1/4	1	1132						
59	59	232	232	1.0	0	0	Chord	4/4	2	1	1/4	1/4	1	1133						
59	59	233	233	1.0	1/4	1/4	Chord	4/4	2	1	1/4	1/4	1	1134						
59	59	234	234	1.0	1/2	1/2	Chord	4/4	2	1	1/4	1/4	1	1135						
60	60	236	236	0.5	0	0	Chord	4/4	1	1	1/8	1/8	1	1136						
60	60	473/2	473/2	0.5	1/8	1/8	Chord	4/4	1	1	1/8	1/8	1	1137						
60	60	237	237	0.5	1/4	1/4	Chord	4/4	1	1	1/8	1/8	1	1138						
60	60	475/2	475/2	0.25	3/8	3/8	Chord	4/4	1	1	1/16	1/16	1	1139						
60	60	951/4	951/4	0.25	7/16	7/16	Chord	4/4	1	1	1/16	1/16	1	1140						
60	60	238	238	0.5	1/2	1/2	Chord	4/4	1	1	1/8	1/8	1	1141						
60	60	477/2	477/2	0.5	5/8	5/8	Chord	4/4	1	1	1/8	1/8	1	1142						
60	60	239	239	1.0	3/4	3/4	Chord	4/4	1	1	1/4	1/4	1	1143						
60	60	236	236	0.5	0	0	Chord	4/4	1	2	1/8	1/8	1	1144						
60	60	473/2	473/2	0.5	1/8	1/8	Chord	4/4	1	2	1/8	1/8	1	1145						
60	60	237	237	0.5	1/4	1/4	Chord	4/4	1	2	1/8	1/8	1	1146						
60	60	475/2	475/2	0.5	3/8	3/8	Chord	4/4	1	2	1/8	1/8	1	1147						
60	60	238	238	1.0	1/2	1/2	Chord	4/4	1	2	1/4	1/4	1	1148						
60	60	479/2	479/2	0.5	7/8	7/8	Chord	4/4	1	2	1/8	1/8	1	1149						
60	60	236	236	1.0	0	0	Chord	4/4	2	1	1/4	1/4	1	1150						
60	60	237	237	1.0	1/4	1/4	Chord	4/4	2	1	1/4	1/4	1	1151						
60	60	238	238	1.0	1/2	1/2	Chord	4/4	2	1	1/4	1/4	1	1152						
60	60	479/2	479/2	0.5	7/8	7/8	Chord	4/4	2	1	1/8	1/8	1	1153						
61	61	240	240	1.0	0	0	Chord	4/4	1	1	1/4	1/4	1	1154						
61	61	241	241	2.0	1/4	1/4	Chord	4/4	1	1	1/2	1/2	1	1155						
61	61	243	243	1.0	3/4	3/4	Chord	4/4	1	1	1/4	1/4	1	1156						
61	61	240	240	2.0	0	0	Chord	4/4	1	2	1/2	1/2	1	1157						
61	61	242	242	1.5	1/2	1/2	Chord	4/4	1	2	3/8	1/4	3/2	1158						
61	61	487/2	487/2	0.5	7/8	7/8	Chord	4/4	1	2	1/8	1/8	1	1159						
61	61	240	240	0.5	0	0	Chord	4/4	2	1	1/8	1/8	1	1160						
61	61	481/2	481/2	0.5	1/8	1/8	Chord	4/4	2	1	1/8	1/8	1	1161						
61	61	241	241	0.5	1/4	1/4	Chord	4/4	2	1	1/8	1/8	1	1162						
61	61	483/2	483/2	0.25	3/8	3/8	Chord	4/4	2	1	1/16	1/16	1	1163						
61	61	967/4	967/4	0.25	7/16	7/16	Chord	4/4	2	1	1/16	1/16	1	1164						
61	61	242	242	0.5	1/2	1/2	Chord	4/4	2	1	1/8	1/8	1	1165						
61	61	485/2	485/2	0.25	5/8	5/8	Chord	4/4	2	1	1/16	1/16	1	1166						
61	61	971/4	971/4	0.25	11/16	11/16	Chord	4/4	2	1	1/16	1/16	1	1167						
61	61	243	243	0.5	3/4	3/4	Chord	4/4	2	1	1/8	1/8	1	1168						
61	61	487/2	487/2	0.5	7/8	7/8	Chord	4/4	2	1	1/8	1/8	1	1169						
62	62	244	244	0.5	0	0	Chord	4/4	1	1	1/8	1/8	1	1170						
62	62	489/2	489/2	0.25	1/8	1/8	Chord	4/4	1	1	1/16	1/16	1	1171						
62	62	979/4	979/4	0.25	3/16	3/16	Chord	4/4	1	1	1/16	1/16	1	1172						
62	62	245	245	0.5	1/4	1/4	Chord	4/4	1	1	1/8	1/8	1	1173						
62	62	491/2	491/2	0.25	3/8	3/8	Chord	4/4	1	1	1/16	1/16	1	1174						
62	62	983/4	983/4	0.25	7/16	7/16	Chord	4/4	1	1	1/16	1/16	1	1175						
62	62	246	246	0.5	1/2	1/2	Chord	4/4	1	1	1/8	1/8	1	1176						
62	62	493/2	493/2	0.25	5/8	5/8	Chord	4/4	1	1	1/16	1/16	1	1177						
62	62	987/4	987/4	0.25	11/16	11/16	Chord	4/4	1	1	1/16	1/16	1	1178						
62	62	247	247	0.25	3/4	3/4	Chord	4/4	1	1	1/16	1/16	1	1179						
62	62	989/4	989/4	0.25	13/16	13/16	Chord	4/4	1	1	1/16	1/16	1	1180						
62	62	495/2	495/2	0.25	7/8	7/8	Chord	4/4	1	1	1/16	1/16	1	1181						
62	62	991/4	991/4	0.25	15/16	15/16	Chord	4/4	1	1	1/16	1/16	1	1182						
62	62	244	244	0.5	0	0	Chord	4/4	1	2	1/8	1/8	1	1183						
62	62	489/2	489/2	0.25	1/8	1/8	Chord	4/4	1	2	1/16	1/16	1	1184						
62	62	979/4	979/4	0.25	3/16	3/16	Chord	4/4	1	2	1/16	1/16	1	1185						
62	62	245	245	0.5	1/4	1/4	Chord	4/4	1	2	1/8	1/8	1	1186						
62	62	491/2	491/2	0.25	3/8	3/8	Chord	4/4	1	2	1/16	1/16	1	1187						
62	62	983/4	983/4	0.25	7/16	7/16	Chord	4/4	1	2	1/16	1/16	1	1188						
62	62	246	246	0.5	1/2	1/2	Chord	4/4	1	2	1/8	1/8	1	1189						
62	62	493/2	493/2	0.25	5/8	5/8	Chord	4/4	1	2	1/16	1/16	1	1190						
62	62	987/4	987/4	0.25	11/16	11/16	Chord	4/4	1	2	1/16	1/16	1	1191						
62	62	247	247	0.25	3/4	3/4	Chord	4/4	1	2	1/16	1/16	1	1192						
62	62	989/4	989/4	0.25	13/16	13/16	Chord	4/4	1	2	1/16	1/16	1	1193						
62	62	495/2	495/2	0.25	7/8	7/8	Chord	4/4	1	2	1/16	1/16	1	1194						
62	62	991/4	991/4	0.25	15/16	15/16	Chord	4/4	1	2	1/16	1/16	1	1195						
62	62	244	244	1.0	0	0	Chord	4/4	2	1	1/4	1/4	1	1196						
62	62	245	245	1.0	1/4	1/4	Chord	4/4	2	1	1/4	1/4	1	1197						
62	62	246	246	1.0	1/2	1/2	Chord	4/4	2	1	1/4	1/4	1	1198						
63	63	248	248	0.5	0	0	Chord	4/4	1	1	1/8	1/8	1	1199						
63	63	497/2	497/2	0.25	1/8	1/8	Chord	4/4	1	1	1/16	1/16	1	1200						
63	63	995/4	995/4	0.25	3/16	3/16	Chord	4/4	1	1	1/16	1/16	1	1201						
63	63	249	249	0.5	1/4	1/4	Chord	4/4	1	1	1/8	1/8	1	1202						
63	63	499/2	499/2	0.25	3/8	3/8	Chord	4/4	1	1	1/16	1/16	1	1203						
63	63	999/4	999/4	0.25	7/16	7/16	Chord	4/4	1	1	1/16	1/16	1	1204						
63	63	250	250	0.5	1/2	1/2	Chord	4/4	1	1	1/8	1/8	1	1205						
63	63	501/2	501/2	0.25	5/8	5/8	Chord	4/4	1	1	1/16	1/16	1	1206						
63	63	1003/4	1003/4	0.25	11/16	11/16	Chord	4/4	1	1	1/16	1/16	1	1207						
63	63	251	251	0.25	3/4	3/4	Chord	4/4	1	1	1/16	1/16	1	1208						
63	63	1005/4	1005/4	0.25	13/16	13/16	Chord	4/4	1	1	1/16	1/16	1	1209						
63	63	503/2	503/2	0.25	7/8	7/8	Chord	4/4	1	1	1/16	1/16	1	1210						
63	63	1007/4	1007/4	0.25	15/16	15/16	Chord	4/4	1	1	1/16	1/16	1	1211						
63	63	248	248	0.5	0	0	Chord	4/4	1	2	1/8	1/8	1	1212						
63	63	497/2	497/2	0.25	1/8	1/8	Chord	4/4	1	2	1/16	1/16	1	1213						
63	63	995/4	995/4	0.25	3/16	3/16	Chord	4/4	1	2	1/16	1/16	1	1214						
63	63	249	249	0.5	1/4	1/4	Chord	4/4	1	2	1/8	1/8	1	1215						
63	63	499/2	499/2	0.25	3/8	3/8	Chord	4/4	1	2	1/16	1/16	1	1216						
63	63	999/4	999/4	0.25	7/16	7/16	Chord	4/4	1	2	1/16	1/16	1	1217						
63	63	250	250	0.5	1/2	1/2	Chord	4/4	1	2	1/8	1/8	1	1218						
63	63	501/2	501/2	0.25	5/8	5/8	Chord	4/4	1	2	1/16	1/16	1	1219						
63	63	1003/4	1003/4	0.25	11/16	11/16	Chord	4/4	1	2	1/16	1/16	1	1220						
63	63	251	251	0.25	3/4	3/4	Chord	4/4	1	2	1/16	1/16	1	1221						
63	63	1005/4	1005/4	0.25	13/16	13/16	Chord	4/4	1	2	1/16	1/16	1	1222						
63	63	503/2	503/2	0.25	7/8	7/8	Chord	4/4	1	2	1/16	1/16	1	1223						
63	63	1007/4	1007/4	0.25	15/16	15/16	Chord	4/4	1	2	1/16	1/16	1	1224						
63	63	248	248	1.0	0	0	Chord	4/4	2	1	1/4	1/4	1	1225						
63	63	249	249	1.0	1/4	1/4	Chord	4/4	2	1	1/4	1/4	1	1226						
63	63	250	250	1.0	1/2	1/2	Chord	4/4	2	1	1/4	1/4	1	1227						
64	64	252	252	0.5	0	0	Chord	4/4	1	1	1/8	1/8	1	1228						
64	64	505/2	505/2	0.25	1/8	1/8	Chord	4/4	1	1	1/16	1/16	1	1229						
64	64	1011/4	1011/4	0.25	3/16	3/16	Chord	4/4	1	1	1/16	1/16	1	1230						
64	64	253	253	0.5	1/4	1/4	Chord	4/4	1	1	1/8	1/8	1	1231						
64	64	507/2	507/2	0.25	3/8	3/8	Chord	4/4	1	1	1/16	1/16	1	1232						
64	64	1015/4	1015/4	0.25	7/16	7/16	Chord	4/4	1	1	1/16	1/16	1	1233						
64	64	254	254	0.5	1/2	1/2	Chord	4/4	1	1	1/8	1/8	1	1234						
64	64	509/2	509/2	0.25	5/8	5/8	Chord	4/4	1	1	1/16	1/16	1	1235						
64	64	1019/4	1019/4	0.25	11/16	11/16	Chord	4/4	1	1	1/16	1/16	1	1236						
64	64	255	255	0.25	3/4	3/4	Chord	4/4	1	1	1/16	1/16	1	1237						
64	64	1021/4	1021/4	0.25	13/16	13/16	Chord	4/4	1	1	1/16	1/16	1	1238						
64	64	511/2	511/2	0.25	7/8	7/8	Chord	4/4	1	1	1/16	1/16	1	1239						
64	64	1023/4	1023/4	0.25	15/16	15/16	Chord	4/4	1	1	1/16	1/16	1	1240						
64	64	252	252	0.5	0	0	Chord	4/4	1	2	1/8	1/8	1	1241						
64	64	505/2	505/2	0.25	1/8	1/8	Chord	4/4	1	2	1/16	1/16	1	1242						
64	64	1011/4	1011/4	0.25	3/16	3/16	Chord	4/4	1	2	1/16	1/16	1	1243						
64	64	253	253	0.5	1/4	1/4	Chord	4/4	1	2	1/8	1/8	1	1244						
64	64	507/2	507/2	0.25	3/8	3/8	Chord	4/4	1	2	1/16	1/16	1	1245						
64	64	1015/4	1015/4	0.25	7/16	7/16	Chord	4/4	1	2	1/16	1/16	1	1246						
64	64	254	254	0.5	1/2	1/2	Chord	4/4	1	2	1/8	1/8	1	1247						
64	64	509/2	509/2	0.25	5/8	5/8	Chord	4/4	1	2	1/16	1/16	1	1248						
64	64	1019/4	1019/4	0.25	11/16	11/16	Chord	4/4	1	2	1/16	1/16	1	1249						
64	64	255	255	0.25	3/4	3/4	Chord	4/4	1	2	1/16	1/16	1	1250						
64	64	1021/4	1021/4	0.25	13/16	13/16	Chord	4/4	1	2	1/16	1/16	1	1251						
64	64	511/2	511/2	0.25	7/8	7/8	Chord	4/4	1	2	1/16	1/16	1	1252						
64	64	1023/4	1023/4	0.25	15/16	15/16	Chord	4/4	1	2	1/16	1/16	1	1253						
64	64	252	252	1.0	0	0	Chord	4/4	2	1	1/4	1/4	1	1254						
64	64	253	253	1.0	1/4	1/4	Chord	4/4	2	1	1/4	1/4	1	1255						
64	64	254	254	1.0	1/2	1/2	Chord	4/4	2	1	1/4	1/4	1	1256						
65	65	256	256	0.5	0	0	Chord	4/4	1	1	1/8	1/8	1	1257						
65	65	513/2	513/2	0.25	1/8	1/8	Chord	4/4	1	1	1/16	1/16	1	1258						
65	65	1027/4	1027/4	0.25	3/16	3/16	Chord	4/4	1	1	1/16	1/16	1	1259						
65	65	257	257	0.5	1/4	1/4	Chord	4/4	1	1	1/8	1/8	1	1260						
65	65	515/2	515/2	0.25	3/8	3/8	Chord	4/4	1	1	1/16	1/16	1	1261						
65	65	1031/4	1031/4	0.25	7/16	7/16	Chord	4/4	1	1	1/16	1/16	1	1262						
65	65	258	258	0.5	1/2	1/2	Chord	4/4	1	1	1/8	1/8	1	1263						
65	65	517/2	517/2	0.25	5/8	5/8	Chord	4/4	1	1	1/16	1/16	1	1264						
65	65	1035/4	1035/4	0.25	11/16	11/16	Chord	4/4	1	1	1/16	1/16	1	1265						
65	65	259	259	0.25	3/4	3/4	Chord	4/4	1	1	1/16	1/16	1	1266						
65	65	1037/4	1037/4	0.25	13/16	13/16	Chord	4/4	1	1	1/16	1/16	1	1267						
65	65	519/2	519/2	0.25	7/8	7/8	Chord	4/4	1	1	1/16	1/16	1	1268						
65	65	1039/4	1039/4	0.25	15/16	15/16	Chord	4/4	1	1	1/16	1/16	1	1269						
65	65	256	256	0.5	0	0	Chord	4/4	1	2	1/8	1/8	1	1270						
65	65	513/2	513/2	0.25	1/8	1/8	Chord	4/4	1	2	1/16	1/16	1	1271						
65	65	1027/4	1027/4	0.25	3/16	3/16	Chord	4/4	1	2	1/16	1/16	1	1272						
65	65	257	257	0.5	1/4	1/4	Chord	4/4	1	2	1/8	1/8	1	1273						
65	65	515/2	515/2	0.25	3/8	3/8	Chord	4/4	1	2	1/16	1/16	1	1274						
65	65	1031/4	1031/4	0.25	7/16	7/16	Chord	4/4	1	2	1/16	1/16	1	1275						
65	65	258	258	0.5	1/2	1/2	Chord	4/4	1	2	1/8	1/8	1	1276						
65	65	517/2	517/2	0.25	5/8	5/8	Chord	4/4	1	2	1/16	1/16	1	1277						
65	65	1035/4	1035/4	0.25	11/16	11/16	Chord	4/4	1	2	1/16	1/16	1	1278						
65	65	259	259	0.25	3/4	3/4	Chord	4/4	1	2	1/16	1/16	1	1279						
65	65	1037/4	1037/4	0.25	13/16	13/16	Chord	4/4	1	2	1/16	1/16	1	1280						
65	65	519/2	519/2	0.25	7/8	7/8	Chord	4/4	1	2	1/16	1/16	1	1281						
65	65	1039/4	1039/4	0.25	15/16	15/16	Chord	4/4	1	2	1/16	1/16	1	1282						
65	65	256	256	1.0	0	0	Chord	4/4	2	1	1/4	1/4	1	1283						
65	65	257	257	1.0	1/4	1/4	Chord	4/4	2	1	1/4	1/4	1	1284						
65	65	258	258	1.0	1/2	1/2	Chord	4/4	2	1	1/4	1/4	1	1285						
66	66	260	260	1.0	0	0	Chord	4/4	1	1	1/4	1/4	1	1286						
66	66	523/2	523/2	0.5	3/8	3/8	Chord	4/4	1	1	1/8	1/8	1	1287						
66	66	262	262	0.5	1/2	1/2	Chord	4/4	1	1	1/8	1/8	1	1288						
66	66	525/2	525/2	0.5	5/8	5/8	Chord	4/4	1	1	1/8	1/8	1	1289						
66	66	263	263	1.0	3/4	3/4	Chord	4/4	1	1	1/4	1/4	1	1290						
66	66	527/2	527/2	0.5	7/8	7/8	Chord	4/4	1	2	1/8	1/8	1	1291						
66	66	521/2	521/2	0.5	1/8	1/8	Chord	4/4	2	1	1/8	1/8	1	1292						
66	66	261	261	2.0	1/4	1/4	Chord	4/4	2	1	1/2	1/2	1	1293						
66	66	263	263	1.0	3/4	3/4	Chord	4/4	2	1	1/4	1/4	1	1294						
67	67	264	264	0.5	0	0	Chord	4/4	1	1	1/8	1/8	1	1295						
67	67	529/2	529/2	0.25	1/8	1/8	Chord	4/4	1	1	1/16	1/16	1	1296						
67	67	1059/4	1059/4	0.25	3/16	3/16	Chord	4/4	1	1	1/16	1/16	1	1297						
67	67	265	265	0.5	1/4	1/4	Chord	4/4	1	1	1/8	1/8	1	1298						
67	67	531/2	531/2	0.5	3/8	3/8	Chord	4/4	1	1	1/8	1/8	1	1299						
67	67	266	266	1.0	1/2	1/2	Chord	4/4	1	1	1/4	1/4	1	1300						
67	67	535/2	535/2	0.5	7/8	7/8	Chord	4/4	1	1	1/8	1/8	1	1301						
67	67	264	264	0.5	0	0	Chord	4/4	1	2	1/8	1/8	1	1302						
67	67	529/2	529/2	0.5	1/8	1/8	Chord	4/4	1	2	1/8	1/8	1	1303						
67	67	265	265	1.0	1/4	1/4	Chord	4/4	1	2	1/4	1/4	1	1304						
67	67	266	266	0.5	1/2	1/2	Chord	4/4	1	2	1/8	1/8	1	1305						
67	67	533/2	533/2	0.25	5/8	5/8	Chord	4/4	1	2	1/16	1/16	1	1306						
67	67	1067/4	1067/4	0.25	11/16	11/16	Chord	4/4	1	2	1/16	1/16	1	1307						
67	67	267	267	0.5	3/4	3/4	Chord	4/4	1	2	1/8	1/8	1	1308						
67	67	535/2	535/2	0.5	7/8	7/8	Chord	4/4	1	2	1/8	1/8	1	1309						
67	67	264	264	1.0	0	0	Chord	4/4	2	1	1/4	1/4	1	1310						
67	67	265	265	1.0	1/4	1/4	Chord	4/4	2	1	1/4	1/4	1	1311						
67	67	266	266	1.0	1/2	1/2	Chord	4/4	2	1	1/4	1/4	1	1312						
67	67	535/2	535/2	0.5	7/8	7/8	Chord	4/4	2	1	1/8	1/8	1	1313						
68	68	268	268	1.0	0	0	Chord	4/4	1	1	1/4	1/4	1	1314						
68	68	539/2	539/2	0.5	3/8	3/8	Chord	4/4	1	1	1/8	1/8	1	1315						
68	68	270	270	0.5	1/2	1/2	Chord	4/4	1	1	1/8	1/8	1	1316						
68	68	541/2	541/2	0.5	5/8	5/8	Chord	4/4	1	1	1/8	1/8	1	1317						
68	68	271	271	0.5	3/4	3/4	Chord	4/4	1	1	1/8	1/8	1	1318						
68	68	543/2	543/2	0.25	7/8	7/8	Chord	4/4	1	1	1/16	1/16	1	1319						
68	68	1087/4	1087/4	0.25	15/16	15/16	Chord	4/4	1	1	1/16	1/16	1	1320						
68	68	268	268	2.0	0	0	Chord	4/4	1	2	1/2	1/2	1	1321						
68	68	271	271	1.0	3/4	3/4	Chord	4/4	1	2	1/4	1/4	1	1322						
68	68	268	268	0.5	0	0	Chord	4/4	2	1	1/8	1/8	1	1323						
68	68	537/2	537/2	0.5	1/8	1/8	Chord	4/4	2	1	1/8	1/8	1	1324						
68	68	269	269	0.5	1/4	1/4	Chord	4/4	2	1	1/8	1/8	1	1325						
68	68	539/2	539/2	0.25	3/8	3/8	Chord	4/4	2	1	1/16	1/16	1	1326						
68	68	1079/4	1079/4	0.25	7/16	7/16	Chord	4/4	2	1	1/16	1/16	1	1327						
68	68	270	270	1.0	1/2	1/2	Chord	4/4	2	1	1/4	1/4	1	1328						
68	68	543/2	543/2	0.5	7/8	7/8	Chord	4/4	2	1	1/8	1/8	1	1329						
68	68	543/2	543/2	0.5	7/8	7/8	Chord	4/4	2	2	1/8	1/8	1	1330						
69	69	272	272	4.0	0	0	Chord	4/4	1	1	1	1	1	1331						
69	69	272	272	0.5	0	0	Chord	4/4	1	2	1/8	1/8	1	1332						
69	69	545/2	545/2	0.5	1/8	1/8	Chord	4/4	1	2	1/8	1/8	1	1333						
69	69	273	273	0.5	1/4	1/4	Chord	4/4	1	2	1/8	1/8	1	1334						
69	69	547/2	547/2	0.5	3/8	3/8	Chord	4/4	1	2	1/8	1/8	1	1335						
69	69	274	274	2.0	1/2	1/2	Chord	4/4	1	2	1/2	1/2	1	1336						
69	69	272	272	2.0	0	0	Chord	4/4	2	1	1/2	1/2	1	1337						
69	69	274	274	0.5	1/2	1/2	Chord	4/4	2	1	1/8	1/8	1	1338						
69	69	549/2	549/2	0.5	5/8	5/8	Chord	4/4	2	1	1/8	1/8	1	1339						
69	69	275	275	0.5	3/4	3/4	Chord	4/4	2	1	1/8	1/8	1	1340						
69	69	551/2	551/2	0.5	7/8	7/8	Chord	4/4	2	1	1/8	1/8	1	1341						
69	69	272	272	4.0	0	0	Chord	4/4	2	2	1	1	1	1342						
70	70	276	276	1.0	0	0	Chord	4/4	1	1	1/4	1/4	1	1343						
70	70	277	277	0.5	1/4	1/4	Chord	4/4	1	1	1/8	1/8	1	1344						
70	70	555/2	555/2	0.5	3/8	3/8	Chord	4/4	1	1	1/8	1/8	1	1345						
70	70	278	278	1.0	1/2	1/2	Chord	4/4	1	1	1/4	1/4	1	1346						
70	70	276	276	2.0	0	0	Chord	4/4	1	2	1/2	1/2	1	1347						
70	70	278	278	1.0	1/2	1/2	Chord	4/4	1	2	1/4	1/4	1	1348						
70	70	276	276	2.0	0	0	Chord	4/4	2	1	1/2	1/2	1	1349						
70	70	278	278	1.0	1/2	1/2	Chord	4/4	2	1	1/4	1/4	1	1350						
70	70	276	276	2.0	0	0	Chord	4/4	2	2	1/2	1/2	1	1351						
70	70	278	278	1.0	1/2	1/2	Chord	4/4	2	2	1/4	1/4	1	1352						
71	71	281	281	1.0	1/4	1/4	Chord	4/4	1	1	1/4	1/4	1	1353						
71	71	282	282	1.0	1/2	1/2	Chord	4/4	1	1	1/4	1/4	1	1354						
71	71	283	283	1.0	3/4	3/4	Chord	4/4	1	1	1/4	1/4	1	1355						
71	71	280	280	1.0	0	0	Chord	4/4	2	1	1/4	1/4	1	1356						
71	71	281	281	1.0	1/4	1/4	Chord	4/4	2	1	1/4	1/4	1	1357						
71	71	282	282	1.0	1/2	1/2	Chord	4/4	2	1	1/4	1/4	1	1358						
71	71	567/2	567/2	0.5	7/8	7/8	Chord	4/4	2	1	1/8	1/8	1	1359						
72	72	569/2	569/2	0.5	1/8	1/8	Chord	4/4	1	1	1/8	1/8	1	1360						
72	72	285	285	0.5	1/4	1/4	Chord	4/4	1	1	1/8	1/8	1	1361						
72	72	571/2	571/2	0.5	3/8	3/8	Chord	4/4	1	1	1/8	1/8	1	1362						
72	72	286	286	0.5	1/2	1/2	Chord	4/4	1	1	1/8	1/8	1	1363						
72	72	573/2	573/2	0.25	5/8	5/8	Chord	4/4	1	1	1/16	1/16	1	1364						
72	72	1147/4	1147/4	0.25	11/16	11/16	Chord	4/4	1	1	1/16	1/16	1	1365						
72	72	287	287	0.5	3/4	3/4	Chord	4/4	1	1	1/8	1/8	1	1366						
72	72	575/2	575/2	0.5	7/8	7/8	Chord	4/4	1	1	1/8	1/8	1	1367						
72	72	286	286	1.0	1/2	1/2	Chord	4/4	1	2	1/4	1/4	1	1368						
72	72	287	287	1.0	3/4	3/4	Chord	4/4	1	2	1/4	1/4	1	1369						
72	72	284	284	0.5	0	0	Chord	4/4	2	1	1/8	1/8	1	1370						
72	72	569/2	569/2	0.5	1/8	1/8	Chord	4/4	2	1	1/8	1/8	1	1371						
72	72	285	285	0.5	1/4	1/4	Chord	4/4	2	1	1/8	1/8	1	1372						
72	72	571/2	571/2	0.25	3/8	3/8	Chord	4/4	2	1	1/16	1/16	1	1373						
72	72	1143/4	1143/4	0.25	7/16	7/16	Chord	4/4	2	1	1/16	1/16	1	1374						
72	72	286	286	1.5	1/2	1/2	Chord	4/4	2	1	3/8	1/4	3/2	1375						
72	72	575/2	575/2	0.5	7/8	7/8	Chord	4/4	2	1	1/8	1/8	1	1376						
73	73	288	288	1.0	0	0	Chord	4/4	1	1	1/4	1/4	1	1377						
73	73	579/2	579/2	0.5	3/8	3/8	Chord	4/4	1	1	1/8	1/8	1	1378						
73	73	290	290	0.5	1/2	1/2	Chord	4/4	1	1	1/8	1/8	1	1379						
73	73	581/2	581/2	0.5	5/8	5/8	Chord	4/4	1	1	1/8	1/8	1	1380						
73	73	291	291	0.5	3/4	3/4	Chord	4/4	1	1	1/8	1/8	1	1381						
73	73	583/2	583/2	0.25	7/8	7/8	Chord	4/4	1	1	1/16	1/16	1	1382						
73	73	1167/4	1167/4	0.25	15/16	15/16	Chord	4/4	1	1	1/16	1/16	1	1383						
73	73	288	288	2.0	0	0	Chord	4/4	1	2	1/2	1/2	1	1384						
73	73	291	291	1.0	3/4	3/4	Chord	4/4	1	2	1/4	1/4	1	1385						
73	73	288	288	0.5	0	0	Chord	4/4	2	1	1/8	1/8	1	1386						
73	73	577/2	577/2	0.5	1/8	1/8	Chord	4/4	2	1	1/8	1/8	1	1387						
73	73	289	289	0.5	1/4	1/4	Chord	4/4	2	1	1/8	1/8	1	1388						
73	73	579/2	579/2	0.25	3/8	3/8	Chord	4/4	2	1	1/16	1/16	1	1389						
73	73	1159/4	1159/4	0.25	7/16	7/16	Chord	4/4	2	1	1/16	1/16	1	1390						
73	73	290	290	1.0	1/2	1/2	Chord	4/4	2	1	1/4	1/4	1	1391						
73	73	291	291	1.0	3/4	3/4	Chord	4/4	2	1	1/4	1/4	1	1392						
74	74	292	292	2.0	0	0	Chord	4/4	1	1	1/2	1/2	1	1393						
74	74	294	294	0.5	1/2	1/2	Chord	4/4	1	1	1/8	1/8	1	1394						
74	74	589/2	589/2	0.25	5/8	5/8	Chord	4/4	1	1	1/16	1/16	1	1395						
74	74	1179/4	1179/4	0.25	11/16	11/16	Chord	4/4	1	1	1/16	1/16	1	1396						
74	74	295	295	0.5	3/4	3/4	Chord	4/4	1	1	1/8	1/8	1	1397						
74	74	591/2	591/2	0.5	7/8	7/8	Chord	4/4	1	1	1/8	1/8	1	1398						
74	74	292	292	0.5	0	0	Chord	4/4	1	2	1/8	1/8	1	1399						
74	74	585/2	585/2	0.5	1/8	1/8	Chord	4/4	1	2	1/8	1/8	1	1400						
74	74	293	293	0.5	1/4	1/4	Chord	4/4	1	2	1/8	1/8	1	1401						
74	74	587/2	587/2	0.25	3/8	3/8	Chord	4/4	1	2	1/16	1/16	1	1402						
74	74	1175/4	1175/4	0.25	7/16	7/16	Chord	4/4	1	2	1/16	1/16	1	1403						
74	74	294	294	1.5	1/2	1/2	Chord	4/4	1	2	3/8	1/4	3/2	1404						
74	74	591/2	591/2	0.25	7/8	7/8	Chord	4/4	1	2	1/16	1/16	1	1405						
74	74	1183/4	1183/4	0.25	15/16	15/16	Chord	4/4	1	2	1/16	1/16	1	1406						
74	74	292	292	1.5	0	0	Chord	4/4	2	1	3/8	1/4	3/2	1407						
74	74	587/2	587/2	0.5	3/8	3/8	Chord	4/4	2	1	1/8	1/8	1	1408						
74	74	294	294	2.0	1/2	1/2	Chord	4/4	2	1	1/2	1/2	1	1409						
75	75	296	296	1.0	0	0	Chord	4/4	1	1	1/4	1/4	1	1410						
75	75	595/2	595/2	0.5	3/8	3/8	Chord	4/4	1	1	1/8	1/8	1	1411						
75	75	298	298	1.0	1/2	1/2	Chord	4/4	1	1	1/4	1/4	1	1412						
75	75	599/2	599/2	0.5	7/8	7/8	Chord	4/4	1	1	1/8	1/8	1	1413						
75	75	296	296	0.5	0	0	Chord	4/4	2	1	1/8	1/8	1	1414						
75	75	593/2	593/2	0.25	1/8	1/8	Chord	4/4	2	1	1/16	1/16	1	1415						
75	75	1187/4	1187/4	0.25	3/16	3/16	Chord	4/4	2	1	1/16	1/16	1	1416						
75	75	297	297	0.5	1/4	1/4	Chord	4/4	2	1	1/8	1/8	1	1417						
75	75	595/2	595/2	0.25	3/8	3/8	Chord	4/4	2	1	1/16	1/16	1	1418						
75	75	1191/4	1191/4	0.25	7/16	7/16	Chord	4/4	2	1	1/16	1/16	1	1419						
75	75	298	298	0.5	1/2	1/2	Chord	4/4	2	1	1/8	1/8	1	1420						
75	75	597/2	597/2	0.25	5/8	5/8	Chord	4/4	2	1	1/16	1/16	1	1421						
75	75	1195/4	1195/4	0.25	11/16	11/16	Chord	4/4	2	1	1/16	1/16	1	1422						
75	75	299	299	0.5	3/4	3/4	Chord	4/4	2	1	1/8	1/8	1	1423						
75	75	599/2	599/2	0.25	7/8	7/8	Chord	4/4	2	1	1/16	1/16	1	1424						
75	75	1199/4	1199/4	0.25	15/16	15/16	Chord	4/4	2	1	1/16	1/16	1	1425						
76	76	300	300	0.0	0	0	StaffText	4/4	1	1	0				Arpeggio					
76	76	300	300	2.0	0	0	Chord	4/4	1	1	1/2	1/2	1	1426						
76	76	302	302	2.0	1/2	1/2	Chord	4/4	1	1	1/2	1/2	1	1427						
76	76	300	300	2.0	0	0	Chord	4/4	2	1	1/2	1/2	1	1428						
76	76	302	302	2.0	1/2	1/2	Chord	4/4	2	1	1/2	1/2	1	1429						
76	76	300	300	2.0	0	0	Chord	4/4	2	2	1/2	1/2	1	1430						
76	76	302	302	2.0	1/2	1/2	Chord	4/4	2	2	1/2	1/2	1	1431						
77	77	304	304	4.0	0	0	Chord	4/4	1	1	1	1	1	1432						
77	77	304	304	4.0	0	0	Chord	4/4	2	1	1	1	1	1433						
