mc	mn	quarterbeats	quarterbeats_all_endings	duration_qb	mc_onset	mn_onset	event	timesig	staff	voice	duration	gracenote	nominal_duration	scalar	chord_id	articulation	tempo	qpm	metronome_base	metronome_number	tempo_visible	Trill:trill
1	1	0	0	0.0	0	0	Tempo	3/8	1	1	0						ùÖü.=66	99.0	ùÖü.	66.0	0.0	
1	1	0	0	1.5	0	0	Chord	3/8	1	1	3/8		1/4	3/2	0							
1	1	0	0	0.16666666666666666	0	0	Chord	3/8	1	2	1/24		1/16	2/3	1							
1	1	1/6	1/6	0.16666666666666666	1/24	1/24	Chord	3/8	1	2	1/24		1/16	2/3	2							
1	1	1/3	1/3	0.16666666666666666	1/12	1/12	Chord	3/8	1	2	1/24		1/16	2/3	3							
1	1	1/2	1/2	0.5	1/8	1/8	Chord	3/8	1	2	1/8		1/8	1	4							
1	1	1	1	0.5	1/4	1/4	Chord	3/8	1	2	1/8		1/8	1	5							
1	1	0	0	0.16666666666666666	0	0	Chord	3/8	2	1	1/24		1/16	2/3	6							
1	1	1/6	1/6	0.16666666666666666	1/24	1/24	Chord	3/8	2	1	1/24		1/16	2/3	7							
1	1	1/3	1/3	0.16666666666666666	1/12	1/12	Chord	3/8	2	1	1/24		1/16	2/3	8							
1	1	1/2	1/2	0.5	1/8	1/8	Chord	3/8	2	1	1/8		1/8	1	9							
1	1	1	1	0.5	1/4	1/4	Chord	3/8	2	1	1/8		1/8	1	10							
2	2	3/2	3/2	1.5	0	0	Chord	3/8	1	1	3/8		1/4	3/2	11							
2	2	3/2	3/2	0.16666666666666666	0	0	Chord	3/8	1	2	1/24		1/16	2/3	12							
2	2	5/3	5/3	0.16666666666666666	1/24	1/24	Chord	3/8	1	2	1/24		1/16	2/3	13							
2	2	11/6	11/6	0.16666666666666666	1/12	1/12	Chord	3/8	1	2	1/24		1/16	2/3	14							
2	2	2	2	0.5	1/8	1/8	Chord	3/8	1	2	1/8		1/8	1	15							
2	2	5/2	5/2	0.5	1/4	1/4	Chord	3/8	1	2	1/8		1/8	1	16							
2	2	3/2	3/2	0.16666666666666666	0	0	Chord	3/8	2	1	1/24		1/16	2/3	17							
2	2	5/3	5/3	0.16666666666666666	1/24	1/24	Chord	3/8	2	1	1/24		1/16	2/3	18							
2	2	11/6	11/6	0.16666666666666666	1/12	1/12	Chord	3/8	2	1	1/24		1/16	2/3	19							
2	2	2	2	0.5	1/8	1/8	Chord	3/8	2	1	1/8		1/8	1	20							
2	2	5/2	5/2	0.5	1/4	1/4	Chord	3/8	2	1	1/8		1/8	1	21							
3	3	3	3	0.5	0	0	Chord	3/8	1	1	1/8		1/8	1	22							
3	3	7/2	7/2	1.0	1/8	1/8	Chord	3/8	1	1	1/4		1/4	1	23							
3	3	3	3	0.5	0	0	Chord	3/8	2	1	1/8		1/8	1	24							
3	3	7/2	7/2	0.5	1/8	1/8	Chord	3/8	2	1	1/8		1/8	1	25							
3	3	4	4	0.5	1/4	1/4	Chord	3/8	2	1	1/8		1/8	1	26							
4	4	9/2	9/2	0.25	0	0	Chord	3/8	1	1	1/16		1/16	1	27							
4	4	19/4	19/4	0.25	1/16	1/16	Chord	3/8	1	1	1/16		1/16	1	28							
4	4	5	5	0.25	1/8	1/8	Chord	3/8	1	1	1/16		1/16	1	29							
4	4	21/4	21/4	0.25	3/16	3/16	Chord	3/8	1	1	1/16		1/16	1	30							
4	4	11/2	11/2	0.25	1/4	1/4	Chord	3/8	1	1	1/16		1/16	1	31							
4	4	23/4	23/4	0.25	5/16	5/16	Chord	3/8	1	1	1/16		1/16	1	32							
4	4	9/2	9/2	1.0	0	0	Chord	3/8	1	2	1/4		1/4	1	33							
4	4	9/2	9/2	1.5	0	0	Chord	3/8	2	1	3/8		1/4	3/2	34							
5	5	6	6	0.5	0	0	Chord	3/8	1	1	1/8		1/8	1	35							
5	5	13/2	13/2	1.0	1/8	1/8	Chord	3/8	1	1	1/4		1/4	1	36							
5	5	13/2	13/2	0.5	1/8	1/8	Chord	3/8	1	2	1/8		1/8	1	37							
5	5	7	7	0.5	1/4	1/4	Chord	3/8	1	2	1/8		1/8	1	38							
5	5	13/2	13/2	0.5	1/8	1/8	Chord	3/8	2	1	1/8		1/8	1	39							
5	5	7	7	0.5	1/4	1/4	Chord	3/8	2	1	1/8		1/8	1	40							
5	5	6	6	1.5	0	0	Chord	3/8	2	2	3/8		1/4	3/2	41							
6	6	15/2	15/2	0.25	0	0	Chord	3/8	1	1	1/16		1/16	1	42							
6	6	31/4	31/4	0.25	1/16	1/16	Chord	3/8	1	1	1/16		1/16	1	43							
6	6	8	8	0.25	1/8	1/8	Chord	3/8	1	1	1/16		1/16	1	44							
6	6	33/4	33/4	0.25	3/16	3/16	Chord	3/8	1	1	1/16		1/16	1	45							
6	6	17/2	17/2	0.25	1/4	1/4	Chord	3/8	1	1	1/16		1/16	1	46							
6	6	35/4	35/4	0.25	5/16	5/16	Chord	3/8	1	1	1/16		1/16	1	47							
6	6	15/2	15/2	0.5	0	0	Chord	3/8	1	2	1/8		1/8	1	48							
6	6	15/2	15/2	0.5	0	0	Chord	3/8	2	1	1/8		1/8	1	49							
6	6	8	8	0.5	1/8	1/8	Chord	3/8	2	1	1/8		1/8	1	50							
6	6	17/2	17/2	0.5	1/4	1/4	Chord	3/8	2	1	1/8		1/8	1	51							
7	7	9	9	0.5	0	0	Chord	3/8	1	1	1/8		1/8	1	52							
7	7	19/2	19/2	0.5	1/8	1/8	Chord	3/8	1	1	1/8		1/8	1	53							
7	7	10	10	0.5	1/4	1/4	Chord	3/8	1	1	1/8		1/8	1	54							
7	7	9	9	1.0	0	0	Chord	3/8	2	1	1/4		1/4	1	55							
7	7	10	10	0.5	1/4	1/4	Chord	3/8	2	1	1/8		1/8	1	56							
8	8	21/2	21/2	0.5	0	0	Chord	3/8	1	1	1/8		1/8	1	57							
8	8	11	11	0.5	1/8	1/8	Chord	3/8	1	1	1/8		1/8	1	58							
8	8	21/2	21/2	0.5	0	0	Chord	3/8	2	1	1/8		1/8	1	59							
8	8	11	11	0.25	1/8	1/8	Chord	3/8	2	1	1/16		1/16	1	60							
8	8	45/4	45/4	0.25	3/16	3/16	Chord	3/8	2	1	1/16		1/16	1	61							
8	8	23/2	23/2	0.25	1/4	1/4	Chord	3/8	2	1	1/16		1/16	1	62							
8	8	47/4	47/4	0.25	5/16	5/16	Chord	3/8	2	1	1/16		1/16	1	63							
9	9	12	12	1.5	0	0	Chord	3/8	1	1	3/8		1/4	3/2	64							
9	9	12	12	0.16666666666666666	0	0	Chord	3/8	2	1	1/24		1/16	2/3	65							
9	9	73/6	73/6	0.16666666666666666	1/24	1/24	Chord	3/8	2	1	1/24		1/16	2/3	66							
9	9	37/3	37/3	0.16666666666666666	1/12	1/12	Chord	3/8	2	1	1/24		1/16	2/3	67							
9	9	25/2	25/2	0.5	1/8	1/8	Chord	3/8	2	1	1/8		1/8	1	68							
9	9	13	13	0.5	1/4	1/4	Chord	3/8	2	1	1/8		1/8	1	69							
10	10	27/2	27/2	1.5	0	0	Chord	3/8	1	1	3/8		1/4	3/2	70							
10	10	27/2	27/2	0.16666666666666666	0	0	Chord	3/8	2	1	1/24		1/16	2/3	71							
10	10	41/3	41/3	0.16666666666666666	1/24	1/24	Chord	3/8	2	1	1/24		1/16	2/3	72							
10	10	83/6	83/6	0.16666666666666666	1/12	1/12	Chord	3/8	2	1	1/24		1/16	2/3	73							
10	10	14	14	0.5	1/8	1/8	Chord	3/8	2	1	1/8		1/8	1	74							
10	10	29/2	29/2	0.5	1/4	1/4	Chord	3/8	2	1	1/8		1/8	1	75							
11	11	15	15	0.5	0	0	Chord	3/8	1	1	1/8		1/8	1	76							
11	11	16	16	0.5	1/4	1/4	Chord	3/8	1	1	1/8		1/8	1	77							
11	11	15	15	0.5	0	0	Chord	3/8	2	1	1/8		1/8	1	78							
11	11	31/2	31/2	0.5	1/8	1/8	Chord	3/8	2	1	1/8		1/8	1	79							
11	11	16	16	0.5	1/4	1/4	Chord	3/8	2	1	1/8		1/8	1	80							
11	11	16	16	0.5	1/4	1/4	Chord	3/8	2	2	1/8		1/8	1	81							
12	12	33/2	33/2	0.25	0	0	Chord	3/8	1	1	1/16		1/16	1	82							
12	12	67/4	67/4	0.25	1/16	1/16	Chord	3/8	1	1	1/16		1/16	1	83							
12	12	17	17	0.25	1/8	1/8	Chord	3/8	1	1	1/16		1/16	1	84							
12	12	69/4	69/4	0.25	3/16	3/16	Chord	3/8	1	1	1/16		1/16	1	85							
12	12	35/2	35/2	0.25	1/4	1/4	Chord	3/8	1	1	1/16		1/16	1	86							
12	12	71/4	71/4	0.25	5/16	5/16	Chord	3/8	1	1	1/16		1/16	1	87							
12	12	33/2	33/2	1.5	0	0	Chord	3/8	2	1	3/8		1/4	3/2	88							
12	12	33/2	33/2	0.5	0	0	Chord	3/8	2	2	1/8		1/8	1	89							
13	13	18	18	1.5	0	0	Chord	3/8	1	1	3/8		1/4	3/2	90							
13	13	18	18	1.5	0	0	Chord	3/8	2	1	3/8		1/4	3/2	91							
13	13	37/2	37/2	0.5	1/8	1/8	Chord	3/8	2	2	1/8		1/8	1	92							
13	13	19	19	0.5	1/4	1/4	Chord	3/8	2	2	1/8		1/8	1	93							
14	14	39/2	39/2	0.25	0	0	Chord	3/8	1	1	1/16		1/16	1	94							
14	14	79/4	79/4	0.25	1/16	1/16	Chord	3/8	1	1	1/16		1/16	1	95							
14	14	20	20	0.25	1/8	1/8	Chord	3/8	1	1	1/16		1/16	1	96							
14	14	81/4	81/4	0.25	3/16	3/16	Chord	3/8	1	1	1/16		1/16	1	97							
14	14	41/2	41/2	0.25	1/4	1/4	Chord	3/8	1	1	1/16		1/16	1	98							
14	14	83/4	83/4	0.25	5/16	5/16	Chord	3/8	1	1	1/16		1/16	1	99							
14	14	39/2	39/2	0.5	0	0	Chord	3/8	2	1	1/8		1/8	1	100							
14	14	20	20	0.5	1/8	1/8	Chord	3/8	2	1	1/8		1/8	1	101							
14	14	41/2	41/2	0.5	1/4	1/4	Chord	3/8	2	1	1/8		1/8	1	102							
14	14	39/2	39/2	1.0	0	0	Chord	3/8	2	2	1/4		1/4	1	103							
15	15	21	21	0.25	0	0	Chord	3/8	1	1	1/16		1/16	1	104							
15	15	85/4	85/4	0.25	1/16	1/16	Chord	3/8	1	1	1/16		1/16	1	105							
15	15	43/2	43/2	0.5	1/8	1/8	Chord	3/8	1	1	1/8		1/8	1	106							
15	15	22	22	0.5	1/4	1/4	Chord	3/8	1	1	1/8		1/8	1	107							
15	15	21	21	0.5	0	0	Chord	3/8	2	1	1/8		1/8	1	108							
15	15	43/2	43/2	0.5	1/8	1/8	Chord	3/8	2	1	1/8		1/8	1	109							
15	15	22	22	0.5	1/4	1/4	Chord	3/8	2	1	1/8		1/8	1	110							
16	16	45/2	45/2	0.5	0	0	Chord	3/8	1	1	1/8		1/8	1	111	ornamentTrill						
16	16	23	23	0.5	1/8	1/8	Chord	3/8	1	1	1/8		1/8	1	112							
16	16	45/2	45/2	0.5	0	0	Chord	3/8	2	1	1/8		1/8	1	113							
16	16	23	23	0.5	1/8	1/8	Chord	3/8	2	1	1/8		1/8	1	114							
16	16	47/2	47/2	0.5	1/4	1/4	Chord	3/8	2	1	1/8		1/8	1	115							
17	17	24	24	0.16666666666666666	0	0	Chord	3/8	1	1	1/24		1/16	2/3	116							
17	17	145/6	145/6	0.16666666666666666	1/24	1/24	Chord	3/8	1	1	1/24		1/16	2/3	117							
17	17	73/3	73/3	0.16666666666666666	1/12	1/12	Chord	3/8	1	1	1/24		1/16	2/3	118							
17	17	49/2	49/2	0.16666666666666666	1/8	1/8	Chord	3/8	1	1	1/24		1/16	2/3	119							
17	17	74/3	74/3	0.16666666666666666	1/6	1/6	Chord	3/8	1	1	1/24		1/16	2/3	120							
17	17	149/6	149/6	0.16666666666666666	5/24	5/24	Chord	3/8	1	1	1/24		1/16	2/3	121							
17	17	25	25	0.16666666666666666	1/4	1/4	Chord	3/8	1	1	1/24		1/16	2/3	122							
17	17	151/6	151/6	0.16666666666666666	7/24	7/24	Chord	3/8	1	1	1/24		1/16	2/3	123							
17	17	76/3	76/3	0.16666666666666666	1/3	1/3	Chord	3/8	1	1	1/24		1/16	2/3	124							
17	17	24	24	1.0	0	0	Chord	3/8	2	1	1/4		1/4	1	125							
18	18	51/2	51/2	0.16666666666666666	0	0	Chord	3/8	1	1	1/24		1/16	2/3	126							
18	18	77/3	77/3	0.16666666666666666	1/24	1/24	Chord	3/8	1	1	1/24		1/16	2/3	127							
18	18	155/6	155/6	0.16666666666666666	1/12	1/12	Chord	3/8	1	1	1/24		1/16	2/3	128							
18	18	26	26	0.16666666666666666	1/8	1/8	Chord	3/8	1	1	1/24		1/16	2/3	129							
18	18	157/6	157/6	0.16666666666666666	1/6	1/6	Chord	3/8	1	1	1/24		1/16	2/3	130							
18	18	79/3	79/3	0.16666666666666666	5/24	5/24	Chord	3/8	1	1	1/24		1/16	2/3	131							
18	18	53/2	53/2	0.16666666666666666	1/4	1/4	Chord	3/8	1	1	1/24		1/16	2/3	132							
18	18	80/3	80/3	0.16666666666666666	7/24	7/24	Chord	3/8	1	1	1/24		1/16	2/3	133							
18	18	161/6	161/6	0.16666666666666666	1/3	1/3	Chord	3/8	1	1	1/24		1/16	2/3	134							
19	19	27	27	0.0	0	0	Spanner	3/8	1	1	0											0
19	19	27	27	1.5	0	0	Chord	3/8	1	1	3/8		1/4	3/2	135							0
19	19	27	27	0.16666666666666666	0	0	Chord	3/8	2	1	1/24		1/16	2/3	136							
19	19	163/6	163/6	0.16666666666666666	1/24	1/24	Chord	3/8	2	1	1/24		1/16	2/3	137							
19	19	82/3	82/3	0.16666666666666666	1/12	1/12	Chord	3/8	2	1	1/24		1/16	2/3	138							
19	19	55/2	55/2	0.16666666666666666	1/8	1/8	Chord	3/8	2	1	1/24		1/16	2/3	139							
19	19	83/3	83/3	0.16666666666666666	1/6	1/6	Chord	3/8	2	1	1/24		1/16	2/3	140							
19	19	167/6	167/6	0.16666666666666666	5/24	5/24	Chord	3/8	2	1	1/24		1/16	2/3	141							
19	19	28	28	0.16666666666666666	1/4	1/4	Chord	3/8	2	1	1/24		1/16	2/3	142							
19	19	169/6	169/6	0.16666666666666666	7/24	7/24	Chord	3/8	2	1	1/24		1/16	2/3	143							
19	19	85/3	85/3	0.16666666666666666	1/3	1/3	Chord	3/8	2	1	1/24		1/16	2/3	144							
20	20	57/2	57/2	1.5	0	0	Chord	3/8	1	1	3/8		1/4	3/2	145							0
20	20	57/2	57/2	0.16666666666666666	0	0	Chord	3/8	2	1	1/24		1/16	2/3	146							
20	20	86/3	86/3	0.16666666666666666	1/24	1/24	Chord	3/8	2	1	1/24		1/16	2/3	147							
20	20	173/6	173/6	0.16666666666666666	1/12	1/12	Chord	3/8	2	1	1/24		1/16	2/3	148							
20	20	29	29	0.16666666666666666	1/8	1/8	Chord	3/8	2	1	1/24		1/16	2/3	149							
20	20	175/6	175/6	0.16666666666666666	1/6	1/6	Chord	3/8	2	1	1/24		1/16	2/3	150							
20	20	88/3	88/3	0.16666666666666666	5/24	5/24	Chord	3/8	2	1	1/24		1/16	2/3	151							
20	20	59/2	59/2	0.16666666666666666	1/4	1/4	Chord	3/8	2	1	1/24		1/16	2/3	152							
20	20	89/3	89/3	0.16666666666666666	7/24	7/24	Chord	3/8	2	1	1/24		1/16	2/3	153							
20	20	179/6	179/6	0.16666666666666666	1/3	1/3	Chord	3/8	2	1	1/24		1/16	2/3	154							
21	21	30	30	0.0	0	0	Spanner	3/8	1	1	0											
21	21	30	30	0.16666666666666666	0	0	Chord	3/8	1	1	1/24		1/16	2/3	155							
21	21	181/6	181/6	0.16666666666666666	1/24	1/24	Chord	3/8	1	1	1/24		1/16	2/3	156							
21	21	91/3	91/3	0.16666666666666666	1/12	1/12	Chord	3/8	1	1	1/24		1/16	2/3	157							
21	21	61/2	61/2	0.16666666666666666	1/8	1/8	Chord	3/8	1	1	1/24		1/16	2/3	158							
21	21	92/3	92/3	0.16666666666666666	1/6	1/6	Chord	3/8	1	1	1/24		1/16	2/3	159							
21	21	185/6	185/6	0.16666666666666666	5/24	5/24	Chord	3/8	1	1	1/24		1/16	2/3	160							
21	21	31	31	0.16666666666666666	1/4	1/4	Chord	3/8	1	1	1/24		1/16	2/3	161							
21	21	187/6	187/6	0.16666666666666666	7/24	7/24	Chord	3/8	1	1	1/24		1/16	2/3	162							
21	21	94/3	94/3	0.16666666666666666	1/3	1/3	Chord	3/8	1	1	1/24		1/16	2/3	163							
21	21	30	30	1.5	0	0	Chord	3/8	2	1	3/8		1/4	3/2	164							
22	22	63/2	63/2	0.5	0	0	Chord	3/8	1	1	1/8		1/8	1	165							
22	22	63/2	63/2	0.16666666666666666	0	0	Chord	3/8	2	1	1/24		1/16	2/3	166							
22	22	95/3	95/3	0.16666666666666666	1/24	1/24	Chord	3/8	2	1	1/24		1/16	2/3	167							
22	22	191/6	191/6	0.16666666666666666	1/12	1/12	Chord	3/8	2	1	1/24		1/16	2/3	168							
22	22	32	32	0.16666666666666666	1/8	1/8	Chord	3/8	2	1	1/24		1/16	2/3	169							
22	22	193/6	193/6	0.16666666666666666	1/6	1/6	Chord	3/8	2	1	1/24		1/16	2/3	170							
22	22	97/3	97/3	0.16666666666666666	5/24	5/24	Chord	3/8	2	1	1/24		1/16	2/3	171							
22	22	65/2	65/2	0.16666666666666666	1/4	1/4	Chord	3/8	2	1	1/24		1/16	2/3	172							
22	22	98/3	98/3	0.16666666666666666	7/24	7/24	Chord	3/8	2	1	1/24		1/16	2/3	173							
22	22	197/6	197/6	0.16666666666666666	1/3	1/3	Chord	3/8	2	1	1/24		1/16	2/3	174							
23	23	33	33	0.16666666666666666	0	0	Chord	3/8	1	1	1/24		1/16	2/3	175							
23	23	199/6	199/6	0.16666666666666666	1/24	1/24	Chord	3/8	1	1	1/24		1/16	2/3	176							
23	23	100/3	100/3	0.16666666666666666	1/12	1/12	Chord	3/8	1	1	1/24		1/16	2/3	177							
23	23	67/2	67/2	0.16666666666666666	1/8	1/8	Chord	3/8	1	1	1/24		1/16	2/3	178							
23	23	101/3	101/3	0.16666666666666666	1/6	1/6	Chord	3/8	1	1	1/24		1/16	2/3	179							
23	23	203/6	203/6	0.16666666666666666	5/24	5/24	Chord	3/8	1	1	1/24		1/16	2/3	180							
23	23	34	34	0.16666666666666666	1/4	1/4	Chord	3/8	1	1	1/24		1/16	2/3	181							
23	23	205/6	205/6	0.16666666666666666	7/24	7/24	Chord	3/8	1	1	1/24		1/16	2/3	182							
23	23	103/3	103/3	0.16666666666666666	1/3	1/3	Chord	3/8	1	1	1/24		1/16	2/3	183							
23	23	33	33	1.5	0	0	Chord	3/8	2	1	3/8		1/4	3/2	184							
24	24	69/2	69/2	0.5	0	0	Chord	3/8	1	1	1/8		1/8	1	185							
24	24	69/2	69/2	0.16666666666666666	0	0	Chord	3/8	2	1	1/24		1/16	2/3	186							
24	24	104/3	104/3	0.16666666666666666	1/24	1/24	Chord	3/8	2	1	1/24		1/16	2/3	187							
24	24	209/6	209/6	0.16666666666666666	1/12	1/12	Chord	3/8	2	1	1/24		1/16	2/3	188							
24	24	35	35	0.16666666666666666	1/8	1/8	Chord	3/8	2	1	1/24		1/16	2/3	189							
24	24	211/6	211/6	0.16666666666666666	1/6	1/6	Chord	3/8	2	1	1/24		1/16	2/3	190							
24	24	106/3	106/3	0.16666666666666666	5/24	5/24	Chord	3/8	2	1	1/24		1/16	2/3	191							
24	24	71/2	71/2	0.16666666666666666	1/4	1/4	Chord	3/8	2	1	1/24		1/16	2/3	192							
24	24	107/3	107/3	0.16666666666666666	7/24	7/24	Chord	3/8	2	1	1/24		1/16	2/3	193							
24	24	215/6	215/6	0.16666666666666666	1/3	1/3	Chord	3/8	2	1	1/24		1/16	2/3	194							
25	25	36	36	0.5	0	0	Chord	3/8	1	1	1/8		1/8	1	195							
25	25	73/2	73/2	0.5	1/8	1/8	Chord	3/8	1	1	1/8		1/8	1	196							
25	25	37	37	0.5	1/4	1/4	Chord	3/8	1	1	1/8		1/8	1	197							
25	25	36	36	0.16666666666666666	0	0	Chord	3/8	2	1	1/24		1/16	2/3	198							
25	25	217/6	217/6	0.16666666666666666	1/24	1/24	Chord	3/8	2	1	1/24		1/16	2/3	199							
25	25	109/3	109/3	0.16666666666666666	1/12	1/12	Chord	3/8	2	1	1/24		1/16	2/3	200							
25	25	73/2	73/2	0.16666666666666666	1/8	1/8	Chord	3/8	2	1	1/24		1/16	2/3	201							
25	25	110/3	110/3	0.16666666666666666	1/6	1/6	Chord	3/8	2	1	1/24		1/16	2/3	202							
25	25	221/6	221/6	0.16666666666666666	5/24	5/24	Chord	3/8	2	1	1/24		1/16	2/3	203							
25	25	37	37	0.16666666666666666	1/4	1/4	Chord	3/8	2	1	1/24		1/16	2/3	204							
25	25	223/6	223/6	0.16666666666666666	7/24	7/24	Chord	3/8	2	1	1/24		1/16	2/3	205							
25	25	112/3	112/3	0.16666666666666666	1/3	1/3	Chord	3/8	2	1	1/24		1/16	2/3	206							
26	26	75/2	75/2	0.75	0	0	Chord	3/8	1	1	3/16		1/8	3/2	207							
26	26	153/4	153/4	0.25	3/16	3/16	Chord	3/8	1	1	1/16		1/16	1	208							
26	26	77/2	77/2	0.5	1/4	1/4	Chord	3/8	1	1	1/8		1/8	1	209							
26	26	75/2	75/2	0.16666666666666666	0	0	Chord	3/8	2	1	1/24		1/16	2/3	210							
26	26	113/3	113/3	0.16666666666666666	1/24	1/24	Chord	3/8	2	1	1/24		1/16	2/3	211							
26	26	227/6	227/6	0.16666666666666666	1/12	1/12	Chord	3/8	2	1	1/24		1/16	2/3	212							
26	26	38	38	0.16666666666666666	1/8	1/8	Chord	3/8	2	1	1/24		1/16	2/3	213							
26	26	229/6	229/6	0.16666666666666666	1/6	1/6	Chord	3/8	2	1	1/24		1/16	2/3	214							
26	26	115/3	115/3	0.16666666666666666	5/24	5/24	Chord	3/8	2	1	1/24		1/16	2/3	215							
26	26	77/2	77/2	0.16666666666666666	1/4	1/4	Chord	3/8	2	1	1/24		1/16	2/3	216							
26	26	116/3	116/3	0.16666666666666666	7/24	7/24	Chord	3/8	2	1	1/24		1/16	2/3	217							
26	26	233/6	233/6	0.16666666666666666	1/3	1/3	Chord	3/8	2	1	1/24		1/16	2/3	218							
27	27	39	39	0.5	0	0	Chord	3/8	1	1	1/8		1/8	1	219							
27	27	79/2	79/2	0.5	1/8	1/8	Chord	3/8	1	1	1/8		1/8	1	220							
27	27	40	40	0.5	1/4	1/4	Chord	3/8	1	1	1/8		1/8	1	221							
27	27	39	39	0.16666666666666666	0	0	Chord	3/8	2	1	1/24		1/16	2/3	222							
27	27	235/6	235/6	0.16666666666666666	1/24	1/24	Chord	3/8	2	1	1/24		1/16	2/3	223							
27	27	118/3	118/3	0.16666666666666666	1/12	1/12	Chord	3/8	2	1	1/24		1/16	2/3	224							
27	27	79/2	79/2	0.16666666666666666	1/8	1/8	Chord	3/8	2	1	1/24		1/16	2/3	225							
27	27	119/3	119/3	0.16666666666666666	1/6	1/6	Chord	3/8	2	1	1/24		1/16	2/3	226							
27	27	239/6	239/6	0.16666666666666666	5/24	5/24	Chord	3/8	2	1	1/24		1/16	2/3	227							
27	27	40	40	0.16666666666666666	1/4	1/4	Chord	3/8	2	1	1/24		1/16	2/3	228							
27	27	241/6	241/6	0.16666666666666666	7/24	7/24	Chord	3/8	2	1	1/24		1/16	2/3	229							
27	27	121/3	121/3	0.16666666666666666	1/3	1/3	Chord	3/8	2	1	1/24		1/16	2/3	230							
28	28	81/2	81/2	0.75	0	0	Chord	3/8	1	1	3/16		1/8	3/2	231							
28	28	165/4	165/4	0.25	3/16	3/16	Chord	3/8	1	1	1/16		1/16	1	232							
28	28	83/2	83/2	0.5	1/4	1/4	Chord	3/8	1	1	1/8		1/8	1	233							
28	28	81/2	81/2	0.16666666666666666	0	0	Chord	3/8	2	1	1/24		1/16	2/3	234							
28	28	122/3	122/3	0.16666666666666666	1/24	1/24	Chord	3/8	2	1	1/24		1/16	2/3	235							
28	28	245/6	245/6	0.16666666666666666	1/12	1/12	Chord	3/8	2	1	1/24		1/16	2/3	236							
28	28	41	41	0.16666666666666666	1/8	1/8	Chord	3/8	2	1	1/24		1/16	2/3	237							
28	28	247/6	247/6	0.16666666666666666	1/6	1/6	Chord	3/8	2	1	1/24		1/16	2/3	238							
28	28	124/3	124/3	0.16666666666666666	5/24	5/24	Chord	3/8	2	1	1/24		1/16	2/3	239							
28	28	83/2	83/2	0.16666666666666666	1/4	1/4	Chord	3/8	2	1	1/24		1/16	2/3	240							
28	28	125/3	125/3	0.16666666666666666	7/24	7/24	Chord	3/8	2	1	1/24		1/16	2/3	241							
28	28	251/6	251/6	0.16666666666666666	1/3	1/3	Chord	3/8	2	1	1/24		1/16	2/3	242							
29	29	42	42	0.16666666666666666	0	0	Chord	3/8	1	1	1/24		1/16	2/3	243							
29	29	253/6	253/6	0.16666666666666666	1/24	1/24	Chord	3/8	1	1	1/24		1/16	2/3	244							
29	29	127/3	127/3	0.16666666666666666	1/12	1/12	Chord	3/8	1	1	1/24		1/16	2/3	245							
29	29	85/2	85/2	0.16666666666666666	1/8	1/8	Chord	3/8	1	1	1/24		1/16	2/3	246							
29	29	128/3	128/3	0.16666666666666666	1/6	1/6	Chord	3/8	1	1	1/24		1/16	2/3	247							
29	29	257/6	257/6	0.16666666666666666	5/24	5/24	Chord	3/8	1	1	1/24		1/16	2/3	248							
29	29	43	43	0.16666666666666666	1/4	1/4	Chord	3/8	1	1	1/24		1/16	2/3	249							
29	29	259/6	259/6	0.16666666666666666	7/24	7/24	Chord	3/8	1	1	1/24		1/16	2/3	250							
29	29	130/3	130/3	0.16666666666666666	1/3	1/3	Chord	3/8	1	1	1/24		1/16	2/3	251							
29	29	42	42	0.5	0	0	Chord	3/8	2	1	1/8		1/8	1	252							
29	29	85/2	85/2	0.5	1/8	1/8	Chord	3/8	2	1	1/8		1/8	1	253							
29	29	43	43	0.5	1/4	1/4	Chord	3/8	2	1	1/8		1/8	1	254							
30	30	87/2	87/2	0.16666666666666666	0	0	Chord	3/8	1	1	1/24		1/16	2/3	255							
30	30	131/3	131/3	0.16666666666666666	1/24	1/24	Chord	3/8	1	1	1/24		1/16	2/3	256							
30	30	263/6	263/6	0.16666666666666666	1/12	1/12	Chord	3/8	1	1	1/24		1/16	2/3	257							
30	30	44	44	0.16666666666666666	1/8	1/8	Chord	3/8	1	1	1/24		1/16	2/3	258							
30	30	265/6	265/6	0.16666666666666666	1/6	1/6	Chord	3/8	1	1	1/24		1/16	2/3	259							
30	30	133/3	133/3	0.16666666666666666	5/24	5/24	Chord	3/8	1	1	1/24		1/16	2/3	260							
30	30	89/2	89/2	0.16666666666666666	1/4	1/4	Chord	3/8	1	1	1/24		1/16	2/3	261							
30	30	134/3	134/3	0.16666666666666666	7/24	7/24	Chord	3/8	1	1	1/24		1/16	2/3	262							
30	30	269/6	269/6	0.16666666666666666	1/3	1/3	Chord	3/8	1	1	1/24		1/16	2/3	263							
30	30	87/2	87/2	0.5	0	0	Chord	3/8	2	1	1/8		1/8	1	264							
30	30	44	44	0.5	1/8	1/8	Chord	3/8	2	1	1/8		1/8	1	265							
30	30	89/2	89/2	0.5	1/4	1/4	Chord	3/8	2	1	1/8		1/8	1	266							
31	31	45	45	0.16666666666666666	0	0	Chord	3/8	1	1	1/24		1/16	2/3	267							
31	31	271/6	271/6	0.16666666666666666	1/24	1/24	Chord	3/8	1	1	1/24		1/16	2/3	268							
31	31	136/3	136/3	0.16666666666666666	1/12	1/12	Chord	3/8	1	1	1/24		1/16	2/3	269							
31	31	91/2	91/2	0.16666666666666666	1/8	1/8	Chord	3/8	1	1	1/24		1/16	2/3	270							
31	31	137/3	137/3	0.16666666666666666	1/6	1/6	Chord	3/8	1	1	1/24		1/16	2/3	271							
31	31	275/6	275/6	0.16666666666666666	5/24	5/24	Chord	3/8	1	1	1/24		1/16	2/3	272							
31	31	46	46	0.16666666666666666	1/4	1/4	Chord	3/8	1	1	1/24		1/16	2/3	273							
31	31	277/6	277/6	0.16666666666666666	7/24	7/24	Chord	3/8	1	1	1/24		1/16	2/3	274							
31	31	139/3	139/3	0.16666666666666666	1/3	1/3	Chord	3/8	1	1	1/24		1/16	2/3	275							
31	31	45	45	0.5	0	0	Chord	3/8	2	1	1/8		1/8	1	276							
31	31	91/2	91/2	0.5	1/8	1/8	Chord	3/8	2	1	1/8		1/8	1	277							
31	31	46	46	0.5	1/4	1/4	Chord	3/8	2	1	1/8		1/8	1	278							
32	32	93/2	93/2	0.5	0	0	Chord	3/8	1	1	1/8		1/8	1	279							
32	32	93/2	93/2	0.16666666666666666	0	0	Chord	3/8	2	1	1/24		1/16	2/3	280							
32	32	140/3	140/3	0.16666666666666666	1/24	1/24	Chord	3/8	2	1	1/24		1/16	2/3	281							
32	32	281/6	281/6	0.16666666666666666	1/12	1/12	Chord	3/8	2	1	1/24		1/16	2/3	282							
32	32	47	47	0.16666666666666666	1/8	1/8	Chord	3/8	2	1	1/24		1/16	2/3	283							
32	32	283/6	283/6	0.16666666666666666	1/6	1/6	Chord	3/8	2	1	1/24		1/16	2/3	284							
32	32	142/3	142/3	0.16666666666666666	5/24	5/24	Chord	3/8	2	1	1/24		1/16	2/3	285							
32	32	95/2	95/2	0.16666666666666666	1/4	1/4	Chord	3/8	2	1	1/24		1/16	2/3	286							
32	32	143/3	143/3	0.16666666666666666	7/24	7/24	Chord	3/8	2	1	1/24		1/16	2/3	287							
32	32	287/6	287/6	0.16666666666666666	1/3	1/3	Chord	3/8	2	1	1/24		1/16	2/3	288							
33	33	48	48	1.5	0	0	Chord	3/8	1	1	3/8		1/4	3/2	289							
33	33	48	48	0.16666666666666666	0	0	Chord	3/8	1	2	1/24		1/16	2/3	290							
33	33	289/6	289/6	0.16666666666666666	1/24	1/24	Chord	3/8	1	2	1/24		1/16	2/3	291							
33	33	145/3	145/3	0.16666666666666666	1/12	1/12	Chord	3/8	1	2	1/24		1/16	2/3	292							
33	33	97/2	97/2	0.5	1/8	1/8	Chord	3/8	1	2	1/8		1/8	1	293							
33	33	49	49	0.5	1/4	1/4	Chord	3/8	1	2	1/8		1/8	1	294							
33	33	48	48	0.5	0	0	Chord	3/8	2	1	1/8		1/8	1	295							
33	33	97/2	97/2	0.5	1/8	1/8	Chord	3/8	2	1	1/8		1/8	1	296							
33	33	49	49	0.5	1/4	1/4	Chord	3/8	2	1	1/8		1/8	1	297							
34	34	99/2	99/2	1.5	0	0	Chord	3/8	1	1	3/8		1/4	3/2	298							
34	34	99/2	99/2	0.16666666666666666	0	0	Chord	3/8	1	2	1/24		1/16	2/3	299							
34	34	149/3	149/3	0.16666666666666666	1/24	1/24	Chord	3/8	1	2	1/24		1/16	2/3	300							
34	34	299/6	299/6	0.16666666666666666	1/12	1/12	Chord	3/8	1	2	1/24		1/16	2/3	301							
34	34	50	50	0.5	1/8	1/8	Chord	3/8	1	2	1/8		1/8	1	302							
34	34	101/2	101/2	0.5	1/4	1/4	Chord	3/8	1	2	1/8		1/8	1	303							
34	34	99/2	99/2	0.16666666666666666	0	0	Chord	3/8	2	1	1/24		1/16	2/3	304							
34	34	149/3	149/3	0.16666666666666666	1/24	1/24	Chord	3/8	2	1	1/24		1/16	2/3	305							
34	34	299/6	299/6	0.16666666666666666	1/12	1/12	Chord	3/8	2	1	1/24		1/16	2/3	306							
34	34	50	50	0.5	1/8	1/8	Chord	3/8	2	1	1/8		1/8	1	307							
34	34	101/2	101/2	0.5	1/4	1/4	Chord	3/8	2	1	1/8		1/8	1	308							
35	35	51	51	0.5	0	0	Chord	3/8	1	1	1/8		1/8	1	309							
35	35	103/2	103/2	1.0	1/8	1/8	Chord	3/8	1	1	1/4		1/4	1	310							
35	35	51	51	0.5	0	0	Chord	3/8	1	2	1/8		1/8	1	311							
35	35	103/2	103/2	1.0	1/8	1/8	Chord	3/8	1	2	1/4		1/4	1	312							
35	35	51	51	0.5	0	0	Chord	3/8	2	1	1/8		1/8	1	313							
35	35	103/2	103/2	0.5	1/8	1/8	Chord	3/8	2	1	1/8		1/8	1	314							
35	35	52	52	0.5	1/4	1/4	Chord	3/8	2	1	1/8		1/8	1	315							
36	36	105/2	105/2	0.25	0	0	Chord	3/8	1	1	1/16		1/16	1	316							
36	36	211/4	211/4	0.25	1/16	1/16	Chord	3/8	1	1	1/16		1/16	1	317							
36	36	53	53	0.25	1/8	1/8	Chord	3/8	1	1	1/16		1/16	1	318							
36	36	213/4	213/4	0.25	3/16	3/16	Chord	3/8	1	1	1/16		1/16	1	319							
36	36	107/2	107/2	0.25	1/4	1/4	Chord	3/8	1	1	1/16		1/16	1	320							
36	36	215/4	215/4	0.25	5/16	5/16	Chord	3/8	1	1	1/16		1/16	1	321							
36	36	105/2	105/2	1.0	0	0	Chord	3/8	1	2	1/4		1/4	1	322							
36	36	105/2	105/2	1.5	0	0	Chord	3/8	2	1	3/8		1/4	3/2	323							
37	37	54	54	0.0	0	0	Chord	3/8	1	1	0	appoggiatura	1/8	1	324							
37	37	54	54	1.5	0	0	Chord	3/8	1	1	3/8		1/4	3/2	325							
37	37	109/2	109/2	0.5	1/8	1/8	Chord	3/8	1	2	1/8		1/8	1	326							
37	37	55	55	0.5	1/4	1/4	Chord	3/8	1	2	1/8		1/8	1	327							
37	37	54	54	1.5	0	0	Chord	3/8	2	1	3/8		1/4	3/2	328							
38	38	111/2	111/2	0.25	0	0	Chord	3/8	1	1	1/16		1/16	1	329							
38	38	223/4	223/4	0.25	1/16	1/16	Chord	3/8	1	1	1/16		1/16	1	330							
38	38	56	56	0.25	1/8	1/8	Chord	3/8	1	1	1/16		1/16	1	331							
38	38	225/4	225/4	0.25	3/16	3/16	Chord	3/8	1	1	1/16		1/16	1	332							
38	38	113/2	113/2	0.25	1/4	1/4	Chord	3/8	1	1	1/16		1/16	1	333							
38	38	227/4	227/4	0.25	5/16	5/16	Chord	3/8	1	1	1/16		1/16	1	334							
38	38	111/2	111/2	0.5	0	0	Chord	3/8	1	2	1/8		1/8	1	335							
38	38	111/2	111/2	0.5	0	0	Chord	3/8	2	1	1/8		1/8	1	336							
38	38	56	56	0.5	1/8	1/8	Chord	3/8	2	1	1/8		1/8	1	337							
38	38	113/2	113/2	0.5	1/4	1/4	Chord	3/8	2	1	1/8		1/8	1	338							
39	39	57	57	0.25	0	0	Chord	3/8	1	1	1/16		1/16	1	339							
39	39	229/4	229/4	0.25	1/16	1/16	Chord	3/8	1	1	1/16		1/16	1	340							
39	39	115/2	115/2	0.5	1/8	1/8	Chord	3/8	1	1	1/8		1/8	1	341							
39	39	58	58	0.5	1/4	1/4	Chord	3/8	1	1	1/8		1/8	1	342	ornamentTrill						
39	39	57	57	0.5	0	0	Chord	3/8	2	1	1/8		1/8	1	343							
39	39	115/2	115/2	0.5	1/8	1/8	Chord	3/8	2	1	1/8		1/8	1	344							
39	39	58	58	0.5	1/4	1/4	Chord	3/8	2	1	1/8		1/8	1	345							
40	40	117/2	117/2	0.5	0	0	Chord	3/8	1	1	1/8		1/8	1	346							
40	40	59	59	0.5	1/8	1/8	Chord	3/8	1	1	1/8		1/8	1	347							
40	40	119/2	119/2	0.5	1/4	1/4	Chord	3/8	1	1	1/8		1/8	1	348							
40	40	117/2	117/2	0.16666666666666666	0	0	Chord	3/8	2	1	1/24		1/16	2/3	349							
40	40	176/3	176/3	0.16666666666666666	1/24	1/24	Chord	3/8	2	1	1/24		1/16	2/3	350							
40	40	353/6	353/6	0.16666666666666666	1/12	1/12	Chord	3/8	2	1	1/24		1/16	2/3	351							
40	40	59	59	0.16666666666666666	1/8	1/8	Chord	3/8	2	1	1/24		1/16	2/3	352							
40	40	355/6	355/6	0.16666666666666666	1/6	1/6	Chord	3/8	2	1	1/24		1/16	2/3	353							
40	40	178/3	178/3	0.16666666666666666	5/24	5/24	Chord	3/8	2	1	1/24		1/16	2/3	354							
40	40	119/2	119/2	0.16666666666666666	1/4	1/4	Chord	3/8	2	1	1/24		1/16	2/3	355							
40	40	179/3	179/3	0.16666666666666666	7/24	7/24	Chord	3/8	2	1	1/24		1/16	2/3	356							
40	40	359/6	359/6	0.16666666666666666	1/3	1/3	Chord	3/8	2	1	1/24		1/16	2/3	357							
41	41	60	60	0.5	0	0	Chord	3/8	1	1	1/8		1/8	1	358							
41	41	121/2	121/2	0.5	1/8	1/8	Chord	3/8	1	1	1/8		1/8	1	359							
41	41	61	61	0.5	1/4	1/4	Chord	3/8	1	1	1/8		1/8	1	360							
41	41	60	60	0.16666666666666666	0	0	Chord	3/8	2	1	1/24		1/16	2/3	361							
41	41	361/6	361/6	0.16666666666666666	1/24	1/24	Chord	3/8	2	1	1/24		1/16	2/3	362							
41	41	181/3	181/3	0.16666666666666666	1/12	1/12	Chord	3/8	2	1	1/24		1/16	2/3	363							
41	41	121/2	121/2	0.16666666666666666	1/8	1/8	Chord	3/8	2	1	1/24		1/16	2/3	364							
41	41	182/3	182/3	0.16666666666666666	1/6	1/6	Chord	3/8	2	1	1/24		1/16	2/3	365							
41	41	365/6	365/6	0.16666666666666666	5/24	5/24	Chord	3/8	2	1	1/24		1/16	2/3	366							
41	41	61	61	0.16666666666666666	1/4	1/4	Chord	3/8	2	1	1/24		1/16	2/3	367							
41	41	367/6	367/6	0.16666666666666666	7/24	7/24	Chord	3/8	2	1	1/24		1/16	2/3	368							
41	41	184/3	184/3	0.16666666666666666	1/3	1/3	Chord	3/8	2	1	1/24		1/16	2/3	369							
42	42	123/2	123/2	0.5	0	0	Chord	3/8	1	1	1/8		1/8	1	370							
42	42	62	62	0.5	1/8	1/8	Chord	3/8	1	1	1/8		1/8	1	371							
42	42	125/2	125/2	0.5	1/4	1/4	Chord	3/8	1	1	1/8		1/8	1	372							
42	42	123/2	123/2	0.16666666666666666	0	0	Chord	3/8	2	1	1/24		1/16	2/3	373							
42	42	185/3	185/3	0.16666666666666666	1/24	1/24	Chord	3/8	2	1	1/24		1/16	2/3	374							
42	42	371/6	371/6	0.16666666666666666	1/12	1/12	Chord	3/8	2	1	1/24		1/16	2/3	375							
42	42	62	62	0.16666666666666666	1/8	1/8	Chord	3/8	2	1	1/24		1/16	2/3	376							
42	42	373/6	373/6	0.16666666666666666	1/6	1/6	Chord	3/8	2	1	1/24		1/16	2/3	377							
42	42	187/3	187/3	0.16666666666666666	5/24	5/24	Chord	3/8	2	1	1/24		1/16	2/3	378							
42	42	125/2	125/2	0.16666666666666666	1/4	1/4	Chord	3/8	2	1	1/24		1/16	2/3	379							
42	42	188/3	188/3	0.16666666666666666	7/24	7/24	Chord	3/8	2	1	1/24		1/16	2/3	380							
42	42	377/6	377/6	0.16666666666666666	1/3	1/3	Chord	3/8	2	1	1/24		1/16	2/3	381							
43	43	63	63	0.16666666666666666	0	0	Chord	3/8	1	1	1/24		1/16	2/3	382							
43	43	379/6	379/6	0.16666666666666666	1/24	1/24	Chord	3/8	1	1	1/24		1/16	2/3	383							
43	43	190/3	190/3	0.16666666666666666	1/12	1/12	Chord	3/8	1	1	1/24		1/16	2/3	384							
43	43	127/2	127/2	0.16666666666666666	1/8	1/8	Chord	3/8	1	1	1/24		1/16	2/3	385							
43	43	191/3	191/3	0.16666666666666666	1/6	1/6	Chord	3/8	1	1	1/24		1/16	2/3	386							
43	43	383/6	383/6	0.16666666666666666	5/24	5/24	Chord	3/8	1	1	1/24		1/16	2/3	387							
43	43	64	64	0.16666666666666666	1/4	1/4	Chord	3/8	1	1	1/24		1/16	2/3	388							
43	43	385/6	385/6	0.16666666666666666	7/24	7/24	Chord	3/8	1	1	1/24		1/16	2/3	389							
43	43	193/3	193/3	0.16666666666666666	1/3	1/3	Chord	3/8	1	1	1/24		1/16	2/3	390							
43	43	63	63	0.5	0	0	Chord	3/8	2	1	1/8		1/8	1	391							
43	43	64	64	0.5	1/4	1/4	Chord	3/8	2	1	1/8		1/8	1	392							
44	44	129/2	129/2	0.16666666666666666	0	0	Chord	3/8	1	1	1/24		1/16	2/3	393							
44	44	194/3	194/3	0.16666666666666666	1/24	1/24	Chord	3/8	1	1	1/24		1/16	2/3	394							
44	44	389/6	389/6	0.16666666666666666	1/12	1/12	Chord	3/8	1	1	1/24		1/16	2/3	395							
44	44	65	65	0.5	1/8	1/8	Chord	3/8	1	1	1/8		1/8	1	396							
44	44	131/2	131/2	0.5	1/4	1/4	Chord	3/8	1	1	1/8		1/8	1	397							
44	44	129/2	129/2	0.5	0	0	Chord	3/8	2	1	1/8		1/8	1	398							
44	44	65	65	0.5	1/8	1/8	Chord	3/8	2	1	1/8		1/8	1	399							
44	44	131/2	131/2	0.5	1/4	1/4	Chord	3/8	2	1	1/8		1/8	1	400							
45	45	66	66	0.5	0	0	Chord	3/8	1	1	1/8		1/8	1	401							
45	45	133/2	133/2	0.5	1/8	1/8	Chord	3/8	1	1	1/8		1/8	1	402							
45	45	67	67	0.5	1/4	1/4	Chord	3/8	1	1	1/8		1/8	1	403							
45	45	66	66	0.16666666666666666	0	0	Chord	3/8	2	1	1/24		1/16	2/3	404							
45	45	397/6	397/6	0.16666666666666666	1/24	1/24	Chord	3/8	2	1	1/24		1/16	2/3	405							
45	45	199/3	199/3	0.16666666666666666	1/12	1/12	Chord	3/8	2	1	1/24		1/16	2/3	406							
45	45	133/2	133/2	0.16666666666666666	1/8	1/8	Chord	3/8	2	1	1/24		1/16	2/3	407							
45	45	200/3	200/3	0.16666666666666666	1/6	1/6	Chord	3/8	2	1	1/24		1/16	2/3	408							
45	45	401/6	401/6	0.16666666666666666	5/24	5/24	Chord	3/8	2	1	1/24		1/16	2/3	409							
45	45	67	67	0.16666666666666666	1/4	1/4	Chord	3/8	2	1	1/24		1/16	2/3	410							
45	45	403/6	403/6	0.16666666666666666	7/24	7/24	Chord	3/8	2	1	1/24		1/16	2/3	411							
45	45	202/3	202/3	0.16666666666666666	1/3	1/3	Chord	3/8	2	1	1/24		1/16	2/3	412							
46	46	135/2	135/2	0.5	0	0	Chord	3/8	1	1	1/8		1/8	1	413							
46	46	68	68	0.5	1/8	1/8	Chord	3/8	1	1	1/8		1/8	1	414							
46	46	137/2	137/2	0.5	1/4	1/4	Chord	3/8	1	1	1/8		1/8	1	415							
46	46	135/2	135/2	0.16666666666666666	0	0	Chord	3/8	2	1	1/24		1/16	2/3	416							
46	46	203/3	203/3	0.16666666666666666	1/24	1/24	Chord	3/8	2	1	1/24		1/16	2/3	417							
46	46	407/6	407/6	0.16666666666666666	1/12	1/12	Chord	3/8	2	1	1/24		1/16	2/3	418							
46	46	68	68	0.16666666666666666	1/8	1/8	Chord	3/8	2	1	1/24		1/16	2/3	419							
46	46	409/6	409/6	0.16666666666666666	1/6	1/6	Chord	3/8	2	1	1/24		1/16	2/3	420							
46	46	205/3	205/3	0.16666666666666666	5/24	5/24	Chord	3/8	2	1	1/24		1/16	2/3	421							
46	46	137/2	137/2	0.16666666666666666	1/4	1/4	Chord	3/8	2	1	1/24		1/16	2/3	422							
46	46	206/3	206/3	0.16666666666666666	7/24	7/24	Chord	3/8	2	1	1/24		1/16	2/3	423							
46	46	413/6	413/6	0.16666666666666666	1/3	1/3	Chord	3/8	2	1	1/24		1/16	2/3	424							
47	47	69	69	0.5	0	0	Chord	3/8	1	1	1/8		1/8	1	425							
47	47	139/2	139/2	0.5	1/8	1/8	Chord	3/8	1	1	1/8		1/8	1	426							
47	47	70	70	0.5	1/4	1/4	Chord	3/8	1	1	1/8		1/8	1	427							
47	47	69	69	0.16666666666666666	0	0	Chord	3/8	2	1	1/24		1/16	2/3	428							
47	47	415/6	415/6	0.16666666666666666	1/24	1/24	Chord	3/8	2	1	1/24		1/16	2/3	429							
47	47	208/3	208/3	0.16666666666666666	1/12	1/12	Chord	3/8	2	1	1/24		1/16	2/3	430							
47	47	139/2	139/2	0.16666666666666666	1/8	1/8	Chord	3/8	2	1	1/24		1/16	2/3	431							
47	47	209/3	209/3	0.16666666666666666	1/6	1/6	Chord	3/8	2	1	1/24		1/16	2/3	432							
47	47	419/6	419/6	0.16666666666666666	5/24	5/24	Chord	3/8	2	1	1/24		1/16	2/3	433							
47	47	70	70	0.16666666666666666	1/4	1/4	Chord	3/8	2	1	1/24		1/16	2/3	434							
47	47	421/6	421/6	0.16666666666666666	7/24	7/24	Chord	3/8	2	1	1/24		1/16	2/3	435							
47	47	211/3	211/3	0.16666666666666666	1/3	1/3	Chord	3/8	2	1	1/24		1/16	2/3	436							
48	48	141/2	141/2	0.16666666666666666	0	0	Chord	3/8	1	1	1/24		1/16	2/3	437							
48	48	212/3	212/3	0.16666666666666666	1/24	1/24	Chord	3/8	1	1	1/24		1/16	2/3	438							
48	48	425/6	425/6	0.16666666666666666	1/12	1/12	Chord	3/8	1	1	1/24		1/16	2/3	439							
48	48	71	71	0.16666666666666666	1/8	1/8	Chord	3/8	1	1	1/24		1/16	2/3	440							
48	48	427/6	427/6	0.16666666666666666	1/6	1/6	Chord	3/8	1	1	1/24		1/16	2/3	441							
48	48	214/3	214/3	0.16666666666666666	5/24	5/24	Chord	3/8	1	1	1/24		1/16	2/3	442							
48	48	143/2	143/2	0.16666666666666666	1/4	1/4	Chord	3/8	1	1	1/24		1/16	2/3	443							
48	48	215/3	215/3	0.16666666666666666	7/24	7/24	Chord	3/8	1	1	1/24		1/16	2/3	444							
48	48	431/6	431/6	0.16666666666666666	1/3	1/3	Chord	3/8	1	1	1/24		1/16	2/3	445							
48	48	141/2	141/2	0.5	0	0	Chord	3/8	2	1	1/8		1/8	1	446							
48	48	143/2	143/2	0.5	1/4	1/4	Chord	3/8	2	1	1/8		1/8	1	447							
49	49	72	72	0.16666666666666666	0	0	Chord	3/8	1	1	1/24		1/16	2/3	448							
49	49	433/6	433/6	0.16666666666666666	1/24	1/24	Chord	3/8	1	1	1/24		1/16	2/3	449							
49	49	217/3	217/3	0.16666666666666666	1/12	1/12	Chord	3/8	1	1	1/24		1/16	2/3	450							
49	49	145/2	145/2	0.5	1/8	1/8	Chord	3/8	1	1	1/8		1/8	1	451							
49	49	73	73	0.5	1/4	1/4	Chord	3/8	1	1	1/8		1/8	1	452	ornamentTrill						
49	49	72	72	0.5	0	0	Chord	3/8	2	1	1/8		1/8	1	453							
49	49	145/2	145/2	0.5	1/8	1/8	Chord	3/8	2	1	1/8		1/8	1	454							
49	49	73	73	0.5	1/4	1/4	Chord	3/8	2	1	1/8		1/8	1	455							
50	50	147/2	147/2	1.0	0	0	Chord	3/8	1	1	1/4		1/4	1	456							
50	50	147/2	147/2	1.0	0	0	Chord	3/8	2	1	1/4		1/4	1	457							
51	51	75	75	0.5	0	0	Chord	3/8	1	1	1/8		1/8	1	458							
51	51	151/2	151/2	0.5	1/8	1/8	Chord	3/8	1	1	1/8		1/8	1	459							
51	51	76	76	0.5	1/4	1/4	Chord	3/8	1	1	1/8		1/8	1	460							
51	51	75	75	0.16666666666666666	0	0	Chord	3/8	2	1	1/24		1/16	2/3	461							
51	51	451/6	451/6	0.16666666666666666	1/24	1/24	Chord	3/8	2	1	1/24		1/16	2/3	462							
51	51	226/3	226/3	0.16666666666666666	1/12	1/12	Chord	3/8	2	1	1/24		1/16	2/3	463							
51	51	151/2	151/2	0.16666666666666666	1/8	1/8	Chord	3/8	2	1	1/24		1/16	2/3	464							
51	51	227/3	227/3	0.16666666666666666	1/6	1/6	Chord	3/8	2	1	1/24		1/16	2/3	465							
51	51	455/6	455/6	0.16666666666666666	5/24	5/24	Chord	3/8	2	1	1/24		1/16	2/3	466							
51	51	76	76	0.16666666666666666	1/4	1/4	Chord	3/8	2	1	1/24		1/16	2/3	467							
51	51	457/6	457/6	0.16666666666666666	7/24	7/24	Chord	3/8	2	1	1/24		1/16	2/3	468							
51	51	229/3	229/3	0.16666666666666666	1/3	1/3	Chord	3/8	2	1	1/24		1/16	2/3	469							
52	52	153/2	153/2	0.5	0	0	Chord	3/8	1	1	1/8		1/8	1	470							
52	52	77	77	0.5	1/8	1/8	Chord	3/8	1	1	1/8		1/8	1	471							
52	52	155/2	155/2	0.5	1/4	1/4	Chord	3/8	1	1	1/8		1/8	1	472							
52	52	153/2	153/2	0.16666666666666666	0	0	Chord	3/8	2	1	1/24		1/16	2/3	473							
52	52	230/3	230/3	0.16666666666666666	1/24	1/24	Chord	3/8	2	1	1/24		1/16	2/3	474							
52	52	461/6	461/6	0.16666666666666666	1/12	1/12	Chord	3/8	2	1	1/24		1/16	2/3	475							
52	52	77	77	0.16666666666666666	1/8	1/8	Chord	3/8	2	1	1/24		1/16	2/3	476							
52	52	463/6	463/6	0.16666666666666666	1/6	1/6	Chord	3/8	2	1	1/24		1/16	2/3	477							
52	52	232/3	232/3	0.16666666666666666	5/24	5/24	Chord	3/8	2	1	1/24		1/16	2/3	478							
52	52	155/2	155/2	0.16666666666666666	1/4	1/4	Chord	3/8	2	1	1/24		1/16	2/3	479							
52	52	233/3	233/3	0.16666666666666666	7/24	7/24	Chord	3/8	2	1	1/24		1/16	2/3	480							
52	52	467/6	467/6	0.16666666666666666	1/3	1/3	Chord	3/8	2	1	1/24		1/16	2/3	481							
53	53	78	78	0.16666666666666666	0	0	Chord	3/8	1	1	1/24		1/16	2/3	482							
53	53	469/6	469/6	0.16666666666666666	1/24	1/24	Chord	3/8	1	1	1/24		1/16	2/3	483							
53	53	235/3	235/3	0.16666666666666666	1/12	1/12	Chord	3/8	1	1	1/24		1/16	2/3	484							
53	53	157/2	157/2	0.16666666666666666	1/8	1/8	Chord	3/8	1	1	1/24		1/16	2/3	485							
53	53	236/3	236/3	0.16666666666666666	1/6	1/6	Chord	3/8	1	1	1/24		1/16	2/3	486							
53	53	473/6	473/6	0.16666666666666666	5/24	5/24	Chord	3/8	1	1	1/24		1/16	2/3	487							
53	53	79	79	0.16666666666666666	1/4	1/4	Chord	3/8	1	1	1/24		1/16	2/3	488							
53	53	475/6	475/6	0.16666666666666666	7/24	7/24	Chord	3/8	1	1	1/24		1/16	2/3	489							
53	53	238/3	238/3	0.16666666666666666	1/3	1/3	Chord	3/8	1	1	1/24		1/16	2/3	490							
53	53	78	78	1.0	0	0	Chord	3/8	2	1	1/4		1/4	1	491							
54	54	159/2	159/2	0.16666666666666666	0	0	Chord	3/8	1	1	1/24		1/16	2/3	492							
54	54	239/3	239/3	0.16666666666666666	1/24	1/24	Chord	3/8	1	1	1/24		1/16	2/3	493							
54	54	479/6	479/6	0.16666666666666666	1/12	1/12	Chord	3/8	1	1	1/24		1/16	2/3	494							
54	54	80	80	0.16666666666666666	1/8	1/8	Chord	3/8	1	1	1/24		1/16	2/3	495							
54	54	481/6	481/6	0.16666666666666666	1/6	1/6	Chord	3/8	1	1	1/24		1/16	2/3	496							
54	54	241/3	241/3	0.16666666666666666	5/24	5/24	Chord	3/8	1	1	1/24		1/16	2/3	497							
54	54	161/2	161/2	0.16666666666666666	1/4	1/4	Chord	3/8	1	1	1/24		1/16	2/3	498							
54	54	242/3	242/3	0.16666666666666666	7/24	7/24	Chord	3/8	1	1	1/24		1/16	2/3	499							
54	54	485/6	485/6	0.16666666666666666	1/3	1/3	Chord	3/8	1	1	1/24		1/16	2/3	500							
55	55	81	81	0.5	0	0	Chord	3/8	1	1	1/8		1/8	1	501							
55	55	163/2	163/2	0.5	1/8	1/8	Chord	3/8	1	1	1/8		1/8	1	502							
55	55	82	82	0.5	1/4	1/4	Chord	3/8	1	1	1/8		1/8	1	503							
55	55	81	81	0.16666666666666666	0	0	Chord	3/8	2	1	1/24		1/16	2/3	504							
55	55	487/6	487/6	0.16666666666666666	1/24	1/24	Chord	3/8	2	1	1/24		1/16	2/3	505							
55	55	244/3	244/3	0.16666666666666666	1/12	1/12	Chord	3/8	2	1	1/24		1/16	2/3	506							
55	55	163/2	163/2	0.16666666666666666	1/8	1/8	Chord	3/8	2	1	1/24		1/16	2/3	507							
55	55	245/3	245/3	0.16666666666666666	1/6	1/6	Chord	3/8	2	1	1/24		1/16	2/3	508							
55	55	491/6	491/6	0.16666666666666666	5/24	5/24	Chord	3/8	2	1	1/24		1/16	2/3	509							
55	55	82	82	0.16666666666666666	1/4	1/4	Chord	3/8	2	1	1/24		1/16	2/3	510							
55	55	493/6	493/6	0.16666666666666666	7/24	7/24	Chord	3/8	2	1	1/24		1/16	2/3	511							
55	55	247/3	247/3	0.16666666666666666	1/3	1/3	Chord	3/8	2	1	1/24		1/16	2/3	512							
56	56	165/2	165/2	0.5	0	0	Chord	3/8	1	1	1/8		1/8	1	513							
56	56	83	83	0.5	1/8	1/8	Chord	3/8	1	1	1/8		1/8	1	514							
56	56	167/2	167/2	0.5	1/4	1/4	Chord	3/8	1	1	1/8		1/8	1	515							
56	56	165/2	165/2	0.16666666666666666	0	0	Chord	3/8	2	1	1/24		1/16	2/3	516							
56	56	248/3	248/3	0.16666666666666666	1/24	1/24	Chord	3/8	2	1	1/24		1/16	2/3	517							
56	56	497/6	497/6	0.16666666666666666	1/12	1/12	Chord	3/8	2	1	1/24		1/16	2/3	518							
56	56	83	83	0.16666666666666666	1/8	1/8	Chord	3/8	2	1	1/24		1/16	2/3	519							
56	56	499/6	499/6	0.16666666666666666	1/6	1/6	Chord	3/8	2	1	1/24		1/16	2/3	520							
56	56	250/3	250/3	0.16666666666666666	5/24	5/24	Chord	3/8	2	1	1/24		1/16	2/3	521							
56	56	167/2	167/2	0.16666666666666666	1/4	1/4	Chord	3/8	2	1	1/24		1/16	2/3	522							
56	56	251/3	251/3	0.16666666666666666	7/24	7/24	Chord	3/8	2	1	1/24		1/16	2/3	523							
56	56	503/6	503/6	0.16666666666666666	1/3	1/3	Chord	3/8	2	1	1/24		1/16	2/3	524							
57	57	84	84	0.16666666666666666	0	0	Chord	3/8	1	1	1/24		1/16	2/3	525							
57	57	505/6	505/6	0.16666666666666666	1/24	1/24	Chord	3/8	1	1	1/24		1/16	2/3	526							
57	57	253/3	253/3	0.16666666666666666	1/12	1/12	Chord	3/8	1	1	1/24		1/16	2/3	527							
57	57	169/2	169/2	0.16666666666666666	1/8	1/8	Chord	3/8	1	1	1/24		1/16	2/3	528							
57	57	254/3	254/3	0.16666666666666666	1/6	1/6	Chord	3/8	1	1	1/24		1/16	2/3	529							
57	57	509/6	509/6	0.16666666666666666	5/24	5/24	Chord	3/8	1	1	1/24		1/16	2/3	530							
57	57	85	85	0.16666666666666666	1/4	1/4	Chord	3/8	1	1	1/24		1/16	2/3	531							
57	57	511/6	511/6	0.16666666666666666	7/24	7/24	Chord	3/8	1	1	1/24		1/16	2/3	532							
57	57	256/3	256/3	0.16666666666666666	1/3	1/3	Chord	3/8	1	1	1/24		1/16	2/3	533							
57	57	84	84	1.0	0	0	Chord	3/8	2	1	1/4		1/4	1	534							
58	58	171/2	171/2	0.16666666666666666	0	0	Chord	3/8	1	1	1/24		1/16	2/3	535							
58	58	257/3	257/3	0.16666666666666666	1/24	1/24	Chord	3/8	1	1	1/24		1/16	2/3	536							
58	58	515/6	515/6	0.16666666666666666	1/12	1/12	Chord	3/8	1	1	1/24		1/16	2/3	537							
58	58	86	86	0.16666666666666666	1/8	1/8	Chord	3/8	1	1	1/24		1/16	2/3	538							
58	58	517/6	517/6	0.16666666666666666	1/6	1/6	Chord	3/8	1	1	1/24		1/16	2/3	539							
58	58	259/3	259/3	0.16666666666666666	5/24	5/24	Chord	3/8	1	1	1/24		1/16	2/3	540							
58	58	173/2	173/2	0.16666666666666666	1/4	1/4	Chord	3/8	1	1	1/24		1/16	2/3	541							
58	58	260/3	260/3	0.16666666666666666	7/24	7/24	Chord	3/8	1	1	1/24		1/16	2/3	542							
58	58	521/6	521/6	0.16666666666666666	1/3	1/3	Chord	3/8	1	1	1/24		1/16	2/3	543							
59	59	87	87	0.16666666666666666	0	0	Chord	3/8	1	1	1/24		1/16	2/3	544							
59	59	523/6	523/6	0.16666666666666666	1/24	1/24	Chord	3/8	1	1	1/24		1/16	2/3	545							
59	59	262/3	262/3	0.16666666666666666	1/12	1/12	Chord	3/8	1	1	1/24		1/16	2/3	546							
59	59	175/2	175/2	0.16666666666666666	1/8	1/8	Chord	3/8	1	1	1/24		1/16	2/3	547							
59	59	263/3	263/3	0.16666666666666666	1/6	1/6	Chord	3/8	1	1	1/24		1/16	2/3	548							
59	59	527/6	527/6	0.16666666666666666	5/24	5/24	Chord	3/8	1	1	1/24		1/16	2/3	549							
59	59	88	88	0.16666666666666666	1/4	1/4	Chord	3/8	1	1	1/24		1/16	2/3	550							
59	59	529/6	529/6	0.16666666666666666	7/24	7/24	Chord	3/8	1	1	1/24		1/16	2/3	551							
59	59	265/3	265/3	0.16666666666666666	1/3	1/3	Chord	3/8	1	1	1/24		1/16	2/3	552							
59	59	87	87	1.0	0	0	Chord	3/8	2	1	1/4		1/4	1	553							
59	59	88	88	0.5	1/4	1/4	Chord	3/8	2	1	1/8		1/8	1	554							
60	60	177/2	177/2	0.16666666666666666	0	0	Chord	3/8	1	1	1/24		1/16	2/3	555							
60	60	266/3	266/3	0.16666666666666666	1/24	1/24	Chord	3/8	1	1	1/24		1/16	2/3	556							
60	60	533/6	533/6	0.16666666666666666	1/12	1/12	Chord	3/8	1	1	1/24		1/16	2/3	557							
60	60	89	89	0.16666666666666666	1/8	1/8	Chord	3/8	1	1	1/24		1/16	2/3	558							
60	60	535/6	535/6	0.16666666666666666	1/6	1/6	Chord	3/8	1	1	1/24		1/16	2/3	559							
60	60	268/3	268/3	0.16666666666666666	5/24	5/24	Chord	3/8	1	1	1/24		1/16	2/3	560							
60	60	179/2	179/2	0.16666666666666666	1/4	1/4	Chord	3/8	1	1	1/24		1/16	2/3	561							
60	60	269/3	269/3	0.16666666666666666	7/24	7/24	Chord	3/8	1	1	1/24		1/16	2/3	562							
60	60	539/6	539/6	0.16666666666666666	1/3	1/3	Chord	3/8	1	1	1/24		1/16	2/3	563							
60	60	177/2	177/2	1.0	0	0	Chord	3/8	2	1	1/4		1/4	1	564							
60	60	179/2	179/2	0.5	1/4	1/4	Chord	3/8	2	1	1/8		1/8	1	565							
61	61	90	90	0.16666666666666666	0	0	Chord	3/8	1	1	1/24		1/16	2/3	566							
61	61	541/6	541/6	0.16666666666666666	1/24	1/24	Chord	3/8	1	1	1/24		1/16	2/3	567							
61	61	271/3	271/3	0.16666666666666666	1/12	1/12	Chord	3/8	1	1	1/24		1/16	2/3	568							
61	61	181/2	181/2	0.16666666666666666	1/8	1/8	Chord	3/8	1	1	1/24		1/16	2/3	569							
61	61	272/3	272/3	0.16666666666666666	1/6	1/6	Chord	3/8	1	1	1/24		1/16	2/3	570							
61	61	545/6	545/6	0.16666666666666666	5/24	5/24	Chord	3/8	1	1	1/24		1/16	2/3	571							
61	61	91	91	0.16666666666666666	1/4	1/4	Chord	3/8	1	1	1/24		1/16	2/3	572							
61	61	547/6	547/6	0.16666666666666666	7/24	7/24	Chord	3/8	1	1	1/24		1/16	2/3	573							
61	61	274/3	274/3	0.16666666666666666	1/3	1/3	Chord	3/8	1	1	1/24		1/16	2/3	574							
61	61	90	90	0.5	0	0	Chord	3/8	2	1	1/8		1/8	1	575							
61	61	181/2	181/2	0.5	1/8	1/8	Chord	3/8	2	1	1/8		1/8	1	576							
61	61	91	91	0.5	1/4	1/4	Chord	3/8	2	1	1/8		1/8	1	577							
61	61	90	90	1.5	0	0	Chord	3/8	2	2	3/8		1/4	3/2	578							
62	62	183/2	183/2	0.16666666666666666	0	0	Chord	3/8	1	1	1/24		1/16	2/3	579							
62	62	275/3	275/3	0.16666666666666666	1/24	1/24	Chord	3/8	1	1	1/24		1/16	2/3	580							
62	62	551/6	551/6	0.16666666666666666	1/12	1/12	Chord	3/8	1	1	1/24		1/16	2/3	581							
62	62	92	92	0.16666666666666666	1/8	1/8	Chord	3/8	1	1	1/24		1/16	2/3	582							
62	62	553/6	553/6	0.16666666666666666	1/6	1/6	Chord	3/8	1	1	1/24		1/16	2/3	583							
62	62	277/3	277/3	0.16666666666666666	5/24	5/24	Chord	3/8	1	1	1/24		1/16	2/3	584							
62	62	185/2	185/2	0.16666666666666666	1/4	1/4	Chord	3/8	1	1	1/24		1/16	2/3	585							
62	62	278/3	278/3	0.16666666666666666	7/24	7/24	Chord	3/8	1	1	1/24		1/16	2/3	586							
62	62	557/6	557/6	0.16666666666666666	1/3	1/3	Chord	3/8	1	1	1/24		1/16	2/3	587							
62	62	183/2	183/2	1.0	0	0	Chord	3/8	2	1	1/4		1/4	1	588							
62	62	183/2	183/2	1.0	0	0	Chord	3/8	2	2	1/4		1/4	1	589							
63	63	93	93	0.16666666666666666	0	0	Chord	3/8	1	1	1/24		1/16	2/3	590							
63	63	559/6	559/6	0.16666666666666666	1/24	1/24	Chord	3/8	1	1	1/24		1/16	2/3	591							
63	63	280/3	280/3	0.16666666666666666	1/12	1/12	Chord	3/8	1	1	1/24		1/16	2/3	592							
63	63	187/2	187/2	0.16666666666666666	1/8	1/8	Chord	3/8	1	1	1/24		1/16	2/3	593							
63	63	281/3	281/3	0.16666666666666666	1/6	1/6	Chord	3/8	1	1	1/24		1/16	2/3	594							
63	63	563/6	563/6	0.16666666666666666	5/24	5/24	Chord	3/8	1	1	1/24		1/16	2/3	595							
63	63	94	94	0.16666666666666666	1/4	1/4	Chord	3/8	1	1	1/24		1/16	2/3	596							
63	63	565/6	565/6	0.16666666666666666	7/24	7/24	Chord	3/8	1	1	1/24		1/16	2/3	597							
63	63	283/3	283/3	0.16666666666666666	1/3	1/3	Chord	3/8	1	1	1/24		1/16	2/3	598							
63	63	93	93	0.5	0	0	Chord	3/8	2	1	1/8		1/8	1	599							
63	63	187/2	187/2	0.5	1/8	1/8	Chord	3/8	2	1	1/8		1/8	1	600							
63	63	94	94	0.5	1/4	1/4	Chord	3/8	2	1	1/8		1/8	1	601							
64	64	189/2	189/2	0.16666666666666666	0	0	Chord	3/8	1	1	1/24		1/16	2/3	602							
64	64	284/3	284/3	0.16666666666666666	1/24	1/24	Chord	3/8	1	1	1/24		1/16	2/3	603							
64	64	569/6	569/6	0.16666666666666666	1/12	1/12	Chord	3/8	1	1	1/24		1/16	2/3	604							
64	64	95	95	0.16666666666666666	1/8	1/8	Chord	3/8	1	1	1/24		1/16	2/3	605							
64	64	571/6	571/6	0.16666666666666666	1/6	1/6	Chord	3/8	1	1	1/24		1/16	2/3	606							
64	64	286/3	286/3	0.16666666666666666	5/24	5/24	Chord	3/8	1	1	1/24		1/16	2/3	607							
64	64	191/2	191/2	0.16666666666666666	1/4	1/4	Chord	3/8	1	1	1/24		1/16	2/3	608							
64	64	287/3	287/3	0.16666666666666666	7/24	7/24	Chord	3/8	1	1	1/24		1/16	2/3	609							
64	64	575/6	575/6	0.16666666666666666	1/3	1/3	Chord	3/8	1	1	1/24		1/16	2/3	610							
64	64	189/2	189/2	0.5	0	0	Chord	3/8	2	1	1/8		1/8	1	611							
64	64	95	95	0.5	1/8	1/8	Chord	3/8	2	1	1/8		1/8	1	612							
64	64	191/2	191/2	0.5	1/4	1/4	Chord	3/8	2	1	1/8		1/8	1	613							
65	65	96	96	0.16666666666666666	0	0	Chord	3/8	1	1	1/24		1/16	2/3	614							
65	65	577/6	577/6	0.16666666666666666	1/24	1/24	Chord	3/8	1	1	1/24		1/16	2/3	615							
65	65	289/3	289/3	0.16666666666666666	1/12	1/12	Chord	3/8	1	1	1/24		1/16	2/3	616							
65	65	193/2	193/2	0.16666666666666666	1/8	1/8	Chord	3/8	1	1	1/24		1/16	2/3	617							
65	65	290/3	290/3	0.16666666666666666	1/6	1/6	Chord	3/8	1	1	1/24		1/16	2/3	618							
65	65	581/6	581/6	0.16666666666666666	5/24	5/24	Chord	3/8	1	1	1/24		1/16	2/3	619							
65	65	96	96	1.0	0	0	Chord	3/8	2	1	1/4		1/4	1	620							
65	65	97	97	0.16666666666666666	1/4	1/4	Chord	3/8	2	1	1/24		1/16	2/3	621							
65	65	583/6	583/6	0.16666666666666666	7/24	7/24	Chord	3/8	2	1	1/24		1/16	2/3	622							
65	65	292/3	292/3	0.16666666666666666	1/3	1/3	Chord	3/8	2	1	1/24		1/16	2/3	623							
66	66	195/2	195/2	1.5	0	0	Chord	3/8	1	1	3/8		1/4	3/2	624							
66	66	195/2	195/2	0.16666666666666666	0	0	Chord	3/8	1	2	1/24		1/16	2/3	625							
66	66	293/3	293/3	0.16666666666666666	1/24	1/24	Chord	3/8	1	2	1/24		1/16	2/3	626							
66	66	587/6	587/6	0.16666666666666666	1/12	1/12	Chord	3/8	1	2	1/24		1/16	2/3	627							
66	66	98	98	0.5	1/8	1/8	Chord	3/8	1	2	1/8		1/8	1	628							
66	66	197/2	197/2	0.5	1/4	1/4	Chord	3/8	1	2	1/8		1/8	1	629							
66	66	195/2	195/2	0.5	0	0	Chord	3/8	2	1	1/8		1/8	1	630							
66	66	98	98	0.5	1/8	1/8	Chord	3/8	2	1	1/8		1/8	1	631							
66	66	197/2	197/2	0.5	1/4	1/4	Chord	3/8	2	1	1/8		1/8	1	632							
67	67	99	99	1.5	0	0	Chord	3/8	1	1	3/8		1/4	3/2	633							
67	67	99	99	0.16666666666666666	0	0	Chord	3/8	1	2	1/24		1/16	2/3	634							
67	67	595/6	595/6	0.16666666666666666	1/24	1/24	Chord	3/8	1	2	1/24		1/16	2/3	635							
67	67	298/3	298/3	0.16666666666666666	1/12	1/12	Chord	3/8	1	2	1/24		1/16	2/3	636							
67	67	199/2	199/2	0.5	1/8	1/8	Chord	3/8	1	2	1/8		1/8	1	637							
67	67	100	100	0.5	1/4	1/4	Chord	3/8	1	2	1/8		1/8	1	638							
67	67	99	99	0.16666666666666666	0	0	Chord	3/8	2	1	1/24		1/16	2/3	639							
67	67	595/6	595/6	0.16666666666666666	1/24	1/24	Chord	3/8	2	1	1/24		1/16	2/3	640							
67	67	298/3	298/3	0.16666666666666666	1/12	1/12	Chord	3/8	2	1	1/24		1/16	2/3	641							
67	67	199/2	199/2	0.5	1/8	1/8	Chord	3/8	2	1	1/8		1/8	1	642							
67	67	100	100	0.5	1/4	1/4	Chord	3/8	2	1	1/8		1/8	1	643							
68	68	201/2	201/2	0.5	0	0	Chord	3/8	1	1	1/8		1/8	1	644							
68	68	101	101	1.0	1/8	1/8	Chord	3/8	1	1	1/4		1/4	1	645							
68	68	201/2	201/2	1.0	0	0	Chord	3/8	1	2	1/4		1/4	1	646							
68	68	203/2	203/2	0.5	1/4	1/4	Chord	3/8	1	2	1/8		1/8	1	647							
68	68	201/2	201/2	0.5	0	0	Chord	3/8	2	1	1/8		1/8	1	648							
68	68	101	101	0.5	1/8	1/8	Chord	3/8	2	1	1/8		1/8	1	649							
68	68	203/2	203/2	0.5	1/4	1/4	Chord	3/8	2	1	1/8		1/8	1	650							
69	69	102	102	0.25	0	0	Chord	3/8	1	1	1/16		1/16	1	651							
69	69	409/4	409/4	0.25	1/16	1/16	Chord	3/8	1	1	1/16		1/16	1	652							
69	69	205/2	205/2	0.25	1/8	1/8	Chord	3/8	1	1	1/16		1/16	1	653							
69	69	411/4	411/4	0.25	3/16	3/16	Chord	3/8	1	1	1/16		1/16	1	654							
69	69	103	103	0.25	1/4	1/4	Chord	3/8	1	1	1/16		1/16	1	655							
69	69	413/4	413/4	0.25	5/16	5/16	Chord	3/8	1	1	1/16		1/16	1	656							
69	69	102	102	1.0	0	0	Chord	3/8	1	2	1/4		1/4	1	657							
69	69	102	102	1.5	0	0	Chord	3/8	2	1	3/8		1/4	3/2	658							
70	70	207/2	207/2	1.0	0	0	Chord	3/8	1	1	1/4		1/4	1	659							
70	70	209/2	209/2	0.5	1/4	1/4	Chord	3/8	1	1	1/8		1/8	1	660							
70	70	104	104	0.5	1/8	1/8	Chord	3/8	1	2	1/8		1/8	1	661							
70	70	209/2	209/2	0.5	1/4	1/4	Chord	3/8	1	2	1/8		1/8	1	662							
70	70	207/2	207/2	1.0	0	0	Chord	3/8	2	1	1/4		1/4	1	663							
70	70	209/2	209/2	0.5	1/4	1/4	Chord	3/8	2	1	1/8		1/8	1	664							
71	71	105	105	0.25	0	0	Chord	3/8	1	1	1/16		1/16	1	665							
71	71	421/4	421/4	0.25	1/16	1/16	Chord	3/8	1	1	1/16		1/16	1	666							
71	71	211/2	211/2	0.25	1/8	1/8	Chord	3/8	1	1	1/16		1/16	1	667							
71	71	423/4	423/4	0.25	3/16	3/16	Chord	3/8	1	1	1/16		1/16	1	668							
71	71	106	106	0.25	1/4	1/4	Chord	3/8	1	1	1/16		1/16	1	669							
71	71	425/4	425/4	0.25	5/16	5/16	Chord	3/8	1	1	1/16		1/16	1	670							
71	71	105	105	1.0	0	0	Chord	3/8	1	2	1/4		1/4	1	671							
71	71	106	106	0.5	1/4	1/4	Chord	3/8	1	2	1/8		1/8	1	672							
71	71	105	105	0.5	0	0	Chord	3/8	2	1	1/8		1/8	1	673							
71	71	211/2	211/2	0.5	1/8	1/8	Chord	3/8	2	1	1/8		1/8	1	674							
71	71	106	106	0.5	1/4	1/4	Chord	3/8	2	1	1/8		1/8	1	675							
72	72	213/2	213/2	1.0	0	0	Chord	3/8	1	1	1/4		1/4	1	676							
72	72	215/2	215/2	0.5	1/4	1/4	Chord	3/8	1	1	1/8		1/8	1	677							
72	72	107	107	0.5	1/8	1/8	Chord	3/8	1	2	1/8		1/8	1	678							
72	72	215/2	215/2	0.5	1/4	1/4	Chord	3/8	1	2	1/8		1/8	1	679							
72	72	213/2	213/2	1.0	0	0	Chord	3/8	2	1	1/4		1/4	1	680							
72	72	215/2	215/2	0.5	1/4	1/4	Chord	3/8	2	1	1/8		1/8	1	681							
73	73	108	108	1.0	0	0	Chord	3/8	1	1	1/4		1/4	1	682							
73	73	109	109	0.5	1/4	1/4	Chord	3/8	1	1	1/8		1/8	1	683							
73	73	108	108	0.25	0	0	Chord	3/8	1	2	1/16		1/16	1	684							
73	73	433/4	433/4	0.25	1/16	1/16	Chord	3/8	1	2	1/16		1/16	1	685							
73	73	217/2	217/2	0.25	1/8	1/8	Chord	3/8	1	2	1/16		1/16	1	686							
73	73	435/4	435/4	0.25	3/16	3/16	Chord	3/8	1	2	1/16		1/16	1	687							
73	73	109	109	0.25	1/4	1/4	Chord	3/8	1	2	1/16		1/16	1	688							
73	73	437/4	437/4	0.25	5/16	5/16	Chord	3/8	1	2	1/16		1/16	1	689							
73	73	108	108	0.5	0	0	Chord	3/8	2	1	1/8		1/8	1	690							
73	73	217/2	217/2	0.5	1/8	1/8	Chord	3/8	2	1	1/8		1/8	1	691							
73	73	109	109	0.5	1/4	1/4	Chord	3/8	2	1	1/8		1/8	1	692							
74	74	219/2	219/2	0.5	0	0	Chord	3/8	1	1	1/8		1/8	1	693							
74	74	110	110	0.5	1/8	1/8	Chord	3/8	1	1	1/8		1/8	1	694							
74	74	221/2	221/2	0.5	1/4	1/4	Chord	3/8	1	1	1/8		1/8	1	695							
74	74	219/2	219/2	1.0	0	0	Chord	3/8	1	2	1/4		1/4	1	696							
74	74	221/2	221/2	0.5	1/4	1/4	Chord	3/8	1	2	1/8		1/8	1	697							
74	74	219/2	219/2	0.5	0	0	Chord	3/8	2	1	1/8		1/8	1	698							
74	74	110	110	0.5	1/8	1/8	Chord	3/8	2	1	1/8		1/8	1	699							
74	74	221/2	221/2	0.5	1/4	1/4	Chord	3/8	2	1	1/8		1/8	1	700							
75	75	111	111	0.75	0	0	Chord	3/8	1	1	3/16		1/8	3/2	701							
75	75	447/4	447/4	0.25	3/16	3/16	Chord	3/8	1	1	1/16		1/16	1	702							
75	75	112	112	0.5	1/4	1/4	Chord	3/8	1	1	1/8		1/8	1	703							
75	75	111	111	0.5	0	0	Chord	3/8	1	2	1/8		1/8	1	704							
75	75	223/2	223/2	0.5	1/8	1/8	Chord	3/8	1	2	1/8		1/8	1	705							
75	75	112	112	0.5	1/4	1/4	Chord	3/8	1	2	1/8		1/8	1	706							
75	75	111	111	0.5	0	0	Chord	3/8	2	1	1/8		1/8	1	707							
75	75	223/2	223/2	0.5	1/8	1/8	Chord	3/8	2	1	1/8		1/8	1	708							
75	75	112	112	0.5	1/4	1/4	Chord	3/8	2	1	1/8		1/8	1	709							
76	76	225/2	225/2	0.0	0	0	Chord	3/8	1	1	0	grace16	1/16	1	710							
76	76	225/2	225/2	0.5	0	0	Chord	3/8	1	1	1/8		1/8	1	711							
76	76	113	113	0.5	1/8	1/8	Chord	3/8	1	1	1/8		1/8	1	712							
76	76	227/2	227/2	0.5	1/4	1/4	Chord	3/8	1	1	1/8		1/8	1	713							
76	76	225/2	225/2	0.5	0	0	Chord	3/8	2	1	1/8		1/8	1	714							
76	76	113	113	0.5	1/8	1/8	Chord	3/8	2	1	1/8		1/8	1	715							
76	76	227/2	227/2	0.5	1/4	1/4	Chord	3/8	2	1	1/8		1/8	1	716							
77	77	114	114	0.0	0	0	Chord	3/8	1	1	0	appoggiatura	1/8	1	717							
77	77	114	114	1.0	0	0	Chord	3/8	1	1	1/4		1/4	1	718							
77	77	114	114	0.5	0	0	Chord	3/8	2	1	1/8		1/8	1	719							
77	77	229/2	229/2	0.5	1/8	1/8	Chord	3/8	2	1	1/8		1/8	1	720							
77	77	115	115	0.5	1/4	1/4	Chord	3/8	2	1	1/8		1/8	1	721							
78	78	231/2	231/2	0.16666666666666666	0	0	Chord	3/8	1	1	1/24		1/16	2/3	722							
78	78	347/3	347/3	0.16666666666666666	1/24	1/24	Chord	3/8	1	1	1/24		1/16	2/3	723							
78	78	695/6	695/6	0.16666666666666666	1/12	1/12	Chord	3/8	1	1	1/24		1/16	2/3	724							
78	78	116	116	0.16666666666666666	1/8	1/8	Chord	3/8	1	1	1/24		1/16	2/3	725							
78	78	697/6	697/6	0.16666666666666666	1/6	1/6	Chord	3/8	1	1	1/24		1/16	2/3	726							
78	78	349/3	349/3	0.16666666666666666	5/24	5/24	Chord	3/8	1	1	1/24		1/16	2/3	727							
78	78	233/2	233/2	0.16666666666666666	1/4	1/4	Chord	3/8	1	1	1/24		1/16	2/3	728							
78	78	350/3	350/3	0.16666666666666666	7/24	7/24	Chord	3/8	1	1	1/24		1/16	2/3	729							
78	78	701/6	701/6	0.16666666666666666	1/3	1/3	Chord	3/8	1	1	1/24		1/16	2/3	730							
78	78	231/2	231/2	1.5	0	0	Chord	3/8	2	1	3/8		1/4	3/2	731							
79	79	117	117	0.16666666666666666	0	0	Chord	3/8	1	1	1/24		1/16	2/3	732							
79	79	703/6	703/6	0.16666666666666666	1/24	1/24	Chord	3/8	1	1	1/24		1/16	2/3	733							
79	79	352/3	352/3	0.16666666666666666	1/12	1/12	Chord	3/8	1	1	1/24		1/16	2/3	734							
79	79	235/2	235/2	0.16666666666666666	1/8	1/8	Chord	3/8	1	1	1/24		1/16	2/3	735							
79	79	353/3	353/3	0.16666666666666666	1/6	1/6	Chord	3/8	1	1	1/24		1/16	2/3	736							
79	79	707/6	707/6	0.16666666666666666	5/24	5/24	Chord	3/8	1	1	1/24		1/16	2/3	737							
79	79	118	118	0.16666666666666666	1/4	1/4	Chord	3/8	1	1	1/24		1/16	2/3	738							
79	79	709/6	709/6	0.16666666666666666	7/24	7/24	Chord	3/8	1	1	1/24		1/16	2/3	739							
79	79	355/3	355/3	0.16666666666666666	1/3	1/3	Chord	3/8	1	1	1/24		1/16	2/3	740							
80	80	237/2	237/2	0.0	0	0	Spanner	3/8	1	1	0											1
80	80	237/2	237/2	1.5	0	0	Chord	3/8	1	1	3/8		1/4	3/2	741							1
80	80	237/2	237/2	0.16666666666666666	0	0	Chord	3/8	2	1	1/24		1/16	2/3	742							
80	80	356/3	356/3	0.16666666666666666	1/24	1/24	Chord	3/8	2	1	1/24		1/16	2/3	743							
80	80	713/6	713/6	0.16666666666666666	1/12	1/12	Chord	3/8	2	1	1/24		1/16	2/3	744							
80	80	119	119	0.16666666666666666	1/8	1/8	Chord	3/8	2	1	1/24		1/16	2/3	745							
80	80	715/6	715/6	0.16666666666666666	1/6	1/6	Chord	3/8	2	1	1/24		1/16	2/3	746							
80	80	358/3	358/3	0.16666666666666666	5/24	5/24	Chord	3/8	2	1	1/24		1/16	2/3	747							
80	80	239/2	239/2	0.16666666666666666	1/4	1/4	Chord	3/8	2	1	1/24		1/16	2/3	748							
80	80	359/3	359/3	0.16666666666666666	7/24	7/24	Chord	3/8	2	1	1/24		1/16	2/3	749							
80	80	719/6	719/6	0.16666666666666666	1/3	1/3	Chord	3/8	2	1	1/24		1/16	2/3	750							
81	81	120	120	1.5	0	0	Chord	3/8	1	1	3/8		1/4	3/2	751							1
81	81	120	120	0.16666666666666666	0	0	Chord	3/8	2	1	1/24		1/16	2/3	752							
81	81	721/6	721/6	0.16666666666666666	1/24	1/24	Chord	3/8	2	1	1/24		1/16	2/3	753							
81	81	361/3	361/3	0.16666666666666666	1/12	1/12	Chord	3/8	2	1	1/24		1/16	2/3	754							
81	81	241/2	241/2	0.16666666666666666	1/8	1/8	Chord	3/8	2	1	1/24		1/16	2/3	755							
81	81	362/3	362/3	0.16666666666666666	1/6	1/6	Chord	3/8	2	1	1/24		1/16	2/3	756							
81	81	725/6	725/6	0.16666666666666666	5/24	5/24	Chord	3/8	2	1	1/24		1/16	2/3	757							
81	81	121	121	0.16666666666666666	1/4	1/4	Chord	3/8	2	1	1/24		1/16	2/3	758							
81	81	727/6	727/6	0.16666666666666666	7/24	7/24	Chord	3/8	2	1	1/24		1/16	2/3	759							
81	81	364/3	364/3	0.16666666666666666	1/3	1/3	Chord	3/8	2	1	1/24		1/16	2/3	760							
82	82	243/2	243/2	0.0	0	0	Spanner	3/8	1	1	0											
82	82	243/2	243/2	0.16666666666666666	0	0	Chord	3/8	1	1	1/24		1/16	2/3	761							
82	82	365/3	365/3	0.16666666666666666	1/24	1/24	Chord	3/8	1	1	1/24		1/16	2/3	762							
82	82	731/6	731/6	0.16666666666666666	1/12	1/12	Chord	3/8	1	1	1/24		1/16	2/3	763							
82	82	122	122	0.16666666666666666	1/8	1/8	Chord	3/8	1	1	1/24		1/16	2/3	764							
82	82	733/6	733/6	0.16666666666666666	1/6	1/6	Chord	3/8	1	1	1/24		1/16	2/3	765							
82	82	367/3	367/3	0.16666666666666666	5/24	5/24	Chord	3/8	1	1	1/24		1/16	2/3	766							
82	82	245/2	245/2	0.16666666666666666	1/4	1/4	Chord	3/8	1	1	1/24		1/16	2/3	767							
82	82	368/3	368/3	0.16666666666666666	7/24	7/24	Chord	3/8	1	1	1/24		1/16	2/3	768							
82	82	737/6	737/6	0.16666666666666666	1/3	1/3	Chord	3/8	1	1	1/24		1/16	2/3	769							
82	82	243/2	243/2	1.5	0	0	Chord	3/8	2	1	3/8		1/4	3/2	770							
83	83	123	123	0.5	0	0	Chord	3/8	1	1	1/8		1/8	1	771							
83	83	123	123	0.16666666666666666	0	0	Chord	3/8	2	1	1/24		1/16	2/3	772							
83	83	739/6	739/6	0.16666666666666666	1/24	1/24	Chord	3/8	2	1	1/24		1/16	2/3	773							
83	83	370/3	370/3	0.16666666666666666	1/12	1/12	Chord	3/8	2	1	1/24		1/16	2/3	774							
83	83	247/2	247/2	0.16666666666666666	1/8	1/8	Chord	3/8	2	1	1/24		1/16	2/3	775							
83	83	371/3	371/3	0.16666666666666666	1/6	1/6	Chord	3/8	2	1	1/24		1/16	2/3	776							
83	83	743/6	743/6	0.16666666666666666	5/24	5/24	Chord	3/8	2	1	1/24		1/16	2/3	777							
83	83	124	124	0.16666666666666666	1/4	1/4	Chord	3/8	2	1	1/24		1/16	2/3	778							
83	83	745/6	745/6	0.16666666666666666	7/24	7/24	Chord	3/8	2	1	1/24		1/16	2/3	779							
83	83	373/3	373/3	0.16666666666666666	1/3	1/3	Chord	3/8	2	1	1/24		1/16	2/3	780							
84	84	249/2	249/2	0.16666666666666666	0	0	Chord	3/8	1	1	1/24		1/16	2/3	781							
84	84	374/3	374/3	0.16666666666666666	1/24	1/24	Chord	3/8	1	1	1/24		1/16	2/3	782							
84	84	749/6	749/6	0.16666666666666666	1/12	1/12	Chord	3/8	1	1	1/24		1/16	2/3	783							
84	84	125	125	0.16666666666666666	1/8	1/8	Chord	3/8	1	1	1/24		1/16	2/3	784							
84	84	751/6	751/6	0.16666666666666666	1/6	1/6	Chord	3/8	1	1	1/24		1/16	2/3	785							
84	84	376/3	376/3	0.16666666666666666	5/24	5/24	Chord	3/8	1	1	1/24		1/16	2/3	786							
84	84	251/2	251/2	0.16666666666666666	1/4	1/4	Chord	3/8	1	1	1/24		1/16	2/3	787							
84	84	377/3	377/3	0.16666666666666666	7/24	7/24	Chord	3/8	1	1	1/24		1/16	2/3	788							
84	84	755/6	755/6	0.16666666666666666	1/3	1/3	Chord	3/8	1	1	1/24		1/16	2/3	789							
84	84	249/2	249/2	1.5	0	0	Chord	3/8	2	1	3/8		1/4	3/2	790							
85	85	126	126	0.5	0	0	Chord	3/8	1	1	1/8		1/8	1	791							
85	85	126	126	0.16666666666666666	0	0	Chord	3/8	2	1	1/24		1/16	2/3	792							
85	85	757/6	757/6	0.16666666666666666	1/24	1/24	Chord	3/8	2	1	1/24		1/16	2/3	793							
85	85	379/3	379/3	0.16666666666666666	1/12	1/12	Chord	3/8	2	1	1/24		1/16	2/3	794							
85	85	253/2	253/2	0.16666666666666666	1/8	1/8	Chord	3/8	2	1	1/24		1/16	2/3	795							
85	85	380/3	380/3	0.16666666666666666	1/6	1/6	Chord	3/8	2	1	1/24		1/16	2/3	796							
85	85	761/6	761/6	0.16666666666666666	5/24	5/24	Chord	3/8	2	1	1/24		1/16	2/3	797							
85	85	127	127	0.16666666666666666	1/4	1/4	Chord	3/8	2	1	1/24		1/16	2/3	798							
85	85	763/6	763/6	0.16666666666666666	7/24	7/24	Chord	3/8	2	1	1/24		1/16	2/3	799							
85	85	382/3	382/3	0.16666666666666666	1/3	1/3	Chord	3/8	2	1	1/24		1/16	2/3	800							
86	86	255/2	255/2	0.5	0	0	Chord	3/8	1	1	1/8		1/8	1	801							
86	86	128	128	0.5	1/8	1/8	Chord	3/8	1	1	1/8		1/8	1	802							
86	86	257/2	257/2	0.5	1/4	1/4	Chord	3/8	1	1	1/8		1/8	1	803							
86	86	255/2	255/2	0.16666666666666666	0	0	Chord	3/8	2	1	1/24		1/16	2/3	804							
86	86	383/3	383/3	0.16666666666666666	1/24	1/24	Chord	3/8	2	1	1/24		1/16	2/3	805							
86	86	767/6	767/6	0.16666666666666666	1/12	1/12	Chord	3/8	2	1	1/24		1/16	2/3	806							
86	86	128	128	0.16666666666666666	1/8	1/8	Chord	3/8	2	1	1/24		1/16	2/3	807							
86	86	769/6	769/6	0.16666666666666666	1/6	1/6	Chord	3/8	2	1	1/24		1/16	2/3	808							
86	86	385/3	385/3	0.16666666666666666	5/24	5/24	Chord	3/8	2	1	1/24		1/16	2/3	809							
86	86	257/2	257/2	0.16666666666666666	1/4	1/4	Chord	3/8	2	1	1/24		1/16	2/3	810							
86	86	386/3	386/3	0.16666666666666666	7/24	7/24	Chord	3/8	2	1	1/24		1/16	2/3	811							
86	86	773/6	773/6	0.16666666666666666	1/3	1/3	Chord	3/8	2	1	1/24		1/16	2/3	812							
87	87	129	129	0.75	0	0	Chord	3/8	1	1	3/16		1/8	3/2	813							
87	87	519/4	519/4	0.25	3/16	3/16	Chord	3/8	1	1	1/16		1/16	1	814							
87	87	130	130	0.5	1/4	1/4	Chord	3/8	1	1	1/8		1/8	1	815							
87	87	129	129	0.16666666666666666	0	0	Chord	3/8	2	1	1/24		1/16	2/3	816							
87	87	775/6	775/6	0.16666666666666666	1/24	1/24	Chord	3/8	2	1	1/24		1/16	2/3	817							
87	87	388/3	388/3	0.16666666666666666	1/12	1/12	Chord	3/8	2	1	1/24		1/16	2/3	818							
87	87	259/2	259/2	0.16666666666666666	1/8	1/8	Chord	3/8	2	1	1/24		1/16	2/3	819							
87	87	389/3	389/3	0.16666666666666666	1/6	1/6	Chord	3/8	2	1	1/24		1/16	2/3	820							
87	87	779/6	779/6	0.16666666666666666	5/24	5/24	Chord	3/8	2	1	1/24		1/16	2/3	821							
87	87	130	130	0.16666666666666666	1/4	1/4	Chord	3/8	2	1	1/24		1/16	2/3	822							
87	87	781/6	781/6	0.16666666666666666	7/24	7/24	Chord	3/8	2	1	1/24		1/16	2/3	823							
87	87	391/3	391/3	0.16666666666666666	1/3	1/3	Chord	3/8	2	1	1/24		1/16	2/3	824							
88	88	261/2	261/2	0.5	0	0	Chord	3/8	1	1	1/8		1/8	1	825							
88	88	131	131	0.5	1/8	1/8	Chord	3/8	1	1	1/8		1/8	1	826							
88	88	263/2	263/2	0.5	1/4	1/4	Chord	3/8	1	1	1/8		1/8	1	827							
88	88	261/2	261/2	0.16666666666666666	0	0	Chord	3/8	2	1	1/24		1/16	2/3	828							
88	88	392/3	392/3	0.16666666666666666	1/24	1/24	Chord	3/8	2	1	1/24		1/16	2/3	829							
88	88	785/6	785/6	0.16666666666666666	1/12	1/12	Chord	3/8	2	1	1/24		1/16	2/3	830							
88	88	131	131	0.16666666666666666	1/8	1/8	Chord	3/8	2	1	1/24		1/16	2/3	831							
88	88	787/6	787/6	0.16666666666666666	1/6	1/6	Chord	3/8	2	1	1/24		1/16	2/3	832							
88	88	394/3	394/3	0.16666666666666666	5/24	5/24	Chord	3/8	2	1	1/24		1/16	2/3	833							
88	88	263/2	263/2	0.16666666666666666	1/4	1/4	Chord	3/8	2	1	1/24		1/16	2/3	834							
88	88	395/3	395/3	0.16666666666666666	7/24	7/24	Chord	3/8	2	1	1/24		1/16	2/3	835							
88	88	791/6	791/6	0.16666666666666666	1/3	1/3	Chord	3/8	2	1	1/24		1/16	2/3	836							
89	89	132	132	0.75	0	0	Chord	3/8	1	1	3/16		1/8	3/2	837							
89	89	531/4	531/4	0.25	3/16	3/16	Chord	3/8	1	1	1/16		1/16	1	838							
89	89	133	133	0.5	1/4	1/4	Chord	3/8	1	1	1/8		1/8	1	839							
89	89	132	132	0.16666666666666666	0	0	Chord	3/8	2	1	1/24		1/16	2/3	840							
89	89	793/6	793/6	0.16666666666666666	1/24	1/24	Chord	3/8	2	1	1/24		1/16	2/3	841							
89	89	397/3	397/3	0.16666666666666666	1/12	1/12	Chord	3/8	2	1	1/24		1/16	2/3	842							
89	89	265/2	265/2	0.16666666666666666	1/8	1/8	Chord	3/8	2	1	1/24		1/16	2/3	843							
89	89	398/3	398/3	0.16666666666666666	1/6	1/6	Chord	3/8	2	1	1/24		1/16	2/3	844							
89	89	797/6	797/6	0.16666666666666666	5/24	5/24	Chord	3/8	2	1	1/24		1/16	2/3	845							
89	89	133	133	0.16666666666666666	1/4	1/4	Chord	3/8	2	1	1/24		1/16	2/3	846							
89	89	799/6	799/6	0.16666666666666666	7/24	7/24	Chord	3/8	2	1	1/24		1/16	2/3	847							
89	89	400/3	400/3	0.16666666666666666	1/3	1/3	Chord	3/8	2	1	1/24		1/16	2/3	848							
90	90	267/2	267/2	0.16666666666666666	0	0	Chord	3/8	1	1	1/24		1/16	2/3	849							
90	90	401/3	401/3	0.16666666666666666	1/24	1/24	Chord	3/8	1	1	1/24		1/16	2/3	850							
90	90	803/6	803/6	0.16666666666666666	1/12	1/12	Chord	3/8	1	1	1/24		1/16	2/3	851							
90	90	134	134	0.16666666666666666	1/8	1/8	Chord	3/8	1	1	1/24		1/16	2/3	852							
90	90	805/6	805/6	0.16666666666666666	1/6	1/6	Chord	3/8	1	1	1/24		1/16	2/3	853							
90	90	403/3	403/3	0.16666666666666666	5/24	5/24	Chord	3/8	1	1	1/24		1/16	2/3	854							
90	90	269/2	269/2	0.16666666666666666	1/4	1/4	Chord	3/8	1	1	1/24		1/16	2/3	855							
90	90	404/3	404/3	0.16666666666666666	7/24	7/24	Chord	3/8	1	1	1/24		1/16	2/3	856							
90	90	809/6	809/6	0.16666666666666666	1/3	1/3	Chord	3/8	1	1	1/24		1/16	2/3	857							
90	90	267/2	267/2	0.5	0	0	Chord	3/8	2	1	1/8		1/8	1	858							
90	90	134	134	0.5	1/8	1/8	Chord	3/8	2	1	1/8		1/8	1	859							
90	90	269/2	269/2	0.5	1/4	1/4	Chord	3/8	2	1	1/8		1/8	1	860							
91	91	135	135	0.16666666666666666	0	0	Chord	3/8	1	1	1/24		1/16	2/3	861							
91	91	811/6	811/6	0.16666666666666666	1/24	1/24	Chord	3/8	1	1	1/24		1/16	2/3	862							
91	91	406/3	406/3	0.16666666666666666	1/12	1/12	Chord	3/8	1	1	1/24		1/16	2/3	863							
91	91	271/2	271/2	0.16666666666666666	1/8	1/8	Chord	3/8	1	1	1/24		1/16	2/3	864							
91	91	407/3	407/3	0.16666666666666666	1/6	1/6	Chord	3/8	1	1	1/24		1/16	2/3	865							
91	91	815/6	815/6	0.16666666666666666	5/24	5/24	Chord	3/8	1	1	1/24		1/16	2/3	866							
91	91	136	136	0.16666666666666666	1/4	1/4	Chord	3/8	1	1	1/24		1/16	2/3	867							
91	91	817/6	817/6	0.16666666666666666	7/24	7/24	Chord	3/8	1	1	1/24		1/16	2/3	868							
91	91	409/3	409/3	0.16666666666666666	1/3	1/3	Chord	3/8	1	1	1/24		1/16	2/3	869							
91	91	135	135	0.5	0	0	Chord	3/8	2	1	1/8		1/8	1	870							
91	91	271/2	271/2	0.5	1/8	1/8	Chord	3/8	2	1	1/8		1/8	1	871							
91	91	136	136	0.5	1/4	1/4	Chord	3/8	2	1	1/8		1/8	1	872							
92	92	273/2	273/2	0.16666666666666666	0	0	Chord	3/8	1	1	1/24		1/16	2/3	873							
92	92	410/3	410/3	0.16666666666666666	1/24	1/24	Chord	3/8	1	1	1/24		1/16	2/3	874							
92	92	821/6	821/6	0.16666666666666666	1/12	1/12	Chord	3/8	1	1	1/24		1/16	2/3	875							
92	92	137	137	0.16666666666666666	1/8	1/8	Chord	3/8	1	1	1/24		1/16	2/3	876							
92	92	823/6	823/6	0.16666666666666666	1/6	1/6	Chord	3/8	1	1	1/24		1/16	2/3	877							
92	92	412/3	412/3	0.16666666666666666	5/24	5/24	Chord	3/8	1	1	1/24		1/16	2/3	878							
92	92	275/2	275/2	0.16666666666666666	1/4	1/4	Chord	3/8	1	1	1/24		1/16	2/3	879							
92	92	413/3	413/3	0.16666666666666666	7/24	7/24	Chord	3/8	1	1	1/24		1/16	2/3	880							
92	92	827/6	827/6	0.16666666666666666	1/3	1/3	Chord	3/8	1	1	1/24		1/16	2/3	881							
92	92	273/2	273/2	1.0	0	0	Chord	3/8	2	1	1/4		1/4	1	882							
92	92	275/2	275/2	0.5	1/4	1/4	Chord	3/8	2	1	1/8		1/8	1	883							
93	93	138	138	0.5	0	0	Chord	3/8	1	1	1/8		1/8	1	884							
93	93	138	138	0.16666666666666666	0	0	Chord	3/8	2	1	1/24		1/16	2/3	885							
93	93	829/6	829/6	0.16666666666666666	1/24	1/24	Chord	3/8	2	1	1/24		1/16	2/3	886							
93	93	415/3	415/3	0.16666666666666666	1/12	1/12	Chord	3/8	2	1	1/24		1/16	2/3	887							
93	93	277/2	277/2	0.16666666666666666	1/8	1/8	Chord	3/8	2	1	1/24		1/16	2/3	888							
93	93	416/3	416/3	0.16666666666666666	1/6	1/6	Chord	3/8	2	1	1/24		1/16	2/3	889							
93	93	833/6	833/6	0.16666666666666666	5/24	5/24	Chord	3/8	2	1	1/24		1/16	2/3	890							
93	93	139	139	0.16666666666666666	1/4	1/4	Chord	3/8	2	1	1/24		1/16	2/3	891							
93	93	835/6	835/6	0.16666666666666666	7/24	7/24	Chord	3/8	2	1	1/24		1/16	2/3	892							
93	93	418/3	418/3	0.16666666666666666	1/3	1/3	Chord	3/8	2	1	1/24		1/16	2/3	893							
94	94	279/2	279/2	1.5	0	0	Chord	3/8	1	1	3/8		1/4	3/2	894							
94	94	279/2	279/2	0.16666666666666666	0	0	Chord	3/8	1	2	1/24		1/16	2/3	895							
94	94	419/3	419/3	0.16666666666666666	1/24	1/24	Chord	3/8	1	2	1/24		1/16	2/3	896							
94	94	839/6	839/6	0.16666666666666666	1/12	1/12	Chord	3/8	1	2	1/24		1/16	2/3	897							
94	94	140	140	0.5	1/8	1/8	Chord	3/8	1	2	1/8		1/8	1	898							
94	94	281/2	281/2	0.5	1/4	1/4	Chord	3/8	1	2	1/8		1/8	1	899							
94	94	279/2	279/2	0.5	0	0	Chord	3/8	2	1	1/8		1/8	1	900							
94	94	140	140	0.5	1/8	1/8	Chord	3/8	2	1	1/8		1/8	1	901							
94	94	281/2	281/2	0.5	1/4	1/4	Chord	3/8	2	1	1/8		1/8	1	902							
95	95	141	141	1.5	0	0	Chord	3/8	1	1	3/8		1/4	3/2	903							
95	95	141	141	0.16666666666666666	0	0	Chord	3/8	1	2	1/24		1/16	2/3	904							
95	95	847/6	847/6	0.16666666666666666	1/24	1/24	Chord	3/8	1	2	1/24		1/16	2/3	905							
95	95	424/3	424/3	0.16666666666666666	1/12	1/12	Chord	3/8	1	2	1/24		1/16	2/3	906							
95	95	283/2	283/2	0.5	1/8	1/8	Chord	3/8	1	2	1/8		1/8	1	907							
95	95	142	142	0.5	1/4	1/4	Chord	3/8	1	2	1/8		1/8	1	908							
95	95	141	141	0.16666666666666666	0	0	Chord	3/8	2	1	1/24		1/16	2/3	909							
95	95	847/6	847/6	0.16666666666666666	1/24	1/24	Chord	3/8	2	1	1/24		1/16	2/3	910							
95	95	424/3	424/3	0.16666666666666666	1/12	1/12	Chord	3/8	2	1	1/24		1/16	2/3	911							
95	95	283/2	283/2	0.5	1/8	1/8	Chord	3/8	2	1	1/8		1/8	1	912							
95	95	142	142	0.5	1/4	1/4	Chord	3/8	2	1	1/8		1/8	1	913							
96	96	285/2	285/2	0.5	0	0	Chord	3/8	1	1	1/8		1/8	1	914							
96	96	143	143	1.0	1/8	1/8	Chord	3/8	1	1	1/4		1/4	1	915							
96	96	285/2	285/2	1.0	0	0	Chord	3/8	1	2	1/4		1/4	1	916							
96	96	287/2	287/2	0.5	1/4	1/4	Chord	3/8	1	2	1/8		1/8	1	917							
96	96	285/2	285/2	0.5	0	0	Chord	3/8	2	1	1/8		1/8	1	918							
96	96	143	143	0.5	1/8	1/8	Chord	3/8	2	1	1/8		1/8	1	919							
96	96	287/2	287/2	0.5	1/4	1/4	Chord	3/8	2	1	1/8		1/8	1	920							
97	97	144	144	0.25	0	0	Chord	3/8	1	1	1/16		1/16	1	921							
97	97	577/4	577/4	0.25	1/16	1/16	Chord	3/8	1	1	1/16		1/16	1	922							
97	97	289/2	289/2	0.25	1/8	1/8	Chord	3/8	1	1	1/16		1/16	1	923							
97	97	579/4	579/4	0.25	3/16	3/16	Chord	3/8	1	1	1/16		1/16	1	924							
97	97	145	145	0.25	1/4	1/4	Chord	3/8	1	1	1/16		1/16	1	925							
97	97	581/4	581/4	0.25	5/16	5/16	Chord	3/8	1	1	1/16		1/16	1	926							
97	97	144	144	1.5	0	0	Chord	3/8	2	1	3/8		1/4	3/2	927							
98	98	291/2	291/2	0.0	0	0	Chord	3/8	1	1	0	appoggiatura	1/8	1	928							
98	98	291/2	291/2	1.5	0	0	Chord	3/8	1	1	3/8		1/4	3/2	929							
98	98	146	146	0.5	1/8	1/8	Chord	3/8	1	2	1/8		1/8	1	930							
98	98	293/2	293/2	0.5	1/4	1/4	Chord	3/8	1	2	1/8		1/8	1	931							
98	98	146	146	0.5	1/8	1/8	Chord	3/8	2	1	1/8		1/8	1	932							
98	98	293/2	293/2	0.5	1/4	1/4	Chord	3/8	2	1	1/8		1/8	1	933							
99	99	147	147	0.25	0	0	Chord	3/8	1	1	1/16		1/16	1	934							
99	99	589/4	589/4	0.25	1/16	1/16	Chord	3/8	1	1	1/16		1/16	1	935							
99	99	295/2	295/2	0.25	1/8	1/8	Chord	3/8	1	1	1/16		1/16	1	936							
99	99	591/4	591/4	0.25	3/16	3/16	Chord	3/8	1	1	1/16		1/16	1	937							
99	99	148	148	0.25	1/4	1/4	Chord	3/8	1	1	1/16		1/16	1	938							
99	99	593/4	593/4	0.25	5/16	5/16	Chord	3/8	1	1	1/16		1/16	1	939							
99	99	147	147	0.5	0	0	Chord	3/8	2	1	1/8		1/8	1	940							
99	99	295/2	295/2	0.5	1/8	1/8	Chord	3/8	2	1	1/8		1/8	1	941							
99	99	148	148	0.5	1/4	1/4	Chord	3/8	2	1	1/8		1/8	1	942							
100	100	297/2	297/2	0.25	0	0	Chord	3/8	1	1	1/16		1/16	1	943							
100	100	595/4	595/4	0.25	1/16	1/16	Chord	3/8	1	1	1/16		1/16	1	944							
100	100	149	149	0.5	1/8	1/8	Chord	3/8	1	1	1/8		1/8	1	945							
100	100	299/2	299/2	0.5	1/4	1/4	Chord	3/8	1	1	1/8		1/8	1	946	ornamentTrill						
100	100	297/2	297/2	0.5	0	0	Chord	3/8	2	1	1/8		1/8	1	947							
100	100	149	149	0.5	1/8	1/8	Chord	3/8	2	1	1/8		1/8	1	948							
100	100	299/2	299/2	0.5	1/4	1/4	Chord	3/8	2	1	1/8		1/8	1	949							
101	101	150	150	0.5	0	0	Chord	3/8	1	1	1/8		1/8	1	950							
101	101	301/2	301/2	0.5	1/8	1/8	Chord	3/8	1	1	1/8		1/8	1	951							
101	101	151	151	0.5	1/4	1/4	Chord	3/8	1	1	1/8		1/8	1	952							
101	101	150	150	0.16666666666666666	0	0	Chord	3/8	2	1	1/24		1/16	2/3	953							
101	101	901/6	901/6	0.16666666666666666	1/24	1/24	Chord	3/8	2	1	1/24		1/16	2/3	954							
101	101	451/3	451/3	0.16666666666666666	1/12	1/12	Chord	3/8	2	1	1/24		1/16	2/3	955							
101	101	301/2	301/2	0.16666666666666666	1/8	1/8	Chord	3/8	2	1	1/24		1/16	2/3	956							
101	101	452/3	452/3	0.16666666666666666	1/6	1/6	Chord	3/8	2	1	1/24		1/16	2/3	957							
101	101	905/6	905/6	0.16666666666666666	5/24	5/24	Chord	3/8	2	1	1/24		1/16	2/3	958							
101	101	151	151	0.16666666666666666	1/4	1/4	Chord	3/8	2	1	1/24		1/16	2/3	959							
101	101	907/6	907/6	0.16666666666666666	7/24	7/24	Chord	3/8	2	1	1/24		1/16	2/3	960							
101	101	454/3	454/3	0.16666666666666666	1/3	1/3	Chord	3/8	2	1	1/24		1/16	2/3	961							
102	102	303/2	303/2	0.5	0	0	Chord	3/8	1	1	1/8		1/8	1	962							
102	102	152	152	0.5	1/8	1/8	Chord	3/8	1	1	1/8		1/8	1	963							
102	102	305/2	305/2	0.5	1/4	1/4	Chord	3/8	1	1	1/8		1/8	1	964							
102	102	303/2	303/2	0.16666666666666666	0	0	Chord	3/8	2	1	1/24		1/16	2/3	965							
102	102	455/3	455/3	0.16666666666666666	1/24	1/24	Chord	3/8	2	1	1/24		1/16	2/3	966							
102	102	911/6	911/6	0.16666666666666666	1/12	1/12	Chord	3/8	2	1	1/24		1/16	2/3	967							
102	102	152	152	0.16666666666666666	1/8	1/8	Chord	3/8	2	1	1/24		1/16	2/3	968							
102	102	913/6	913/6	0.16666666666666666	1/6	1/6	Chord	3/8	2	1	1/24		1/16	2/3	969							
102	102	457/3	457/3	0.16666666666666666	5/24	5/24	Chord	3/8	2	1	1/24		1/16	2/3	970							
102	102	305/2	305/2	0.16666666666666666	1/4	1/4	Chord	3/8	2	1	1/24		1/16	2/3	971							
102	102	458/3	458/3	0.16666666666666666	7/24	7/24	Chord	3/8	2	1	1/24		1/16	2/3	972							
102	102	917/6	917/6	0.16666666666666666	1/3	1/3	Chord	3/8	2	1	1/24		1/16	2/3	973							
103	103	153	153	0.5	0	0	Chord	3/8	1	1	1/8		1/8	1	974							
103	103	307/2	307/2	0.5	1/8	1/8	Chord	3/8	1	1	1/8		1/8	1	975							
103	103	154	154	0.5	1/4	1/4	Chord	3/8	1	1	1/8		1/8	1	976							
103	103	153	153	0.16666666666666666	0	0	Chord	3/8	2	1	1/24		1/16	2/3	977							
103	103	919/6	919/6	0.16666666666666666	1/24	1/24	Chord	3/8	2	1	1/24		1/16	2/3	978							
103	103	460/3	460/3	0.16666666666666666	1/12	1/12	Chord	3/8	2	1	1/24		1/16	2/3	979							
103	103	307/2	307/2	0.16666666666666666	1/8	1/8	Chord	3/8	2	1	1/24		1/16	2/3	980							
103	103	461/3	461/3	0.16666666666666666	1/6	1/6	Chord	3/8	2	1	1/24		1/16	2/3	981							
103	103	923/6	923/6	0.16666666666666666	5/24	5/24	Chord	3/8	2	1	1/24		1/16	2/3	982							
103	103	154	154	0.16666666666666666	1/4	1/4	Chord	3/8	2	1	1/24		1/16	2/3	983							
103	103	925/6	925/6	0.16666666666666666	7/24	7/24	Chord	3/8	2	1	1/24		1/16	2/3	984							
103	103	463/3	463/3	0.16666666666666666	1/3	1/3	Chord	3/8	2	1	1/24		1/16	2/3	985							
104	104	309/2	309/2	0.16666666666666666	0	0	Chord	3/8	1	1	1/24		1/16	2/3	986							
104	104	464/3	464/3	0.16666666666666666	1/24	1/24	Chord	3/8	1	1	1/24		1/16	2/3	987							
104	104	929/6	929/6	0.16666666666666666	1/12	1/12	Chord	3/8	1	1	1/24		1/16	2/3	988							
104	104	155	155	0.16666666666666666	1/8	1/8	Chord	3/8	1	1	1/24		1/16	2/3	989							
104	104	931/6	931/6	0.16666666666666666	1/6	1/6	Chord	3/8	1	1	1/24		1/16	2/3	990							
104	104	466/3	466/3	0.16666666666666666	5/24	5/24	Chord	3/8	1	1	1/24		1/16	2/3	991							
104	104	311/2	311/2	0.16666666666666666	1/4	1/4	Chord	3/8	1	1	1/24		1/16	2/3	992							
104	104	467/3	467/3	0.16666666666666666	7/24	7/24	Chord	3/8	1	1	1/24		1/16	2/3	993							
104	104	935/6	935/6	0.16666666666666666	1/3	1/3	Chord	3/8	1	1	1/24		1/16	2/3	994							
104	104	309/2	309/2	0.5	0	0	Chord	3/8	2	1	1/8		1/8	1	995							
104	104	311/2	311/2	0.5	1/4	1/4	Chord	3/8	2	1	1/8		1/8	1	996							
105	105	156	156	0.16666666666666666	0	0	Chord	3/8	1	1	1/24		1/16	2/3	997							
105	105	937/6	937/6	0.16666666666666666	1/24	1/24	Chord	3/8	1	1	1/24		1/16	2/3	998							
105	105	469/3	469/3	0.16666666666666666	1/12	1/12	Chord	3/8	1	1	1/24		1/16	2/3	999							
105	105	313/2	313/2	0.5	1/8	1/8	Chord	3/8	1	1	1/8		1/8	1	1000							
105	105	157	157	0.5	1/4	1/4	Chord	3/8	1	1	1/8		1/8	1	1001							
105	105	156	156	0.5	0	0	Chord	3/8	2	1	1/8		1/8	1	1002							
105	105	313/2	313/2	0.5	1/8	1/8	Chord	3/8	2	1	1/8		1/8	1	1003							
105	105	157	157	0.5	1/4	1/4	Chord	3/8	2	1	1/8		1/8	1	1004							
106	106	315/2	315/2	0.5	0	0	Chord	3/8	1	1	1/8		1/8	1	1005							
106	106	158	158	0.5	1/8	1/8	Chord	3/8	1	1	1/8		1/8	1	1006							
106	106	317/2	317/2	0.5	1/4	1/4	Chord	3/8	1	1	1/8		1/8	1	1007							
106	106	315/2	315/2	0.16666666666666666	0	0	Chord	3/8	2	1	1/24		1/16	2/3	1008							
106	106	473/3	473/3	0.16666666666666666	1/24	1/24	Chord	3/8	2	1	1/24		1/16	2/3	1009							
106	106	947/6	947/6	0.16666666666666666	1/12	1/12	Chord	3/8	2	1	1/24		1/16	2/3	1010							
106	106	158	158	0.16666666666666666	1/8	1/8	Chord	3/8	2	1	1/24		1/16	2/3	1011							
106	106	949/6	949/6	0.16666666666666666	1/6	1/6	Chord	3/8	2	1	1/24		1/16	2/3	1012							
106	106	475/3	475/3	0.16666666666666666	5/24	5/24	Chord	3/8	2	1	1/24		1/16	2/3	1013							
106	106	317/2	317/2	0.16666666666666666	1/4	1/4	Chord	3/8	2	1	1/24		1/16	2/3	1014							
106	106	476/3	476/3	0.16666666666666666	7/24	7/24	Chord	3/8	2	1	1/24		1/16	2/3	1015							
106	106	953/6	953/6	0.16666666666666666	1/3	1/3	Chord	3/8	2	1	1/24		1/16	2/3	1016							
107	107	159	159	0.5	0	0	Chord	3/8	1	1	1/8		1/8	1	1017							
107	107	319/2	319/2	0.5	1/8	1/8	Chord	3/8	1	1	1/8		1/8	1	1018							
107	107	160	160	0.5	1/4	1/4	Chord	3/8	1	1	1/8		1/8	1	1019							
107	107	159	159	0.16666666666666666	0	0	Chord	3/8	2	1	1/24		1/16	2/3	1020							
107	107	955/6	955/6	0.16666666666666666	1/24	1/24	Chord	3/8	2	1	1/24		1/16	2/3	1021							
107	107	478/3	478/3	0.16666666666666666	1/12	1/12	Chord	3/8	2	1	1/24		1/16	2/3	1022							
107	107	319/2	319/2	0.16666666666666666	1/8	1/8	Chord	3/8	2	1	1/24		1/16	2/3	1023							
107	107	479/3	479/3	0.16666666666666666	1/6	1/6	Chord	3/8	2	1	1/24		1/16	2/3	1024							
107	107	959/6	959/6	0.16666666666666666	5/24	5/24	Chord	3/8	2	1	1/24		1/16	2/3	1025							
107	107	160	160	0.16666666666666666	1/4	1/4	Chord	3/8	2	1	1/24		1/16	2/3	1026							
107	107	961/6	961/6	0.16666666666666666	7/24	7/24	Chord	3/8	2	1	1/24		1/16	2/3	1027							
107	107	481/3	481/3	0.16666666666666666	1/3	1/3	Chord	3/8	2	1	1/24		1/16	2/3	1028							
108	108	321/2	321/2	0.5	0	0	Chord	3/8	1	1	1/8		1/8	1	1029							
108	108	161	161	0.5	1/8	1/8	Chord	3/8	1	1	1/8		1/8	1	1030							
108	108	323/2	323/2	0.5	1/4	1/4	Chord	3/8	1	1	1/8		1/8	1	1031							
108	108	321/2	321/2	0.16666666666666666	0	0	Chord	3/8	2	1	1/24		1/16	2/3	1032							
108	108	482/3	482/3	0.16666666666666666	1/24	1/24	Chord	3/8	2	1	1/24		1/16	2/3	1033							
108	108	965/6	965/6	0.16666666666666666	1/12	1/12	Chord	3/8	2	1	1/24		1/16	2/3	1034							
108	108	161	161	0.16666666666666666	1/8	1/8	Chord	3/8	2	1	1/24		1/16	2/3	1035							
108	108	967/6	967/6	0.16666666666666666	1/6	1/6	Chord	3/8	2	1	1/24		1/16	2/3	1036							
108	108	484/3	484/3	0.16666666666666666	5/24	5/24	Chord	3/8	2	1	1/24		1/16	2/3	1037							
108	108	323/2	323/2	0.16666666666666666	1/4	1/4	Chord	3/8	2	1	1/24		1/16	2/3	1038							
108	108	485/3	485/3	0.16666666666666666	7/24	7/24	Chord	3/8	2	1	1/24		1/16	2/3	1039							
108	108	971/6	971/6	0.16666666666666666	1/3	1/3	Chord	3/8	2	1	1/24		1/16	2/3	1040							
109	109	162	162	0.16666666666666666	0	0	Chord	3/8	1	1	1/24		1/16	2/3	1041							
109	109	973/6	973/6	0.16666666666666666	1/24	1/24	Chord	3/8	1	1	1/24		1/16	2/3	1042							
109	109	487/3	487/3	0.16666666666666666	1/12	1/12	Chord	3/8	1	1	1/24		1/16	2/3	1043							
109	109	325/2	325/2	0.16666666666666666	1/8	1/8	Chord	3/8	1	1	1/24		1/16	2/3	1044							
109	109	488/3	488/3	0.16666666666666666	1/6	1/6	Chord	3/8	1	1	1/24		1/16	2/3	1045							
109	109	977/6	977/6	0.16666666666666666	5/24	5/24	Chord	3/8	1	1	1/24		1/16	2/3	1046							
109	109	163	163	0.16666666666666666	1/4	1/4	Chord	3/8	1	1	1/24		1/16	2/3	1047							
109	109	979/6	979/6	0.16666666666666666	7/24	7/24	Chord	3/8	1	1	1/24		1/16	2/3	1048							
109	109	490/3	490/3	0.16666666666666666	1/3	1/3	Chord	3/8	1	1	1/24		1/16	2/3	1049							
109	109	162	162	0.5	0	0	Chord	3/8	2	1	1/8		1/8	1	1050							
109	109	163	163	0.5	1/4	1/4	Chord	3/8	2	1	1/8		1/8	1	1051							
110	110	327/2	327/2	0.16666666666666666	0	0	Chord	3/8	1	1	1/24		1/16	2/3	1052							
110	110	491/3	491/3	0.16666666666666666	1/24	1/24	Chord	3/8	1	1	1/24		1/16	2/3	1053							
110	110	983/6	983/6	0.16666666666666666	1/12	1/12	Chord	3/8	1	1	1/24		1/16	2/3	1054							
110	110	164	164	0.5	1/8	1/8	Chord	3/8	1	1	1/8		1/8	1	1055							
110	110	329/2	329/2	0.5	1/4	1/4	Chord	3/8	1	1	1/8		1/8	1	1056	ornamentTrill						
110	110	327/2	327/2	0.5	0	0	Chord	3/8	2	1	1/8		1/8	1	1057							
110	110	164	164	0.5	1/8	1/8	Chord	3/8	2	1	1/8		1/8	1	1058							
110	110	329/2	329/2	0.5	1/4	1/4	Chord	3/8	2	1	1/8		1/8	1	1059							
111	111	165	165	1.0	0	0	Chord	3/8	1	1	1/4		1/4	1	1060							
111	111	165	165	1.0	0	0	Chord	3/8	2	1	1/4		1/4	1	1061							
