mc	mn	mc_onset	mn_onset	timesig	staff	voice	duration	gracenote	nominal_duration	scalar	tied	tpc	midi	volta	chord_id
1	1	0	0	3/4	2	1	1/4		1/4	1		-2	58		8
1	1	0	0	3/4	1	2	1/4		1/4	1		2	74		7
1	1	0	0	3/4	1	1	1/4		1/4	1		-1	77		0
1	1	1/4	1/4	3/4	2	1	1/4		1/4	1		-2	46		9
1	1	1/4	1/4	3/4	1	1	1/12		1/8	2/3		-1	77		1
1	1	1/3	1/3	3/4	1	1	1/12		1/8	2/3		2	74		2
1	1	5/12	5/12	3/4	1	1	1/12		1/8	2/3		-1	77		3
1	1	1/2	1/2	3/4	1	1	1/12		1/8	2/3		-2	82		4
1	1	7/12	7/12	3/4	1	1	1/12		1/8	2/3		2	86		5
1	1	2/3	2/3	3/4	1	1	1/12		1/8	2/3		-2	82		6
2	2	0	0	3/4	2	1	1/4		1/4	1		-2	58		18
2	2	0	0	3/4	1	2	1/4		1/4	1		2	74		17
2	2	0	0	3/4	1	1	1/4		1/4	1		-1	77		10
2	2	1/4	1/4	3/4	2	1	1/4		1/4	1		-2	46		19
2	2	1/4	1/4	3/4	1	1	1/12		1/8	2/3		-1	77		11
2	2	1/3	1/3	3/4	1	1	1/12		1/8	2/3		2	74		12
2	2	5/12	5/12	3/4	1	1	1/12		1/8	2/3		-1	77		13
2	2	1/2	1/2	3/4	1	1	1/12		1/8	2/3		-2	82		14
2	2	7/12	7/12	3/4	1	1	1/12		1/8	2/3		2	86		15
2	2	2/3	2/3	3/4	1	1	1/12		1/8	2/3		-2	82		16
3	3	0	0	3/4	2	1	1/4		1/4	1		-2	58		27
3	3	0	0	3/4	1	1	1/4		1/4	1		-1	77		20
3	3	1/4	1/4	3/4	2	1	1/4		1/4	1		-3	51		28
3	3	1/4	1/4	3/4	1	1	1/12		1/8	2/3		1	79		21
3	3	1/3	1/3	3/4	1	1	1/12		1/8	2/3		-1	77		22
3	3	5/12	5/12	3/4	1	1	1/12		1/8	2/3		-3	75		23
3	3	1/2	1/2	3/4	2	1	1/4		1/4	1		4	52		29
3	3	1/2	1/2	3/4	1	1	1/12		1/8	2/3		2	74		24
3	3	7/12	7/12	3/4	1	1	1/12		1/8	2/3		0	72		25
3	3	2/3	2/3	3/4	1	1	1/12		1/8	2/3		-2	70		26
4	4	0	0	3/4	2	1	1/4		1/4	1		-1	53		34
4	4	0	0	3/4	1	1	3/16		1/8	3/2		3	69		30
4	4	3/16	3/16	3/4	1	1	1/32		1/32	1		-2	70		31
4	4	7/32	7/32	3/4	1	1	1/32		1/32	1		0	72		32
4	4	1/4	1/4	3/4	2	1	1/4		1/4	1		-2	46		35
4	4	1/4	1/4	3/4	1	1	1/4		1/4	1		-2	70		33
5	5	0	0	3/4	2	1	1/4		1/4	1		-1	53		44
5	5	0	0	3/4	1	2	1/4		1/4	1		-1	65		43
5	5	0	0	3/4	1	1	1/4		1/4	1		3	69		36
5	5	0	0	3/4	1	1	1/4		1/4	1		0	72		36
5	5	0	0	3/4	1	1	1/4		1/4	1		-1	77		36
5	5	1/4	1/4	3/4	2	1	1/4		1/4	1		-3	63		45
5	5	1/4	1/4	3/4	1	1	1/12		1/8	2/3		0	72		37
5	5	1/3	1/3	3/4	1	1	1/12		1/8	2/3		3	69		38
5	5	5/12	5/12	3/4	1	1	1/12		1/8	2/3		0	72		39
5	5	1/2	1/2	3/4	2	1	1/4		1/4	1		2	62		46
5	5	1/2	1/2	3/4	1	1	1/12		1/8	2/3		-2	70		40
5	5	7/12	7/12	3/4	1	1	1/12		1/8	2/3		0	72		41
5	5	2/3	2/3	3/4	1	1	1/12		1/8	2/3		2	74		42
6	6	0	0	3/4	2	1	1/4		1/4	1		-1	53		55
6	6	0	0	3/4	1	2	1/4		1/4	1		-1	65		54
6	6	0	0	3/4	1	1	1/4		1/4	1		3	69		47
6	6	0	0	3/4	1	1	1/4		1/4	1		0	72		47
6	6	0	0	3/4	1	1	1/4		1/4	1		-1	77		47
6	6	1/4	1/4	3/4	2	1	1/4		1/4	1		3	57		56
6	6	1/4	1/4	3/4	1	1	1/12		1/8	2/3		-3	75		48
6	6	1/3	1/3	3/4	1	1	1/12		1/8	2/3		0	72		49
6	6	5/12	5/12	3/4	1	1	1/12		1/8	2/3		-3	75		50
6	6	1/2	1/2	3/4	2	1	1/4		1/4	1		-2	58		57
6	6	1/2	1/2	3/4	1	1	1/12		1/8	2/3		2	74		51
6	6	7/12	7/12	3/4	1	1	1/12		1/8	2/3		-3	75		52
6	6	2/3	2/3	3/4	1	1	1/12		1/8	2/3		-1	77		53
7	7	0	0	3/4	2	1	1/2		1/2	1		-3	51		67
7	7	0	0	3/4	1	1	1/12		1/8	2/3		1	79		58
7	7	1/12	1/12	3/4	1	1	1/12		1/8	2/3		3	81		59
7	7	1/6	1/6	3/4	1	1	1/12		1/8	2/3		-2	82		60
7	7	1/4	1/4	3/4	1	1	1/12		1/8	2/3		-2	82		61
7	7	1/3	1/3	3/4	1	1	1/12		1/8	2/3		3	81		62
7	7	5/12	5/12	3/4	1	1	1/12		1/8	2/3		1	79		63
7	7	1/2	1/2	3/4	2	1	1/4		1/4	1		4	52		68
7	7	1/2	1/2	3/4	1	1	1/12		1/8	2/3		-1	77		64
7	7	7/12	7/12	3/4	1	1	1/12		1/8	2/3		-3	75		65
7	7	2/3	2/3	3/4	1	1	1/12		1/8	2/3		2	74		66
8	8	0	0	3/4	2	1	1/4		1/4	1		-1	53		71
8	8	0	0	3/4	1	1	1/4		1/4	1		2	74		69
8	8	1/4	1/4	3/4	2	1	1/4		1/4	1		3	57		72
8	8	1/4	1/4	3/4	1	1	1/4		1/4	1		0	72		70
8	8	1/2	1/2	3/4	2	1	1/4		1/4	1		0	60		73
9	9	0	0	3/4	2	1	1/4		1/4	1		-1	53		77
9	9	0	0	3/4	1	1	1/4		1/4	1		-1	77		74
9	9	1/4	1/4	3/4	1	1	1/4		1/4	1		3	81		75
9	9	1/2	1/2	3/4	1	1	1/4		1/4	1		1	79		76
10	10	0	0	3/4	1	1	1/4		1/4	1		1	79		78
10	10	1/4	1/4	3/4	1	1	1/4		1/4	1		-2	82		79
10	10	1/2	1/2	3/4	1	1	1/4		1/4	1		3	81		80
11	11	0	0	3/4	2	1	1/4		1/4	1		-1	65		84
11	11	0	0	3/4	1	1	1/4		1/4	1		3	81		81
11	11	1/4	1/4	3/4	2	1	1/4		1/4	1		3	69		85
11	11	1/4	1/4	3/4	1	1	1/4		1/4	1		0	84		82
11	11	1/2	1/2	3/4	2	1	1/4		1/4	1		1	67		86
11	11	1/2	1/2	3/4	1	1	1/4		1/4	1		-2	82		83
12	12	0	0	3/4	2	1	1/4		1/4	1		1	67		90
12	12	0	0	3/4	1	1	1/4		1/4	1		-2	82		87
12	12	1/4	1/4	3/4	2	1	1/4		1/4	1		-2	70		91
12	12	1/4	1/4	3/4	1	1	1/4		1/4	1		2	86		88
12	12	1/2	1/2	3/4	2	1	1/4		1/4	1		3	69		92
12	12	1/2	1/2	3/4	1	1	1/4		1/4	1		0	84		89
13	13	0	0	3/4	2	1	1/4		1/4	1		-1	65		100
13	13	0	0	3/4	2	1	1/4		1/4	1		3	69		100
13	13	0	0	3/4	2	1	1/4		1/4	1		0	72		100
13	13	0	0	3/4	1	1	1/4		1/4	1		-1	77		93
13	13	0	0	3/4	1	1	1/4		1/4	1		3	81		93
13	13	0	0	3/4	1	1	1/4		1/4	1		0	84		93
13	13	1/4	1/4	3/4	1	1	1/12		1/8	2/3		0	72		94
13	13	1/3	1/3	3/4	1	1	1/12		1/8	2/3		-1	77		95
13	13	5/12	5/12	3/4	1	1	1/12		1/8	2/3		3	81		96
13	13	1/2	1/2	3/4	2	1	1/4		1/4	1		0	60		101
13	13	1/2	1/2	3/4	1	1	1/12		1/8	2/3		4	76		97
13	13	7/12	7/12	3/4	1	1	1/12		1/8	2/3		1	79		98
13	13	2/3	2/3	3/4	1	1	1/12		1/8	2/3		-2	82		99
14	14	0	0	3/4	1	1	0	grace4	1/4	1		-2	82		102
14	14	0	0	3/4	2	1	1/4		1/4	1		-1	53		105
14	14	0	0	3/4	1	1	1/2		1/2	1		3	81		103
14	14	1/4	1/4	3/4	2	1	1/4		1/4	1		3	57		106
14	14	1/2	1/2	3/4	2	1	1/4		1/4	1		0	60		107
14	14	1/2	1/2	3/4	1	1	1/4		1/4	1		1	79		104
15	15	0	0	3/4	2	1	1/4		1/4	1		-1	53		115
15	15	0	0	3/4	1	1	1/4		1/4	1		0	72		108
15	15	0	0	3/4	1	1	1/4		1/4	1		-1	77		108
15	15	0	0	3/4	1	1	1/4		1/4	1		3	81		108
15	15	0	0	3/4	1	1	1/4		1/4	1		0	84		108
15	15	1/4	1/4	3/4	2	1	1/4		1/4	1		3	57		116
15	15	1/4	1/4	3/4	1	1	1/12		1/8	2/3		0	72		109
15	15	1/3	1/3	3/4	1	1	1/12		1/8	2/3		-1	77		110
15	15	5/12	5/12	3/4	1	1	1/12		1/8	2/3		3	81		111
15	15	1/2	1/2	3/4	2	1	1/4		1/4	1		0	60		117
15	15	1/2	1/2	3/4	1	1	1/12		1/8	2/3		4	76		112
15	15	7/12	7/12	3/4	1	1	1/12		1/8	2/3		1	79		113
15	15	2/3	2/3	3/4	1	1	1/12		1/8	2/3		-2	82		114
16	16	0	0	3/4	1	1	0	grace4	1/4	1		-2	82		118
16	16	0	0	3/4	2	1	1/4		1/4	1		-1	53		121
16	16	0	0	3/4	1	1	1/2		1/2	1		3	81		119
16	16	1/4	1/4	3/4	2	1	1/4		1/4	1		3	57		122
16	16	1/2	1/2	3/4	2	1	1/4		1/4	1		0	60		123
16	16	1/2	1/2	3/4	1	1	1/4		1/4	1		1	79		120
17	17	0	0	3/4	2	1	1/2		1/2	1		2	62		131
17	17	0	0	3/4	1	1	1/12		1/8	2/3		-2	82		124
17	17	1/12	1/12	3/4	1	1	1/12		1/8	2/3		0	84		125
17	17	1/6	1/6	3/4	1	1	1/12		1/8	2/3		2	86		126
17	17	1/4	1/4	3/4	1	1	1/12		1/8	2/3		2	86		127
17	17	1/3	1/3	3/4	1	1	1/12		1/8	2/3		0	84		128
17	17	5/12	5/12	3/4	1	1	1/12		1/8	2/3		-2	82		129
17	17	1/2	1/2	3/4	2	1	1/4		1/4	1		0	60		132
17	17	1/2	1/2	3/4	1	1	1/8		1/8	1		3	81		130
18	18	0	0	3/4	2	1	1/2		1/2	1		-2	58		140
18	18	0	0	3/4	1	1	1/12		1/8	2/3		1	79		133
18	18	1/12	1/12	3/4	1	1	1/12		1/8	2/3		3	81		134
18	18	1/6	1/6	3/4	1	1	1/12		1/8	2/3		-2	82		135
18	18	1/4	1/4	3/4	1	1	1/12		1/8	2/3		-2	82		136
18	18	1/3	1/3	3/4	1	1	1/12		1/8	2/3		3	81		137
18	18	5/12	5/12	3/4	1	1	1/12		1/8	2/3		1	79		138
18	18	1/2	1/2	3/4	2	1	1/4		1/4	1		3	57		141
18	18	1/2	1/2	3/4	1	1	1/8		1/8	1		-1	77		139
19	19	0	0	3/4	1	1	0	grace16	1/16	1		-3	75		142
19	19	0	0	3/4	2	1	1/4		1/4	1		-2	58		150
19	19	0	0	3/4	1	1	1/8		1/8	1		2	74		143
19	19	1/8	1/8	3/4	1	1	1/16		1/16	1		0	72		144
19	19	3/16	3/16	3/4	1	1	1/16		1/16	1		-2	70		145
19	19	1/4	1/4	3/4	2	1	1/4		1/4	1		0	60		151
19	19	1/4	1/4	3/4	1	2	1/4		1/4	1		-1	65		148
19	19	1/4	1/4	3/4	1	1	1/4		1/4	1		3	69		146
19	19	1/2	1/2	3/4	2	1	1/4		1/4	1		0	48		152
19	19	1/2	1/2	3/4	1	2	1/4		1/4	1		4	64		149
19	19	1/2	1/2	3/4	1	1	1/4		1/4	1		1	67		147
20	20	0	0	3/4	2	1	1/4		1/4	1		-1	53		159
20	20	0	0	3/4	1	1	1/4		1/4	1		-1	65		153
20	20	1/4	1/4	3/4	2	1	1/4		1/4	1		-1	41		160
20	20	1/3	1/3	3/4	1	1	1/12		1/8	2/3		-1	77		154
20	20	5/12	5/12	3/4	1	1	1/12		1/8	2/3		3	81		155
20	20	1/2	1/2	3/4	1	1	1/12		1/8	2/3		0	84		156
20	20	7/12	7/12	3/4	1	1	1/12		1/8	2/3		3	81		157
20	20	2/3	2/3	3/4	1	1	1/12		1/8	2/3		-1	77		158
21	21	0	0	3/4	2	1	1/4		1/4	1		-1	41		170
21	21	0	0	3/4	1	2	1/4		1/4	1		3	69		169
21	21	0	0	3/4	1	1	1/4		1/4	1		0	72		161
21	21	1/4	1/4	3/4	2	1	1/4		1/4	1		3	45		171
21	21	1/4	1/4	3/4	1	1	1/12		1/8	2/3		0	72		162
21	21	1/3	1/3	3/4	1	1	1/12		1/8	2/3		2	74		163
21	21	5/12	5/12	3/4	1	1	1/12		1/8	2/3		0	72		164
21	21	1/2	1/2	3/4	1	1	0	grace16	1/16	2/3		0	72		165
21	21	1/2	1/2	3/4	2	1	1/4		1/4	1		0	48		172
21	21	1/2	1/2	3/4	1	1	1/12		1/8	2/3		-2	70		166
21	21	7/12	7/12	3/4	1	1	1/12		1/8	2/3		3	69		167
21	21	2/3	2/3	3/4	1	1	1/12		1/8	2/3		-2	70		168
22	22	0	0	3/4	2	1	1/4		1/4	1		-1	53		179
22	22	0	0	3/4	1	1	1/4		1/4	1		3	69		173
22	22	1/4	1/4	3/4	2	1	1/4		1/4	1		-1	41		180
22	22	1/3	1/3	3/4	1	1	1/12		1/8	2/3		3	69		174
22	22	5/12	5/12	3/4	1	1	1/12		1/8	2/3		0	72		175
22	22	1/2	1/2	3/4	1	1	1/12		1/8	2/3		-1	77		176
22	22	7/12	7/12	3/4	1	1	1/12		1/8	2/3		0	72		177
22	22	2/3	2/3	3/4	1	1	1/12		1/8	2/3		3	69		178
23	23	0	0	3/4	2	1	1/4		1/4	1		-2	46		190
23	23	0	0	3/4	1	1	1/12		1/8	2/3		2	74		181
23	23	1/12	1/12	3/4	1	1	1/12		1/8	2/3		-2	70		182
23	23	1/6	1/6	3/4	1	1	1/12		1/8	2/3		1	67		183
23	23	1/4	1/4	3/4	2	1	1/4		1/4	1		0	48		191
23	23	1/4	1/4	3/4	1	1	1/12		1/8	2/3		0	72		184
23	23	1/3	1/3	3/4	1	1	1/12		1/8	2/3		3	69		185
23	23	5/12	5/12	3/4	1	1	1/12		1/8	2/3		-1	65		186
23	23	1/2	1/2	3/4	2	1	1/4		1/4	1		0	48		192
23	23	1/2	1/2	3/4	1	1	1/12		1/8	2/3		-2	70		187
23	23	7/12	7/12	3/4	1	1	1/12		1/8	2/3		1	67		188
23	23	2/3	2/3	3/4	1	1	1/12		1/8	2/3		4	64		189
24	24	0	0	3/4	2	1	1/4		1/4	1		-1	53		199
24	24	0	0	3/4	1	1	1/4		1/4	1		-1	65		193
24	24	1/4	1/4	3/4	2	1	1/4		1/4	1		-1	41		200
24	24	1/3	1/3	3/4	1	1	1/12		1/8	2/3		-1	77		194
24	24	5/12	5/12	3/4	1	1	1/12		1/8	2/3		3	81		195
24	24	1/2	1/2	3/4	1	1	1/12		1/8	2/3		0	84		196
24	24	7/12	7/12	3/4	1	1	1/12		1/8	2/3		3	81		197
24	24	2/3	2/3	3/4	1	1	1/12		1/8	2/3		-1	77		198
25	25	0	0	3/4	2	1	1/4		1/4	1		-1	41		210
25	25	0	0	3/4	1	2	1/4		1/4	1		3	69		209
25	25	0	0	3/4	1	1	1/4		1/4	1		0	72		201
25	25	1/4	1/4	3/4	2	1	1/4		1/4	1		3	45		211
25	25	1/4	1/4	3/4	1	1	1/12		1/8	2/3		0	72		202
25	25	1/3	1/3	3/4	1	1	1/12		1/8	2/3		2	74		203
25	25	5/12	5/12	3/4	1	1	1/12		1/8	2/3		0	72		204
25	25	1/2	1/2	3/4	1	1	0	grace16	1/16	2/3		0	72		205
25	25	1/2	1/2	3/4	2	1	1/4		1/4	1		0	48		212
25	25	1/2	1/2	3/4	1	1	1/12		1/8	2/3		-2	70		206
25	25	7/12	7/12	3/4	1	1	1/12		1/8	2/3		3	69		207
25	25	2/3	2/3	3/4	1	1	1/12		1/8	2/3		-2	70		208
26	26	0	0	3/4	2	1	1/4		1/4	1		-1	53		219
26	26	0	0	3/4	1	1	1/4		1/4	1		3	69		213
26	26	1/4	1/4	3/4	2	1	1/4		1/4	1		-1	41		220
26	26	1/3	1/3	3/4	1	1	1/12		1/8	2/3		3	69		214
26	26	5/12	5/12	3/4	1	1	1/12		1/8	2/3		0	72		215
26	26	1/2	1/2	3/4	1	1	1/12		1/8	2/3		-1	77		216
26	26	7/12	7/12	3/4	1	1	1/12		1/8	2/3		0	72		217
26	26	2/3	2/3	3/4	1	1	1/12		1/8	2/3		3	69		218
27	27	0	0	3/4	2	1	1/4		1/4	1		-2	46		230
27	27	0	0	3/4	1	1	1/12		1/8	2/3		2	74		221
27	27	1/12	1/12	3/4	1	1	1/12		1/8	2/3		-2	70		222
27	27	1/6	1/6	3/4	1	1	1/12		1/8	2/3		1	67		223
27	27	1/4	1/4	3/4	2	1	1/4		1/4	1		0	48		231
27	27	1/4	1/4	3/4	1	1	1/12		1/8	2/3		0	72		224
27	27	1/3	1/3	3/4	1	1	1/12		1/8	2/3		3	69		225
27	27	5/12	5/12	3/4	1	1	1/12		1/8	2/3		-1	65		226
27	27	1/2	1/2	3/4	2	2	1/4		1/4	1		0	48		233
27	27	1/2	1/2	3/4	2	1	1/4		1/4	1		-2	58		232
27	27	1/2	1/2	3/4	1	1	1/12		1/8	2/3		-2	70		227
27	27	7/12	7/12	3/4	1	1	1/12		1/8	2/3		1	67		228
27	27	2/3	2/3	3/4	1	1	1/12		1/8	2/3		4	64		229
28	28	0	0	3/4	2	2	1/2		1/2	1		-1	53		238
28	28	0	0	3/4	2	1	1/2		1/2	1		-2	58		236
28	28	0	0	3/4	1	1	1/2		1/2	1		4	64		234
28	28	1/2	1/2	3/4	2	1	1/4		1/4	1		3	57		237
28	28	1/2	1/2	3/4	1	1	1/4		1/4	1		-1	65		235
29	29	0	0	3/4	2	1	1/8		1/8	1		-1	41		244
29	29	0	0	3/4	1	1	1/16		1/16	1		-1	65		239
29	29	1/16	1/16	3/4	1	1	1/16		1/16	1		1	67		240
29	29	1/8	1/8	3/4	2	1	1/8		1/8	1		-1	53		245
29	29	1/8	1/8	3/4	1	1	1/16		1/16	1		3	69		241
29	29	3/16	3/16	3/4	1	1	1/16		1/16	1		1	67		242
29	29	1/4	1/4	3/4	2	1	1/8		1/8	1		-1	41		246
29	29	1/4	1/4	3/4	1	1	1/4		1/4	1		-1	65		243
29	29	3/8	3/8	3/4	2	1	1/8		1/8	1		-1	53		247
29	29	1/2	1/2	3/4	2	1	1/8		1/8	1		-1	41		248
29	29	5/8	5/8	3/4	2	1	1/8		1/8	1		-1	53		249
30	30	0	0	3/4	2	1	1/8		1/8	1		-1	41		256
30	30	0	0	3/4	1	2	1/8		1/8	1		3	81		253
30	30	0	0	3/4	1	1	1/8		1/8	1		0	84		250
30	30	1/8	1/8	3/4	2	1	1/8		1/8	1		-1	53		257
30	30	1/4	1/4	3/4	2	1	1/8		1/8	1		-1	41		258
30	30	1/4	1/4	3/4	1	2	1/8		1/8	1		-3	75		254
30	30	1/4	1/4	3/4	1	1	1/8		1/8	1		3	81		251
30	30	3/8	3/8	3/4	2	1	1/8		1/8	1		-1	53		259
30	30	1/2	1/2	3/4	2	1	1/8		1/8	1		-1	41		260
30	30	1/2	1/2	3/4	1	2	1/8		1/8	1		0	72		255
30	30	1/2	1/2	3/4	1	1	1/8		1/8	1		-3	75		252
30	30	5/8	5/8	3/4	2	1	1/8		1/8	1		-1	53		261
31	31	0	0	3/4	2	1	1/8		1/8	1		-1	41		267
31	31	0	0	3/4	1	1	1/16		1/16	1		2	74		262
31	31	1/16	1/16	3/4	1	1	1/16		1/16	1		-3	75		263
31	31	1/8	1/8	3/4	2	1	1/8		1/8	1		-1	53		268
31	31	1/8	1/8	3/4	1	1	1/16		1/16	1		-1	77		264
31	31	3/16	3/16	3/4	1	1	1/16		1/16	1		-3	75		265
31	31	1/4	1/4	3/4	2	1	1/8		1/8	1		-1	41		269
31	31	1/4	1/4	3/4	1	1	1/4		1/4	1		2	74		266
31	31	3/8	3/8	3/4	2	1	1/8		1/8	1		-1	53		270
31	31	1/2	1/2	3/4	2	1	1/8		1/8	1		-1	41		271
31	31	5/8	5/8	3/4	2	1	1/8		1/8	1		-1	53		272
32	32	0	0	3/4	2	1	1/8		1/8	1		-1	41		279
32	32	0	0	3/4	1	2	1/8		1/8	1		1	67		276
32	32	0	0	3/4	1	1	1/8		1/8	1		-2	70		273
32	32	1/8	1/8	3/4	2	1	1/8		1/8	1		-1	53		280
32	32	1/4	1/4	3/4	2	1	1/8		1/8	1		-1	41		281
32	32	1/4	1/4	3/4	1	2	1/8		1/8	1		-1	65		277
32	32	1/4	1/4	3/4	1	1	1/8		1/8	1		3	69		274
32	32	3/8	3/8	3/4	2	1	1/8		1/8	1		-1	53		282
32	32	1/2	1/2	3/4	2	1	1/8		1/8	1		-1	41		283
32	32	1/2	1/2	3/4	1	2	1/8		1/8	1		4	64		278
32	32	1/2	1/2	3/4	1	1	1/8		1/8	1		1	67		275
32	32	5/8	5/8	3/4	2	1	1/8		1/8	1		-1	53		284
33	33	0	0	3/4	2	1	1/8		1/8	1		-1	41		290
33	33	0	0	3/4	1	1	1/16		1/16	1		-1	65		285
33	33	1/16	1/16	3/4	1	1	1/16		1/16	1		1	67		286
33	33	1/8	1/8	3/4	2	1	1/8		1/8	1		-1	53		291
33	33	1/8	1/8	3/4	1	1	1/16		1/16	1		3	69		287
33	33	3/16	3/16	3/4	1	1	1/16		1/16	1		1	67		288
33	33	1/4	1/4	3/4	2	1	1/8		1/8	1		-1	41		292
33	33	1/4	1/4	3/4	1	1	1/4		1/4	1		-1	65		289
33	33	3/8	3/8	3/4	2	1	1/8		1/8	1		-1	53		293
33	33	1/2	1/2	3/4	2	1	1/8		1/8	1		-1	41		294
33	33	5/8	5/8	3/4	2	1	1/8		1/8	1		-1	53		295
34	34	0	0	3/4	2	1	1/8		1/8	1		-1	41		302
34	34	0	0	3/4	1	2	1/8		1/8	1		3	81		299
34	34	0	0	3/4	1	1	1/8		1/8	1		0	84		296
34	34	1/8	1/8	3/4	2	1	1/8		1/8	1		-1	53		303
34	34	1/4	1/4	3/4	2	1	1/8		1/8	1		-1	41		304
34	34	1/4	1/4	3/4	1	2	1/8		1/8	1		-3	75		300
34	34	1/4	1/4	3/4	1	1	1/8		1/8	1		3	81		297
34	34	3/8	3/8	3/4	2	1	1/8		1/8	1		-1	53		305
34	34	1/2	1/2	3/4	2	1	1/8		1/8	1		-1	41		306
34	34	1/2	1/2	3/4	1	2	1/8		1/8	1		0	72		301
34	34	1/2	1/2	3/4	1	1	1/8		1/8	1		-3	75		298
34	34	5/8	5/8	3/4	2	1	1/8		1/8	1		-1	53		307
35	35	0	0	3/4	2	1	1/8		1/8	1		-1	41		313
35	35	0	0	3/4	1	1	1/16		1/16	1		2	74		308
35	35	1/16	1/16	3/4	1	1	1/16		1/16	1		-3	75		309
35	35	1/8	1/8	3/4	2	1	1/8		1/8	1		-1	53		314
35	35	1/8	1/8	3/4	1	1	1/16		1/16	1		-1	77		310
35	35	3/16	3/16	3/4	1	1	1/16		1/16	1		-3	75		311
35	35	1/4	1/4	3/4	2	1	1/8		1/8	1		-1	41		315
35	35	1/4	1/4	3/4	1	1	1/4		1/4	1		2	74		312
35	35	3/8	3/8	3/4	2	1	1/8		1/8	1		-1	53		316
35	35	1/2	1/2	3/4	2	1	1/8		1/8	1		-1	41		317
35	35	5/8	5/8	3/4	2	1	1/8		1/8	1		-1	53		318
36	36	0	0	3/4	2	1	1/8		1/8	1		-1	41		325
36	36	0	0	3/4	1	2	1/8		1/8	1		1	67		322
36	36	0	0	3/4	1	1	1/8		1/8	1		-2	70		319
36	36	1/8	1/8	3/4	2	1	1/8		1/8	1		-1	53		326
36	36	1/4	1/4	3/4	2	1	1/8		1/8	1		-1	41		327
36	36	1/4	1/4	3/4	1	2	1/8		1/8	1		-1	65		323
36	36	1/4	1/4	3/4	1	1	1/8		1/8	1		3	69		320
36	36	3/8	3/8	3/4	2	1	1/8		1/8	1		-1	53		328
36	36	1/2	1/2	3/4	2	1	1/8		1/8	1		-1	41		329
36	36	1/2	1/2	3/4	1	2	1/8		1/8	1		4	64		324
36	36	1/2	1/2	3/4	1	1	1/8		1/8	1		1	67		321
36	36	5/8	5/8	3/4	2	1	1/8		1/8	1		-1	53		330
37	37	0	0	3/4	2	1	1/4		1/4	1		-1	41		339
37	37	0	0	3/4	1	1	1/16		1/16	1		-1	65		331
37	37	1/16	1/16	3/4	1	1	1/16		1/16	1		1	67		332
37	37	1/8	1/8	3/4	1	1	1/16		1/16	1		3	69		333
37	37	3/16	3/16	3/4	1	1	1/16		1/16	1		1	67		334
37	37	1/4	1/4	3/4	1	1	1/8		1/8	1		-1	65		335
37	37	3/8	3/8	3/4	1	1	1/8		1/8	1		3	69		336
37	37	1/2	1/2	3/4	1	1	1/8		1/8	1		0	72		337
37	37	5/8	5/8	3/4	1	1	1/8		1/8	1		3	69		338
38	38	0	0	3/4	1	1	1/16		1/16	1		1	67		340
38	38	1/16	1/16	3/4	1	1	1/16		1/16	1		3	69		341
38	38	1/8	1/8	3/4	1	1	1/16		1/16	1		-2	70		342
38	38	3/16	3/16	3/4	1	1	1/16		1/16	1		3	69		343
38	38	1/4	1/4	3/4	1	1	1/8		1/8	1		1	67		344
38	38	3/8	3/8	3/4	1	1	1/8		1/8	1		-2	70		345
38	38	1/2	1/2	3/4	1	1	1/8		1/8	1		2	74		346
38	38	5/8	5/8	3/4	1	1	1/8		1/8	1		-2	70		347
39	39	0	0	3/4	2	2	1/2		1/2	1		-3	39		357
39	39	0	0	3/4	2	1	1/2		1/2	1		-3	51		356
39	39	0	0	3/4	1	1	1/16		1/16	1		3	69		348
39	39	1/16	1/16	3/4	1	1	1/16		1/16	1		-2	70		349
39	39	1/8	1/8	3/4	1	1	1/16		1/16	1		0	72		350
39	39	3/16	3/16	3/4	1	1	1/16		1/16	1		-2	70		351
39	39	1/4	1/4	3/4	1	1	1/8		1/8	1		3	69		352
39	39	3/8	3/8	3/4	1	1	1/8		1/8	1		0	72		353
39	39	1/2	1/2	3/4	1	1	1/8		1/8	1		-3	75		354
39	39	5/8	5/8	3/4	1	1	1/8		1/8	1		0	72		355
40	40	0	0	3/4	2	2	1/2		1/2	1		2	38		367
40	40	0	0	3/4	2	1	1/2		1/2	1		2	50		366
40	40	0	0	3/4	1	1	1/16		1/16	1		-2	70		358
40	40	1/16	1/16	3/4	1	1	1/16		1/16	1		0	72		359
40	40	1/8	1/8	3/4	1	1	1/16		1/16	1		2	74		360
40	40	3/16	3/16	3/4	1	1	1/16		1/16	1		0	72		361
40	40	1/4	1/4	3/4	1	1	1/8		1/8	1		-2	70		362
40	40	3/8	3/8	3/4	1	1	1/8		1/8	1		2	74		363
40	40	1/2	1/2	3/4	1	1	1/8		1/8	1		-1	77		364
40	40	5/8	5/8	3/4	1	1	1/8		1/8	1		2	74		365
41	41	0	0	3/4	2	1	1/4		1/4	1		3	45		377
41	41	0	0	3/4	1	1	1/12		1/8	2/3		0	72		368
41	41	1/12	1/12	3/4	1	1	1/12		1/8	2/3		-1	77		369
41	41	1/6	1/6	3/4	1	1	1/12		1/8	2/3		3	81		370
41	41	1/4	1/4	3/4	2	1	1/4		1/4	1		3	57		378
41	41	1/4	1/4	3/4	1	1	1/12		1/8	2/3		0	84		371
41	41	1/3	1/3	3/4	1	1	1/12		1/8	2/3		-2	82		372
41	41	5/12	5/12	3/4	1	1	1/12		1/8	2/3		3	81		373
41	41	1/2	1/2	3/4	1	1	1/12		1/8	2/3		1	79		374
41	41	7/12	7/12	3/4	1	1	1/12		1/8	2/3		-1	77		375
41	41	2/3	2/3	3/4	1	1	1/12		1/8	2/3		-3	75		376
42	42	0	0	3/4	2	1	1/4		1/4	1		-2	46		388
42	42	0	0	3/4	1	1	1/12		1/8	2/3		2	74		379
42	42	1/12	1/12	3/4	1	1	1/12		1/8	2/3		-1	77		380
42	42	1/6	1/6	3/4	1	1	1/12		1/8	2/3		-2	82		381
42	42	1/4	1/4	3/4	2	1	1/4		1/4	1		-2	58		389
42	42	1/4	1/4	3/4	1	1	1/12		1/8	2/3		2	86		382
42	42	1/3	1/3	3/4	1	1	1/12		1/8	2/3		0	84		383
42	42	5/12	5/12	3/4	1	1	1/12		1/8	2/3		-2	82		384
42	42	1/2	1/2	3/4	1	1	1/12		1/8	2/3		3	81		385
42	42	7/12	7/12	3/4	1	1	1/12		1/8	2/3		1	79		386
42	42	2/3	2/3	3/4	1	1	1/12		1/8	2/3		-1	77		387
43	43	0	0	3/4	2	1	1/4		1/4	1		-3	51		399
43	43	0	0	3/4	1	1	1/12		1/8	2/3		1	79		390
43	43	1/12	1/12	3/4	1	1	1/12		1/8	2/3		3	81		391
43	43	1/6	1/6	3/4	1	1	1/12		1/8	2/3		-2	82		392
43	43	1/4	1/4	3/4	2	1	1/4		1/4	1		1	55		400
43	43	1/4	1/4	3/4	1	1	1/12		1/8	2/3		-3	75		393
43	43	1/3	1/3	3/4	1	1	1/12		1/8	2/3		-1	77		394
43	43	5/12	5/12	3/4	1	1	1/12		1/8	2/3		1	79		395
43	43	1/2	1/2	3/4	2	1	1/4		1/4	1		-3	51		401
43	43	1/2	1/2	3/4	1	1	1/12		1/8	2/3		0	72		396
43	43	7/12	7/12	3/4	1	1	1/12		1/8	2/3		2	74		397
43	43	2/3	2/3	3/4	1	1	1/12		1/8	2/3		-3	75		398
44	44	0	0	3/4	2	1	1/4		1/4	1		-1	53		411
44	44	0	0	3/4	1	1	1/12		1/8	2/3		3	69		402
44	44	1/12	1/12	3/4	1	1	1/12		1/8	2/3		0	72		403
44	44	1/6	1/6	3/4	1	1	1/12		1/8	2/3		-2	70		404
44	44	1/4	1/4	3/4	1	1	1/12		1/8	2/3		3	69		405
44	44	1/3	1/3	3/4	1	1	1/12		1/8	2/3		1	67		406
44	44	5/12	5/12	3/4	1	1	1/12		1/8	2/3		-1	65		407
44	44	1/2	1/2	3/4	2	1	1/4		1/4	1		3	45		412
44	44	1/2	1/2	3/4	1	1	1/12		1/8	2/3		-3	63		408
44	44	7/12	7/12	3/4	1	1	1/12		1/8	2/3		2	62		409
44	44	2/3	2/3	3/4	1	1	1/12		1/8	2/3		0	60		410
45	45	0	0	3/4	2	1	1/4		1/4	1		-2	46		422
45	45	0	0	3/4	1	1	1/12		1/8	2/3		2	62		413
45	45	1/12	1/12	3/4	1	1	1/12		1/8	2/3		-3	63		414
45	45	1/6	1/6	3/4	1	1	1/12		1/8	2/3		-1	65		415
45	45	1/4	1/4	3/4	2	1	1/4		1/4	1		-3	39		423
45	45	1/4	1/4	3/4	1	1	1/12		1/8	2/3		1	67		416
45	45	1/3	1/3	3/4	1	1	1/12		1/8	2/3		-1	65		417
45	45	5/12	5/12	3/4	1	1	1/12		1/8	2/3		-3	63		418
45	45	1/2	1/2	3/4	2	1	1/4		1/4	1		4	40		424
45	45	1/2	1/2	3/4	1	1	1/12		1/8	2/3		2	62		419
45	45	7/12	7/12	3/4	1	1	1/12		1/8	2/3		0	60		420
45	45	2/3	2/3	3/4	1	1	1/12		1/8	2/3		-2	58		421
46	46	0	0	3/4	2	1	1/4		1/4	1		-1	41		431
46	46	0	0	3/4	1	1	1/12		1/8	2/3		3	57		425
46	46	1/12	1/12	3/4	1	1	1/12		1/8	2/3		1	55		426
46	46	1/6	1/6	3/4	1	1	1/12		1/8	2/3		-1	53		427
46	46	1/4	1/4	3/4	2	1	1/4		1/4	1		-1	53		432
46	46	1/2	1/2	3/4	1	1	1/12		1/8	2/3		-3	51		428
46	46	7/12	7/12	3/4	1	1	1/12		1/8	2/3		2	50		429
46	46	2/3	2/3	3/4	1	1	1/12		1/8	2/3		0	48		430
47	47	0	0	3/4	2	1	1/4		1/4	1		-2	46		441
47	47	0	0	3/4	1	2	1/4		1/4	1		2	74		440
47	47	0	0	3/4	1	1	1/4		1/4	1		-1	77		433
47	47	1/4	1/4	3/4	2	1	1/4		1/4	1		-2	58		442
47	47	1/4	1/4	3/4	1	1	1/12		1/8	2/3		-1	77		434
47	47	1/3	1/3	3/4	1	1	1/12		1/8	2/3		2	74		435
47	47	5/12	5/12	3/4	1	1	1/12		1/8	2/3		-1	77		436
47	47	1/2	1/2	3/4	1	1	1/12		1/8	2/3		-2	82		437
47	47	7/12	7/12	3/4	1	1	1/12		1/8	2/3		2	86		438
47	47	2/3	2/3	3/4	1	1	1/12		1/8	2/3		-2	82		439
48	48	0	0	3/4	2	1	1/4		1/4	1		-2	46		451
48	48	0	0	3/4	1	2	1/4		1/4	1		2	74		450
48	48	0	0	3/4	1	1	1/4		1/4	1		-1	77		443
48	48	1/4	1/4	3/4	2	1	1/4		1/4	1		-2	58		452
48	48	1/4	1/4	3/4	1	1	1/12		1/8	2/3		-1	77		444
48	48	1/3	1/3	3/4	1	1	1/12		1/8	2/3		2	74		445
48	48	5/12	5/12	3/4	1	1	1/12		1/8	2/3		-1	77		446
48	48	1/2	1/2	3/4	1	1	1/12		1/8	2/3		-2	82		447
48	48	7/12	7/12	3/4	1	1	1/12		1/8	2/3		2	86		448
48	48	2/3	2/3	3/4	1	1	1/12		1/8	2/3		-2	82		449
49	49	0	0	3/4	2	1	1/4		1/4	1		-2	58		460
49	49	0	0	3/4	1	1	1/4		1/4	1		-1	77		453
49	49	1/4	1/4	3/4	2	1	1/4		1/4	1		-3	51		461
49	49	1/4	1/4	3/4	1	1	1/12		1/8	2/3		1	79		454
49	49	1/3	1/3	3/4	1	1	1/12		1/8	2/3		-1	77		455
49	49	5/12	5/12	3/4	1	1	1/12		1/8	2/3		-3	75		456
49	49	1/2	1/2	3/4	2	1	1/4		1/4	1		4	52		462
49	49	1/2	1/2	3/4	1	1	1/12		1/8	2/3		2	74		457
49	49	7/12	7/12	3/4	1	1	1/12		1/8	2/3		0	72		458
49	49	2/3	2/3	3/4	1	1	1/12		1/8	2/3		-2	70		459
50	50	0	0	3/4	2	1	1/4		1/4	1		-1	53		467
50	50	0	0	3/4	1	1	3/16		1/8	3/2		3	69		463
50	50	3/16	3/16	3/4	1	1	1/32		1/32	1		-2	70		464
50	50	7/32	7/32	3/4	1	1	1/32		1/32	1		0	72		465
50	50	1/4	1/4	3/4	2	1	1/4		1/4	1		-2	46		468
50	50	1/4	1/4	3/4	1	1	1/4		1/4	1		-2	70		466
51	51	0	0	3/4	2	1	1/4		1/4	1		-1	53		477
51	51	0	0	3/4	1	2	1/4		1/4	1		-1	65		476
51	51	0	0	3/4	1	1	1/4		1/4	1		3	69		469
51	51	0	0	3/4	1	1	1/4		1/4	1		0	72		469
51	51	0	0	3/4	1	1	1/4		1/4	1		-1	77		469
51	51	1/4	1/4	3/4	2	1	1/4		1/4	1		-3	63		478
51	51	1/4	1/4	3/4	1	1	1/12		1/8	2/3		0	72		470
51	51	1/3	1/3	3/4	1	1	1/12		1/8	2/3		3	69		471
51	51	5/12	5/12	3/4	1	1	1/12		1/8	2/3		0	72		472
51	51	1/2	1/2	3/4	2	1	1/4		1/4	1		2	62		479
51	51	1/2	1/2	3/4	1	1	1/12		1/8	2/3		-2	70		473
51	51	7/12	7/12	3/4	1	1	1/12		1/8	2/3		0	72		474
51	51	2/3	2/3	3/4	1	1	1/12		1/8	2/3		2	74		475
52	52	0	0	3/4	2	1	1/4		1/4	1		-1	53		488
52	52	0	0	3/4	1	2	1/4		1/4	1		-1	65		487
52	52	0	0	3/4	1	1	1/4		1/4	1		3	69		480
52	52	0	0	3/4	1	1	1/4		1/4	1		0	72		480
52	52	0	0	3/4	1	1	1/4		1/4	1		-1	77		480
52	52	1/4	1/4	3/4	2	1	1/4		1/4	1		3	57		489
52	52	1/4	1/4	3/4	1	1	1/12		1/8	2/3		-3	75		481
52	52	1/3	1/3	3/4	1	1	1/12		1/8	2/3		0	72		482
52	52	5/12	5/12	3/4	1	1	1/12		1/8	2/3		-3	75		483
52	52	1/2	1/2	3/4	2	1	1/4		1/4	1		-2	58		490
52	52	1/2	1/2	3/4	1	1	1/12		1/8	2/3		2	74		484
52	52	7/12	7/12	3/4	1	1	1/12		1/8	2/3		-3	75		485
52	52	2/3	2/3	3/4	1	1	1/12		1/8	2/3		-1	77		486
53	53	0	0	3/4	1	1	0	grace16	1/16	1		3	81		491
53	53	0	0	3/4	2	1	1/4		1/4	1		-3	51		499
53	53	0	0	3/4	1	1	1/8		1/8	1		1	79		492
53	53	1/8	1/8	3/4	1	1	1/16		1/16	1		-1	77		493
53	53	3/16	3/16	3/4	1	1	1/16		1/16	1		-3	75		494
53	53	1/4	1/4	3/4	2	1	1/4		1/4	1		-1	53		500
53	53	1/4	1/4	3/4	1	2	1/4		1/4	1		-2	70		497
53	53	1/4	1/4	3/4	1	1	1/4		1/4	1		2	74		495
53	53	1/2	1/2	3/4	2	1	1/4		1/4	1		-1	41		501
53	53	1/2	1/2	3/4	1	2	1/4		1/4	1		3	69		498
53	53	1/2	1/2	3/4	1	1	1/4		1/4	1		0	72		496
54	54	0	0	3/4	2	1	1/4		1/4	1		-2	46		506
54	54	0	0	3/4	1	2	1/4		1/4	1		3	69		504
54	54	0	0	3/4	1	1	1/4		1/4	1		0	72		502
54	54	1/4	1/4	3/4	2	1	1/4		1/4	1		-1	53		507
54	54	1/4	1/4	3/4	1	2	1/4		1/4	1		-2	70		505
54	54	1/4	1/4	3/4	1	1	1/4		1/4	1		2	74		503
54	54	1/2	1/2	3/4	2	1	1/4		1/4	1		2	50		508
55	55	0	0	3/4	2	1	1/4		1/4	1		-2	46		512
55	55	0	0	3/4	1	1	1/4		1/4	1		-2	70		509
55	55	1/4	1/4	3/4	1	1	1/4		1/4	1		2	74		510
55	55	1/2	1/2	3/4	1	1	1/4		1/4	1		0	72		511
56	56	0	0	3/4	1	1	1/4		1/4	1		0	72		513
56	56	1/4	1/4	3/4	1	1	1/4		1/4	1		-3	75		514
56	56	1/2	1/2	3/4	1	1	1/4		1/4	1		2	74		515
57	57	0	0	3/4	2	1	1/4		1/4	1		-2	58		519
57	57	0	0	3/4	1	1	1/4		1/4	1		2	74		516
57	57	1/4	1/4	3/4	2	1	1/4		1/4	1		2	62		520
57	57	1/4	1/4	3/4	1	1	1/4		1/4	1		-1	77		517
57	57	1/2	1/2	3/4	2	1	1/4		1/4	1		0	60		521
57	57	1/2	1/2	3/4	1	1	1/4		1/4	1		-3	75		518
58	58	0	0	3/4	2	1	1/4		1/4	1		0	60		525
58	58	0	0	3/4	1	1	1/4		1/4	1		-3	75		522
58	58	1/4	1/4	3/4	2	1	1/4		1/4	1		-3	63		526
58	58	1/4	1/4	3/4	1	1	1/4		1/4	1		1	79		523
58	58	1/2	1/2	3/4	2	1	1/4		1/4	1		2	62		527
58	58	1/2	1/2	3/4	1	1	1/4		1/4	1		-1	77		524
59	59	0	0	3/4	2	2	1/4		1/4	1		-2	58		537
59	59	0	0	3/4	2	1	1/4		1/4	1		2	62		535
59	59	0	0	3/4	1	1	1/4		1/4	1		-1	65		528
59	59	0	0	3/4	1	1	1/4		1/4	1		-2	70		528
59	59	0	0	3/4	1	1	1/4		1/4	1		2	74		528
59	59	0	0	3/4	1	1	1/4		1/4	1		-1	77		528
59	59	1/4	1/4	3/4	1	1	1/12		1/8	2/3		-1	65		529
59	59	1/3	1/3	3/4	1	1	1/12		1/8	2/3		-2	70		530
59	59	5/12	5/12	3/4	1	1	1/12		1/8	2/3		2	74		531
59	59	1/2	1/2	3/4	2	1	1/4		1/4	1		-1	53		536
59	59	1/2	1/2	3/4	1	1	1/12		1/8	2/3		3	69		532
59	59	7/12	7/12	3/4	1	1	1/12		1/8	2/3		0	72		533
59	59	2/3	2/3	3/4	1	1	1/12		1/8	2/3		-3	75		534
60	60	0	0	3/4	1	1	0	grace4	1/4	1		-3	75		538
60	60	0	0	3/4	2	1	1/4		1/4	1		-2	46		541
60	60	0	0	3/4	1	1	1/2		1/2	1		2	74		539
60	60	1/4	1/4	3/4	2	1	1/4		1/4	1		2	50		542
60	60	1/2	1/2	3/4	2	1	1/4		1/4	1		-1	53		543
60	60	1/2	1/2	3/4	1	1	1/4		1/4	1		0	72		540
61	61	0	0	3/4	2	1	1/4		1/4	1		-2	46		551
61	61	0	0	3/4	1	1	1/4		1/4	1		-1	65		544
61	61	0	0	3/4	1	1	1/4		1/4	1		-2	70		544
61	61	0	0	3/4	1	1	1/4		1/4	1		2	74		544
61	61	0	0	3/4	1	1	1/4		1/4	1		-1	77		544
61	61	1/4	1/4	3/4	2	1	1/4		1/4	1		2	50		552
61	61	1/4	1/4	3/4	1	1	1/12		1/8	2/3		-1	65		545
61	61	1/3	1/3	3/4	1	1	1/12		1/8	2/3		-2	70		546
61	61	5/12	5/12	3/4	1	1	1/12		1/8	2/3		2	74		547
61	61	1/2	1/2	3/4	2	1	1/4		1/4	1		-1	53		553
61	61	1/2	1/2	3/4	1	1	1/12		1/8	2/3		3	69		548
61	61	7/12	7/12	3/4	1	1	1/12		1/8	2/3		0	72		549
61	61	2/3	2/3	3/4	1	1	1/12		1/8	2/3		-3	75		550
62	62	0	0	3/4	1	1	0	grace4	1/4	1		-3	75		554
62	62	0	0	3/4	2	1	1/4		1/4	1		-2	46		557
62	62	0	0	3/4	1	1	1/2		1/2	1		2	74		555
62	62	1/4	1/4	3/4	2	1	1/4		1/4	1		2	50		558
62	62	1/2	1/2	3/4	2	1	1/4		1/4	1		-1	53		559
62	62	1/2	1/2	3/4	1	1	1/4		1/4	1		0	72		556
63	63	0	0	3/4	2	1	1/2		1/2	1		1	55		567
63	63	0	0	3/4	1	1	1/12		1/8	2/3		-3	75		560
63	63	1/12	1/12	3/4	1	1	1/12		1/8	2/3		-1	77		561
63	63	1/6	1/6	3/4	1	1	1/12		1/8	2/3		1	79		562
63	63	1/4	1/4	3/4	1	1	1/12		1/8	2/3		1	79		563
63	63	1/3	1/3	3/4	1	1	1/12		1/8	2/3		-1	77		564
63	63	5/12	5/12	3/4	1	1	1/12		1/8	2/3		-3	75		565
63	63	1/2	1/2	3/4	2	1	1/4		1/4	1		-1	53		568
63	63	1/2	1/2	3/4	1	1	1/8		1/8	1		2	74		566
64	64	0	0	3/4	2	1	1/2		1/2	1		-3	51		576
64	64	0	0	3/4	1	1	1/12		1/8	2/3		0	72		569
64	64	1/12	1/12	3/4	1	1	1/12		1/8	2/3		2	74		570
64	64	1/6	1/6	3/4	1	1	1/12		1/8	2/3		-3	75		571
64	64	1/4	1/4	3/4	1	1	1/12		1/8	2/3		-3	75		572
64	64	1/3	1/3	3/4	1	1	1/12		1/8	2/3		2	74		573
64	64	5/12	5/12	3/4	1	1	1/12		1/8	2/3		0	72		574
64	64	1/2	1/2	3/4	2	1	1/4		1/4	1		2	50		577
64	64	1/2	1/2	3/4	1	1	1/8		1/8	1		-2	70		575
65	65	0	0	3/4	1	1	0	grace16	1/16	1		3	81		578
65	65	0	0	3/4	2	1	1/4		1/4	1		-3	51		586
65	65	0	0	3/4	1	1	1/8		1/8	1		1	79		579
65	65	1/8	1/8	3/4	1	1	1/16		1/16	1		-1	77		580
65	65	3/16	3/16	3/4	1	1	1/16		1/16	1		-3	75		581
65	65	1/4	1/4	3/4	2	1	1/4		1/4	1		-1	53		587
65	65	1/4	1/4	3/4	1	2	1/4		1/4	1		-2	70		584
65	65	1/4	1/4	3/4	1	1	1/4		1/4	1		2	74		582
65	65	1/2	1/2	3/4	2	1	1/4		1/4	1		-1	41		588
65	65	1/2	1/2	3/4	1	2	1/4		1/4	1		3	69		585
65	65	1/2	1/2	3/4	1	1	1/4		1/4	1		0	72		583
66	66	0	0	3/4	2	1	1/4		1/4	1		-2	46		595
66	66	0	0	3/4	1	1	1/4		1/4	1		-2	70		589
66	66	1/4	1/4	3/4	2	1	1/4		1/4	1		-2	58		596
66	66	1/3	1/3	3/4	1	1	1/12		1/8	2/3		-2	70		590
66	66	5/12	5/12	3/4	1	1	1/12		1/8	2/3		2	74		591
66	66	1/2	1/2	3/4	1	1	1/12		1/8	2/3		-1	77		592
66	66	7/12	7/12	3/4	1	1	1/12		1/8	2/3		2	74		593
66	66	2/3	2/3	3/4	1	1	1/12		1/8	2/3		-2	70		594
67	67	0	0	3/4	2	1	1/4		1/4	1		-2	46		606
67	67	0	0	3/4	1	2	1/4		1/4	1		2	62		605
67	67	0	0	3/4	1	1	1/4		1/4	1	1	-1	65		597
67	67	1/4	1/4	3/4	2	1	1/4		1/4	1		2	50		607
67	67	1/4	1/4	3/4	1	1	1/12		1/8	2/3	-1	-1	65		598
67	67	1/3	1/3	3/4	1	1	1/12		1/8	2/3		1	67		599
67	67	5/12	5/12	3/4	1	1	1/12		1/8	2/3		-1	65		600
67	67	1/2	1/2	3/4	1	1	0	grace16	1/16	2/3		-1	65		601
67	67	1/2	1/2	3/4	2	1	1/4		1/4	1		-1	53		608
67	67	1/2	1/2	3/4	1	1	1/12		1/8	2/3		-3	63		602
67	67	7/12	7/12	3/4	1	1	1/12		1/8	2/3		2	62		603
67	67	2/3	2/3	3/4	1	1	1/12		1/8	2/3		-3	63		604
68	68	0	0	3/4	2	1	1/4		1/4	1		-2	58		615
68	68	0	0	3/4	1	1	1/4		1/4	1		2	62		609
68	68	1/4	1/4	3/4	2	1	1/4		1/4	1		-2	46		616
68	68	1/3	1/3	3/4	1	1	1/12		1/8	2/3		2	74		610
68	68	5/12	5/12	3/4	1	1	1/12		1/8	2/3		-1	77		611
68	68	1/2	1/2	3/4	1	1	1/12		1/8	2/3		-2	82		612
68	68	7/12	7/12	3/4	1	1	1/12		1/8	2/3		-1	77		613
68	68	2/3	2/3	3/4	1	1	1/12		1/8	2/3		2	74		614
69	69	0	0	3/4	2	1	1/4		1/4	1		-3	51		626
69	69	0	0	3/4	1	1	1/12		1/8	2/3		1	79		617
69	69	1/12	1/12	3/4	1	1	1/12		1/8	2/3		-3	75		618
69	69	1/6	1/6	3/4	1	1	1/12		1/8	2/3		0	72		619
69	69	1/4	1/4	3/4	2	1	1/4		1/4	1		-1	53		627
69	69	1/4	1/4	3/4	1	1	1/12		1/8	2/3		-1	77		620
69	69	1/3	1/3	3/4	1	1	1/12		1/8	2/3		2	74		621
69	69	5/12	5/12	3/4	1	1	1/12		1/8	2/3		-2	70		622
69	69	1/2	1/2	3/4	2	1	1/4		1/4	1		-1	41		628
69	69	1/2	1/2	3/4	1	1	1/12		1/8	2/3		-3	75		623
69	69	7/12	7/12	3/4	1	1	1/12		1/8	2/3		0	72		624
69	69	2/3	2/3	3/4	1	1	1/12		1/8	2/3		3	69		625
70	70	0	0	3/4	2	1	1/4		1/4	1		-2	46		635
70	70	0	0	3/4	1	1	1/4		1/4	1		-2	70		629
70	70	1/4	1/4	3/4	2	1	1/4		1/4	1		-2	58		636
70	70	1/3	1/3	3/4	1	1	1/12		1/8	2/3		-2	70		630
70	70	5/12	5/12	3/4	1	1	1/12		1/8	2/3		2	74		631
70	70	1/2	1/2	3/4	1	1	1/12		1/8	2/3		-1	77		632
70	70	7/12	7/12	3/4	1	1	1/12		1/8	2/3		2	74		633
70	70	2/3	2/3	3/4	1	1	1/12		1/8	2/3		-2	70		634
71	71	0	0	3/4	2	1	1/4		1/4	1		-2	46		646
71	71	0	0	3/4	1	2	1/4		1/4	1		2	62		645
71	71	0	0	3/4	1	1	1/4		1/4	1	1	-1	65		637
71	71	1/4	1/4	3/4	2	1	1/4		1/4	1		2	50		647
71	71	1/4	1/4	3/4	1	1	1/12		1/8	2/3	-1	-1	65		638
71	71	1/3	1/3	3/4	1	1	1/12		1/8	2/3		1	67		639
71	71	5/12	5/12	3/4	1	1	1/12		1/8	2/3		-1	65		640
71	71	1/2	1/2	3/4	1	1	0	grace16	1/16	2/3		-1	65		641
71	71	1/2	1/2	3/4	2	1	1/4		1/4	1		-1	53		648
71	71	1/2	1/2	3/4	1	1	1/12		1/8	2/3		-3	63		642
71	71	7/12	7/12	3/4	1	1	1/12		1/8	2/3		2	62		643
71	71	2/3	2/3	3/4	1	1	1/12		1/8	2/3		-3	63		644
72	72	0	0	3/4	2	1	1/4		1/4	1		-2	58		655
72	72	0	0	3/4	1	1	1/4		1/4	1		2	62		649
72	72	1/4	1/4	3/4	2	1	1/4		1/4	1		-2	46		656
72	72	1/3	1/3	3/4	1	1	1/12		1/8	2/3		2	74		650
72	72	5/12	5/12	3/4	1	1	1/12		1/8	2/3		-1	77		651
72	72	1/2	1/2	3/4	1	1	1/12		1/8	2/3		-2	82		652
72	72	7/12	7/12	3/4	1	1	1/12		1/8	2/3		-1	77		653
72	72	2/3	2/3	3/4	1	1	1/12		1/8	2/3		2	74		654
73	73	0	0	3/4	2	1	1/4		1/4	1		-3	51		666
73	73	0	0	3/4	1	1	1/12		1/8	2/3		1	79		657
73	73	1/12	1/12	3/4	1	1	1/12		1/8	2/3		-3	75		658
73	73	1/6	1/6	3/4	1	1	1/12		1/8	2/3		0	72		659
73	73	1/4	1/4	3/4	2	1	1/4		1/4	1		-1	53		667
73	73	1/4	1/4	3/4	1	1	1/12		1/8	2/3		-1	77		660
73	73	1/3	1/3	3/4	1	1	1/12		1/8	2/3		2	74		661
73	73	5/12	5/12	3/4	1	1	1/12		1/8	2/3		-2	70		662
73	73	1/2	1/2	3/4	2	2	1/4		1/4	1		-1	41		669
73	73	1/2	1/2	3/4	2	1	1/4		1/4	1		-3	51		668
73	73	1/2	1/2	3/4	1	1	1/12		1/8	2/3		-3	75		663
73	73	7/12	7/12	3/4	1	1	1/12		1/8	2/3		0	72		664
73	73	2/3	2/3	3/4	1	1	1/12		1/8	2/3		3	69		665
74	74	0	0	3/4	2	2	1/2		1/2	1		-2	46		674
74	74	0	0	3/4	2	1	1/2		1/2	1		-3	51		672
74	74	0	0	3/4	1	1	1/2		1/2	1		3	69		670
74	74	1/2	1/2	3/4	2	1	1/4		1/4	1		2	50		673
74	74	1/2	1/2	3/4	1	1	1/4		1/4	1		-2	70		671
