mc	mn	quarterbeats	duration_qb	mc_onset	mn_onset	timesig	staff	voice	duration	gracenote	nominal_duration	scalar	tied	tpc	midi	name	octave	chord_id
1	0	0	0.5	0	3/8	2/4	1	1	1/8		1/8	1		1	67	G4	4	0
2	1	1/2	0.25	0	0	2/4	2	1	1/16		1/16	1		1	55	G3	3	5
2	1	1/2	0.75	0	0	2/4	1	1	3/16		1/8	3/2		2	74	D5	5	1
2	1	3/4	0.25	1/16	1/16	2/4	2	1	1/16		1/16	1		5	59	B3	3	6
2	1	1	0.25	1/8	1/8	2/4	2	1	1/16		1/16	1		2	62	D4	4	7
2	1	5/4	0.25	3/16	3/16	2/4	2	1	1/16		1/16	1		1	55	G3	3	8
2	1	5/4	0.25	3/16	3/16	2/4	1	1	1/16		1/16	1		4	76	E5	5	2
2	1	3/2	0.25	1/4	1/4	2/4	2	1	1/16		1/16	1		6	54	F#3	3	9
2	1	3/2	0.5	1/4	1/4	2/4	1	1	1/8		1/8	1		2	74	D5	5	3
2	1	7/4	0.25	5/16	5/16	2/4	2	1	1/16		1/16	1		3	57	A3	3	10
2	1	2	0.25	3/8	3/8	2/4	2	1	1/16		1/16	1		2	62	D4	4	11
2	1	2	0.5	3/8	3/8	2/4	1	1	1/8		1/8	1		2	74	D5	5	4
2	1	9/4	0.25	7/16	7/16	2/4	2	1	1/16		1/16	1		6	54	F#3	3	12
3	2	5/2	0.25	0	0	2/4	2	1	1/16		1/16	1		4	52	E3	3	17
3	2	5/2	0.75	0	0	2/4	1	1	3/16		1/8	3/2		4	76	E5	5	13
3	2	11/4	0.25	1/16	1/16	2/4	2	1	1/16		1/16	1		1	55	G3	3	18
3	2	3	0.25	1/8	1/8	2/4	2	1	1/16		1/16	1		5	59	B3	3	19
3	2	13/4	0.25	3/16	3/16	2/4	2	1	1/16		1/16	1		4	52	E3	3	20
3	2	13/4	0.25	3/16	3/16	2/4	1	1	1/16		1/16	1		6	78	F#5	5	14
3	2	7/2	0.25	1/4	1/4	2/4	2	1	1/16		1/16	1		0	48	C3	3	21
3	2	7/2	0.5	1/4	1/4	2/4	1	1	1/8		1/8	1		1	79	G5	5	15
3	2	15/4	0.25	5/16	5/16	2/4	2	1	1/16		1/16	1		4	52	E3	3	22
3	2	4	0.25	3/8	3/8	2/4	2	1	1/16		1/16	1		1	55	G3	3	23
3	2	17/4	0.25	7/16	7/16	2/4	2	1	1/16		1/16	1		4	52	E3	3	24
3	2	17/4	0.25	7/16	7/16	2/4	1	1	1/16		1/16	1		4	76	E5	5	16
4	3	9/2	0.5	0	0	2/4	2	1	1/8		1/8	1		5	47	B2	2	33
4	3	9/2	0.25	0	0	2/4	1	1	1/16		1/16	1		4	76	E5	5	25
4	3	19/4	0.25	1/16	1/16	2/4	1	1	1/16		1/16	1		2	74	D5	5	26
4	3	5	0.5	1/8	1/8	2/4	2	1	1/8		1/8	1		4	52	E3	3	34
4	3	5	0.25	1/8	1/8	2/4	1	1	1/16		1/16	1		0	72	C5	5	27
4	3	21/4	0.25	3/16	3/16	2/4	1	1	1/16		1/16	1		5	71	B4	4	28
4	3	11/2	0.5	1/4	1/4	2/4	2	1	1/8		1/8	1		0	48	C3	3	35
4	3	11/2	0.25	1/4	1/4	2/4	1	1	1/16		1/16	1		5	71	B4	4	29
4	3	23/4	0.25	5/16	5/16	2/4	1	1	1/16		1/16	1		3	69	A4	4	30
4	3	6	0.5	3/8	3/8	2/4	2	1	1/8		1/8	1		2	50	D3	3	36
4	3	6	0.25	3/8	3/8	2/4	1	1	1/16		1/16	1		1	67	G4	4	31
4	3	25/4	0.25	7/16	7/16	2/4	1	1	1/16		1/16	1		6	66	F#4	4	32
5	4	13/2	0.0	0	0	2/4	1	1	0	appoggiatura	1/8	1		6	66	F#4	4	37
5	4	13/2	0.5	0	0	2/4	1	1	1/8		1/8	1		1	67	G4	4	38
5	4	7	0.5	1/8	1/8	2/4	2	1	1/8		1/8	1		1	55	G3	3	41
5	4	7	0.5	1/8	1/8	2/4	1	1	1/8		1/8	1		2	62	D4	4	39
5	4	15/2	0.5	1/4	1/4	2/4	2	1	1/8		1/8	1		5	59	B3	3	42
5	4	8	0.5	3/8	3/8	2/4	2	1	1/8		1/8	1		1	55	G3	3	43
5	4	8	0.5	3/8	3/8	2/4	2	2	1/8		1/8	1		5	59	B3	3	44
5	4	8	0.5	3/8	3/8	2/4	1	1	1/8		1/8	1		2	62	D4	4	40
6	5	17/2	0.5	0	0	2/4	2	2	1/8		1/8	1		1	55	G3	3	59
6	5	17/2	0.5	0	0	2/4	2	1	1/8		1/8	1		0	60	C4	4	55
6	5	17/2	0.16666666666666666	0	0	2/4	1	1	1/24		1/16	2/3		4	64	E4	4	45
6	5	26/3	0.16666666666666666	1/24	1/24	2/4	1	1	1/24		1/16	2/3		1	67	G4	4	46
6	5	53/6	0.16666666666666666	1/12	1/12	2/4	1	1	1/24		1/16	2/3		0	72	C5	5	47
6	5	9	0.5	1/8	1/8	2/4	2	2	1/8		1/8	1		1	55	G3	3	60
6	5	9	0.5	1/8	1/8	2/4	2	1	1/8		1/8	1		0	60	C4	4	56
6	5	9	0.5	1/8	1/8	2/4	1	1	1/8		1/8	1	1	0	72	C5	5	48
6	5	19/2	0.5	1/4	1/4	2/4	2	2	1/8		1/8	1		1	55	G3	3	61
6	5	19/2	0.5	1/4	1/4	2/4	2	1	1/8		1/8	1		0	60	C4	4	57
6	5	19/2	0.16666666666666666	1/4	1/4	2/4	1	1	1/24		1/16	2/3	-1	0	72	C5	5	49
6	5	29/3	0.16666666666666666	7/24	7/24	2/4	1	1	1/24		1/16	2/3		5	71	B4	4	50
6	5	59/6	0.16666666666666666	1/3	1/3	2/4	1	1	1/24		1/16	2/3		0	72	C5	5	51
6	5	10	0.5	3/8	3/8	2/4	2	2	1/8		1/8	1		1	55	G3	3	62
6	5	10	0.5	3/8	3/8	2/4	2	1	1/8		1/8	1		0	60	C4	4	58
6	5	10	0.16666666666666666	3/8	3/8	2/4	1	1	1/24		1/16	2/3		4	76	E5	5	52
6	5	61/6	0.16666666666666666	5/12	5/12	2/4	1	1	1/24		1/16	2/3		0	72	C5	5	53
6	5	31/3	0.16666666666666666	11/24	11/24	2/4	1	1	1/24		1/16	2/3		1	79	G5	5	54
7	6	21/2	0.5	0	0	2/4	2	2	1/8		1/8	1		1	55	G3	3	72
7	6	21/2	0.5	0	0	2/4	2	1	1/8		1/8	1		5	59	B3	3	68
7	6	21/2	0.75	0	0	2/4	1	1	3/16		1/8	3/2		1	79	G5	5	63
7	6	11	0.5	1/8	1/8	2/4	2	2	1/8		1/8	1		1	55	G3	3	73
7	6	11	0.5	1/8	1/8	2/4	2	1	1/8		1/8	1		5	59	B3	3	69
7	6	45/4	0.125	3/16	3/16	2/4	1	1	1/32		1/32	1		6	78	F#5	5	64
7	6	91/8	0.125	7/32	7/32	2/4	1	1	1/32		1/32	1		4	76	E5	5	65
7	6	23/2	0.5	1/4	1/4	2/4	2	2	1/8		1/8	1		1	55	G3	3	74
7	6	23/2	0.5	1/4	1/4	2/4	2	1	1/8		1/8	1		5	59	B3	3	70
7	6	23/2	0.5	1/4	1/4	2/4	1	1	1/8		1/8	1		2	74	D5	5	66
7	6	12	0.5	3/8	3/8	2/4	2	2	1/8		1/8	1		1	55	G3	3	75
7	6	12	0.5	3/8	3/8	2/4	2	1	1/8		1/8	1		5	59	B3	3	71
7	6	49/4	0.25	7/16	7/16	2/4	1	1	1/16		1/16	1		2	86	D6	6	67
8	7	25/2	1.0	0	0	2/4	2	2	1/4		1/4	1		6	54	F#3	3	88
8	7	25/2	1.0	0	0	2/4	2	1	1/4		1/4	1		3	57	A3	3	86
8	7	25/2	0.16666666666666666	0	0	2/4	1	1	1/24		1/16	2/3		0	84	C6	6	76
8	7	38/3	0.16666666666666666	1/24	1/24	2/4	1	1	1/24		1/16	2/3		3	81	A5	5	77
8	7	77/6	0.16666666666666666	1/12	1/12	2/4	1	1	1/24		1/16	2/3		6	78	F#5	5	78
8	7	13	0.16666666666666666	1/8	1/8	2/4	1	1	1/24		1/16	2/3		2	74	D5	5	79
8	7	79/6	0.16666666666666666	1/6	1/6	2/4	1	1	1/24		1/16	2/3		6	78	F#5	5	80
8	7	40/3	0.16666666666666666	5/24	5/24	2/4	1	1	1/24		1/16	2/3		3	81	A5	5	81
8	7	27/2	0.5	1/4	1/4	2/4	1	2	1/8		1/8	1		3	69	A4	4	84
8	7	27/2	0.5	1/4	1/4	2/4	1	1	1/8		1/8	1		0	72	C5	5	82
8	7	14	0.5	3/8	3/8	2/4	2	1	1/8		1/8	1		1	55	G3	3	87
8	7	14	0.5	3/8	3/8	2/4	1	2	1/8		1/8	1		1	67	G4	4	85
8	7	14	0.5	3/8	3/8	2/4	1	1	1/8		1/8	1		5	71	B4	4	83
9	8	29/2	0.75	0	0	2/4	2	1	3/16		1/8	3/2		2	50	D3	3	93
9	8	29/2	0.5	0	0	2/4	1	2	1/8		1/8	1		1	67	G4	4	91
9	8	29/2	0.5	0	0	2/4	1	1	1/8		1/8	1		5	71	B4	4	89
9	8	15	0.5	1/8	1/8	2/4	1	2	1/8		1/8	1		6	66	F#4	4	92
9	8	15	0.5	1/8	1/8	2/4	1	1	1/8		1/8	1		3	69	A4	4	90
9	8	61/4	0.25	3/16	3/16	2/4	2	1	1/16		1/16	1		5	59	B3	3	94
9	8	31/2	0.25	1/4	1/4	2/4	2	1	1/16		1/16	1		3	57	A3	3	95
9	8	63/4	0.25	5/16	5/16	2/4	2	1	1/16		1/16	1		1	55	G3	3	96
9	8	16	0.25	3/8	3/8	2/4	2	1	1/16		1/16	1		6	54	F#3	3	97
9	8	65/4	0.25	7/16	7/16	2/4	2	1	1/16		1/16	1		4	52	E3	3	98
10	9	33/2	0.25	0	0	2/4	2	1	1/16		1/16	1		2	50	D3	3	104
10	9	33/2	0.75	0	0	2/4	1	1	3/16		1/8	3/2		6	78	F#5	5	99
10	9	67/4	0.25	1/16	1/16	2/4	2	1	1/16		1/16	1		6	54	F#3	3	105
10	9	17	0.25	1/8	1/8	2/4	2	1	1/16		1/16	1		3	57	A3	3	106
10	9	69/4	0.25	3/16	3/16	2/4	2	1	1/16		1/16	1		2	62	D4	4	107
10	9	69/4	0.125	3/16	3/16	2/4	1	1	1/32		1/32	1		1	79	G5	5	100
10	9	139/8	0.125	7/32	7/32	2/4	1	1	1/32		1/32	1		6	78	F#5	5	101
10	9	35/2	0.25	1/4	1/4	2/4	2	1	1/16		1/16	1		7	61	C#4	4	108
10	9	35/2	0.5	1/4	1/4	2/4	1	1	1/8		1/8	1		4	76	E5	5	102
10	9	71/4	0.25	5/16	5/16	2/4	2	1	1/16		1/16	1		4	64	E4	4	109
10	9	18	0.25	3/8	3/8	2/4	2	1	1/16		1/16	1		7	61	C#4	4	110
10	9	18	0.5	3/8	3/8	2/4	1	1	1/8		1/8	1		3	81	A5	5	103
10	9	73/4	0.25	7/16	7/16	2/4	2	1	1/16		1/16	1		3	57	A3	3	111
11	10	37/2	0.0	0	0	2/4	1	1	0	appoggiatura	1/8	1		1	79	G5	5	112
11	10	37/2	0.25	0	0	2/4	2	1	1/16		1/16	1		2	50	D3	3	116
11	10	37/2	1.0	0	0	2/4	1	1	1/4		1/4	1		6	78	F#5	5	113
11	10	75/4	0.25	1/16	1/16	2/4	2	1	1/16		1/16	1		6	54	F#3	3	117
11	10	19	0.25	1/8	1/8	2/4	2	1	1/16		1/16	1		3	57	A3	3	118
11	10	77/4	0.25	3/16	3/16	2/4	2	1	1/16		1/16	1		2	62	D4	4	119
11	10	39/2	0.25	1/4	1/4	2/4	2	1	1/16		1/16	1		7	61	C#4	4	120
11	10	39/2	0.5	1/4	1/4	2/4	1	1	1/8		1/8	1		4	76	E5	5	114
11	10	79/4	0.25	5/16	5/16	2/4	2	1	1/16		1/16	1		4	64	E4	4	121
11	10	20	0.25	3/8	3/8	2/4	2	1	1/16		1/16	1		7	61	C#4	4	122
11	10	81/4	0.25	7/16	7/16	2/4	2	1	1/16		1/16	1		3	57	A3	3	123
11	10	81/4	0.25	7/16	7/16	2/4	1	1	1/16		1/16	1		6	78	F#5	5	115
12	11	41/2	0.25	0	0	2/4	2	1	1/16		1/16	1		5	59	B3	3	128
12	11	41/2	0.5	0	0	2/4	1	1	1/8		1/8	1		1	79	G5	5	124
12	11	83/4	0.25	1/16	1/16	2/4	2	1	1/16		1/16	1		2	62	D4	4	129
12	11	21	0.25	1/8	1/8	2/4	2	1	1/16		1/16	1		3	57	A3	3	130
12	11	21	0.5	1/8	1/8	2/4	1	1	1/8		1/8	1		6	78	F#5	5	125
12	11	85/4	0.25	3/16	3/16	2/4	2	1	1/16		1/16	1		7	61	C#4	4	131
12	11	43/2	0.25	1/4	1/4	2/4	2	1	1/16		1/16	1		1	55	G3	3	132
12	11	43/2	0.5	1/4	1/4	2/4	1	1	1/8		1/8	1		4	76	E5	5	126
12	11	87/4	0.25	5/16	5/16	2/4	2	1	1/16		1/16	1		5	59	B3	3	133
12	11	22	0.25	3/8	3/8	2/4	2	1	1/16		1/16	1		6	54	F#3	3	134
12	11	22	0.5	3/8	3/8	2/4	1	1	1/8		1/8	1		2	74	D5	5	127
12	11	89/4	0.25	7/16	7/16	2/4	2	1	1/16		1/16	1		3	57	A3	3	135
13	12	45/2	0.25	0	0	2/4	2	1	1/16		1/16	1		4	52	E3	3	142
13	12	45/2	0.5	0	0	2/4	1	1	1/8		1/8	1		7	73	C#5	5	136
13	12	91/4	0.25	1/16	1/16	2/4	2	1	1/16		1/16	1		1	55	G3	3	143
13	12	23	0.0	1/8	1/8	2/4	1	1	0	grace16	1/16	1		4	76	E5	5	137
13	12	23	0.25	1/8	1/8	2/4	2	1	1/16		1/16	1		2	50	D3	3	144
13	12	23	0.25	1/8	1/8	2/4	1	1	1/16		1/16	1		2	74	D5	5	138
13	12	93/4	0.25	3/16	3/16	2/4	2	1	1/16		1/16	1		6	54	F#3	3	145
13	12	93/4	0.125	3/16	3/16	2/4	1	1	1/32		1/32	1		7	73	C#5	5	139
13	12	187/8	0.125	7/32	7/32	2/4	1	1	1/32		1/32	1		2	74	D5	5	140
13	12	47/2	0.25	1/4	1/4	2/4	2	1	1/16		1/16	1		3	45	A2	2	146
13	12	47/2	0.5	1/4	1/4	2/4	1	1	1/8		1/8	1		4	76	E5	5	141
13	12	95/4	0.25	5/16	5/16	2/4	2	1	1/16		1/16	1		1	43	G2	2	147
13	12	24	0.25	3/8	3/8	2/4	2	1	1/16		1/16	1		6	42	F#2	2	148
13	12	97/4	0.25	7/16	7/16	2/4	2	1	1/16		1/16	1		4	40	E2	2	149
14	13	49/2	0.25	0	0	2/4	2	1	1/16		1/16	1		2	38	D2	2	155
14	13	49/2	0.75	0	0	2/4	1	1	3/16		1/8	3/2		6	66	F#4	4	150
14	13	99/4	0.25	1/16	1/16	2/4	2	1	1/16		1/16	1		6	42	F#2	2	156
14	13	25	0.25	1/8	1/8	2/4	2	1	1/16		1/16	1		3	45	A2	2	157
14	13	101/4	0.25	3/16	3/16	2/4	2	1	1/16		1/16	1		2	50	D3	3	158
14	13	101/4	0.125	3/16	3/16	2/4	1	1	1/32		1/32	1		1	67	G4	4	151
14	13	203/8	0.125	7/32	7/32	2/4	1	1	1/32		1/32	1		6	66	F#4	4	152
14	13	51/2	0.25	1/4	1/4	2/4	2	1	1/16		1/16	1		7	49	C#3	3	159
14	13	51/2	0.5	1/4	1/4	2/4	1	1	1/8		1/8	1		4	64	E4	4	153
14	13	103/4	0.25	5/16	5/16	2/4	2	1	1/16		1/16	1		4	52	E3	3	160
14	13	26	0.25	3/8	3/8	2/4	2	1	1/16		1/16	1		7	49	C#3	3	161
14	13	26	0.5	3/8	3/8	2/4	1	1	1/8		1/8	1		3	69	A4	4	154
14	13	105/4	0.25	7/16	7/16	2/4	2	1	1/16		1/16	1		3	45	A2	2	162
15	14	53/2	0.0	0	0	2/4	1	1	0	appoggiatura	1/8	1		1	67	G4	4	163
15	14	53/2	0.25	0	0	2/4	2	1	1/16		1/16	1		2	38	D2	2	167
15	14	53/2	1.0	0	0	2/4	1	1	1/4		1/4	1		6	66	F#4	4	164
15	14	107/4	0.25	1/16	1/16	2/4	2	1	1/16		1/16	1		6	42	F#2	2	168
15	14	27	0.25	1/8	1/8	2/4	2	1	1/16		1/16	1		3	45	A2	2	169
15	14	109/4	0.25	3/16	3/16	2/4	2	1	1/16		1/16	1		2	50	D3	3	170
15	14	55/2	0.25	1/4	1/4	2/4	2	1	1/16		1/16	1		7	49	C#3	3	171
15	14	55/2	0.5	1/4	1/4	2/4	1	1	1/8		1/8	1		4	64	E4	4	165
15	14	111/4	0.25	5/16	5/16	2/4	2	1	1/16		1/16	1		4	52	E3	3	172
15	14	28	0.25	3/8	3/8	2/4	2	1	1/16		1/16	1		7	49	C#3	3	173
15	14	113/4	0.25	7/16	7/16	2/4	2	1	1/16		1/16	1		3	45	A2	2	174
15	14	113/4	0.25	7/16	7/16	2/4	1	1	1/16		1/16	1		6	66	F#4	4	166
16	15	57/2	0.25	0	0	2/4	2	1	1/16		1/16	1		5	47	B2	2	179
16	15	57/2	0.5	0	0	2/4	1	1	1/8		1/8	1		1	67	G4	4	175
16	15	115/4	0.25	1/16	1/16	2/4	2	1	1/16		1/16	1		2	50	D3	3	180
16	15	29	0.25	1/8	1/8	2/4	2	1	1/16		1/16	1		3	45	A2	2	181
16	15	29	0.5	1/8	1/8	2/4	1	1	1/8		1/8	1		6	66	F#4	4	176
16	15	117/4	0.25	3/16	3/16	2/4	2	1	1/16		1/16	1		2	50	D3	3	182
16	15	59/2	0.25	1/4	1/4	2/4	2	1	1/16		1/16	1		1	43	G2	2	183
16	15	59/2	0.5	1/4	1/4	2/4	1	1	1/8		1/8	1		5	71	B4	4	177
16	15	119/4	0.25	5/16	5/16	2/4	2	1	1/16		1/16	1		2	50	D3	3	184
16	15	30	0.25	3/8	3/8	2/4	2	1	1/16		1/16	1		6	42	F#2	2	185
16	15	30	0.5	3/8	3/8	2/4	1	1	1/8		1/8	1		3	69	A4	4	178
16	15	121/4	0.25	7/16	7/16	2/4	2	1	1/16		1/16	1		2	50	D3	3	186
17	16	61/2	0.25	0	0	2/4	2	1	1/16		1/16	1		4	40	E2	2	195
17	16	61/2	0.25	0	0	2/4	1	1	1/16		1/16	1		7	73	C#5	5	187
17	16	123/4	0.25	1/16	1/16	2/4	2	1	1/16		1/16	1		4	52	E3	3	196
17	16	123/4	0.25	1/16	1/16	2/4	1	1	1/16		1/16	1		2	74	D5	5	188
17	16	31	0.0	1/8	1/8	2/4	1	1	0	grace16	1/16	1		4	76	E5	5	189
17	16	31	0.25	1/8	1/8	2/4	2	1	1/16		1/16	1		2	38	D2	2	197
17	16	31	0.25	1/8	1/8	2/4	1	1	1/16		1/16	1		2	74	D5	5	190
17	16	125/4	0.25	3/16	3/16	2/4	2	1	1/16		1/16	1		2	50	D3	3	198
17	16	125/4	0.125	3/16	3/16	2/4	1	1	1/32		1/32	1		7	73	C#5	5	191
17	16	251/8	0.125	7/32	7/32	2/4	1	1	1/32		1/32	1		2	74	D5	5	192
17	16	63/2	0.25	1/4	1/4	2/4	2	1	1/16		1/16	1		7	37	C#2	2	199
17	16	63/2	0.5	1/4	1/4	2/4	1	1	1/8		1/8	1		4	76	E5	5	193
17	16	127/4	0.25	5/16	5/16	2/4	2	1	1/16		1/16	1		0	48	C3	3	200
17	16	32	0.25	3/8	3/8	2/4	2	1	1/16		1/16	1		3	33	A1	1	201
17	16	129/4	0.25	7/16	7/16	2/4	2	1	1/16		1/16	1		3	45	A2	2	202
17	16	129/4	0.25	7/16	7/16	2/4	1	1	1/16		1/16	1		1	79	G5	5	194
18	17	65/2	1.0	0	0	2/4	2	1	1/4		1/4	1		2	38	D2	2	215
18	17	65/2	1.0	0	0	2/4	2	1	1/4		1/4	1		2	50	D3	3	215
18	17	65/2	0.16666666666666666	0	0	2/4	1	1	1/24		1/16	2/3		6	78	F#5	5	203
18	17	98/3	0.16666666666666666	1/24	1/24	2/4	1	1	1/24		1/16	2/3		2	74	D5	5	204
18	17	197/6	0.16666666666666666	1/12	1/12	2/4	1	1	1/24		1/16	2/3		3	81	A5	5	205
18	17	33	0.16666666666666666	1/8	1/8	2/4	1	1	1/24		1/16	2/3		3	81	A5	5	206
18	17	199/6	0.16666666666666666	1/6	1/6	2/4	1	1	1/24		1/16	2/3		6	78	F#5	5	207
18	17	100/3	0.16666666666666666	5/24	5/24	2/4	1	1	1/24		1/16	2/3		2	86	D6	6	208
18	17	67/2	0.16666666666666666	1/4	1/4	2/4	1	1	1/24		1/16	2/3		2	86	D6	6	209
18	17	101/3	0.16666666666666666	7/24	7/24	2/4	1	1	1/24		1/16	2/3		7	85	C#6	6	210
18	17	203/6	0.16666666666666666	1/3	1/3	2/4	1	1	1/24		1/16	2/3		5	83	B5	5	211
18	17	34	0.16666666666666666	3/8	3/8	2/4	1	1	1/24		1/16	2/3		3	81	A5	5	212
18	17	205/6	0.16666666666666666	5/12	5/12	2/4	1	1	1/24		1/16	2/3		3	81	A5	5	213
18	17	103/3	0.16666666666666666	11/24	11/24	2/4	1	1	1/24		1/16	2/3		3	81	A5	5	214
19	18	69/2	1.0	0	0	2/4	2	1	1/4		1/4	1		2	38	D2	2	225
19	18	69/2	1.0	0	0	2/4	2	1	1/4		1/4	1		2	50	D3	3	225
19	18	69/2	0.75	0	0	2/4	1	2	3/16		1/8	3/2		6	78	F#5	5	222
19	18	69/2	0.75	0	0	2/4	1	1	3/16		1/8	3/2		3	81	A5	5	216
19	18	141/4	0.25	3/16	3/16	2/4	1	2	1/16		1/16	1		4	76	E5	5	223
19	18	141/4	0.25	3/16	3/16	2/4	1	1	1/16		1/16	1		1	79	G5	5	217
19	18	71/2	0.5	1/4	1/4	2/4	1	2	1/8		1/8	1		2	74	D5	5	224
19	18	71/2	0.5	1/4	1/4	2/4	1	1	1/8		1/8	1		6	78	F#5	5	218
19	18	36	0.5	3/8	3/8	2/4	2	1	1/8		1/8	1		6	54	F#3	3	226
19	18	36	0.16666666666666666	3/8	3/8	2/4	1	1	1/24		1/16	2/3		3	81	A5	5	219
19	18	217/6	0.16666666666666666	5/12	5/12	2/4	1	1	1/24		1/16	2/3		6	78	F#5	5	220
19	18	109/3	0.16666666666666666	11/24	11/24	2/4	1	1	1/24		1/16	2/3		2	74	D5	5	221
20	19	73/2	0.5	0	0	2/4	2	1	1/8		1/8	1		1	55	G3	3	235
20	19	73/2	0.25	0	0	2/4	1	1	1/16		1/16	1		7	73	C#5	5	227
20	19	147/4	0.25	1/16	1/16	2/4	1	1	1/16		1/16	1		5	71	B4	4	228
20	19	37	0.0	1/8	1/8	2/4	1	1	0	grace16	1/16	1		3	81	A5	5	229
20	19	37	0.5	1/8	1/8	2/4	2	1	1/8		1/8	1		4	52	E3	3	236
20	19	37	0.25	1/8	1/8	2/4	1	1	1/16		1/16	1		1	79	G5	5	230
20	19	149/4	0.125	3/16	3/16	2/4	1	1	1/32		1/32	1		6	78	F#5	5	231
20	19	299/8	0.125	7/32	7/32	2/4	1	1	1/32		1/32	1		4	76	E5	5	232
20	19	75/2	0.5	1/4	1/4	2/4	2	1	1/8		1/8	1		3	57	A3	3	237
20	19	75/2	0.5	1/4	1/4	2/4	1	1	1/8		1/8	1		2	74	D5	5	233
20	19	38	0.5	3/8	3/8	2/4	2	1	1/8		1/8	1		3	45	A2	2	238
20	19	38	0.5	3/8	3/8	2/4	1	1	1/8		1/8	1		7	73	C#5	5	234
21	20	77/2	1.0	0	0	2/4	2	1	1/4		1/4	1		2	50	D3	3	251
21	20	77/2	0.16666666666666666	0	0	2/4	1	1	1/24		1/16	2/3		6	78	F#5	5	239
21	20	116/3	0.16666666666666666	1/24	1/24	2/4	1	1	1/24		1/16	2/3		2	74	D5	5	240
21	20	233/6	0.16666666666666666	1/12	1/12	2/4	1	1	1/24		1/16	2/3		3	81	A5	5	241
21	20	39	0.16666666666666666	1/8	1/8	2/4	1	1	1/24		1/16	2/3		3	81	A5	5	242
21	20	235/6	0.16666666666666666	1/6	1/6	2/4	1	1	1/24		1/16	2/3		6	78	F#5	5	243
21	20	118/3	0.16666666666666666	5/24	5/24	2/4	1	1	1/24		1/16	2/3		2	86	D6	6	244
21	20	79/2	0.16666666666666666	1/4	1/4	2/4	1	1	1/24		1/16	2/3		2	86	D6	6	245
21	20	119/3	0.16666666666666666	7/24	7/24	2/4	1	1	1/24		1/16	2/3		7	85	C#6	6	246
21	20	239/6	0.16666666666666666	1/3	1/3	2/4	1	1	1/24		1/16	2/3		5	83	B5	5	247
21	20	40	0.16666666666666666	3/8	3/8	2/4	1	1	1/24		1/16	2/3		3	81	A5	5	248
21	20	241/6	0.16666666666666666	5/12	5/12	2/4	1	1	1/24		1/16	2/3		3	81	A5	5	249
21	20	121/3	0.16666666666666666	11/24	11/24	2/4	1	1	1/24		1/16	2/3		3	81	A5	5	250
22	21	81/2	1.0	0	0	2/4	2	1	1/4		1/4	1		2	50	D3	3	258
22	21	81/2	1.0	0	0	2/4	2	1	1/4		1/4	1		6	54	F#3	3	258
22	21	81/2	1.0	0	0	2/4	2	1	1/4		1/4	1		3	57	A3	3	258
22	21	81/2	1.0	0	0	2/4	2	1	1/4		1/4	1		2	62	D4	4	258
22	21	81/2	0.75	0	0	2/4	1	1	3/16		1/8	3/2		2	74	D5	5	252
22	21	81/2	0.75	0	0	2/4	1	1	3/16		1/8	3/2		6	78	F#5	5	252
22	21	81/2	0.75	0	0	2/4	1	1	3/16		1/8	3/2		3	81	A5	5	252
22	21	165/4	0.25	3/16	3/16	2/4	1	1	1/16		1/16	1		4	76	E5	5	253
22	21	165/4	0.25	3/16	3/16	2/4	1	1	1/16		1/16	1		1	79	G5	5	253
22	21	83/2	0.5	1/4	1/4	2/4	1	1	1/8		1/8	1		2	74	D5	5	254
22	21	83/2	0.5	1/4	1/4	2/4	1	1	1/8		1/8	1		6	78	F#5	5	254
22	21	42	0.5	3/8	3/8	2/4	2	1	1/8		1/8	1		6	54	F#3	3	259
22	21	42	0.16666666666666666	3/8	3/8	2/4	1	1	1/24		1/16	2/3		3	81	A5	5	255
22	21	253/6	0.16666666666666666	5/12	5/12	2/4	1	1	1/24		1/16	2/3		6	78	F#5	5	256
22	21	127/3	0.16666666666666666	11/24	11/24	2/4	1	1	1/24		1/16	2/3		2	74	D5	5	257
23	22	85/2	0.5	0	0	2/4	2	1	1/8		1/8	1		1	55	G3	3	268
23	22	85/2	0.25	0	0	2/4	1	1	1/16		1/16	1		7	73	C#5	5	260
23	22	171/4	0.25	1/16	1/16	2/4	1	1	1/16		1/16	1		5	71	B4	4	261
23	22	43	0.0	1/8	1/8	2/4	1	1	0	grace16	1/16	1		3	81	A5	5	262
23	22	43	0.5	1/8	1/8	2/4	2	1	1/8		1/8	1		4	52	E3	3	269
23	22	43	0.25	1/8	1/8	2/4	1	1	1/16		1/16	1		1	79	G5	5	263
23	22	173/4	0.125	3/16	3/16	2/4	1	1	1/32		1/32	1		6	78	F#5	5	264
23	22	347/8	0.125	7/32	7/32	2/4	1	1	1/32		1/32	1		4	76	E5	5	265
23	22	87/2	0.5	1/4	1/4	2/4	2	1	1/8		1/8	1		3	57	A3	3	270
23	22	87/2	0.5	1/4	1/4	2/4	1	1	1/8		1/8	1		2	74	D5	5	266
23	22	44	0.5	3/8	3/8	2/4	2	1	1/8		1/8	1		3	45	A2	2	271
23	22	44	0.5	3/8	3/8	2/4	1	1	1/8		1/8	1		7	73	C#5	5	267
24	23	89/2	0.5	0	0	2/4	2	1	1/8		1/8	1		2	50	D3	3	276
24	23	89/2	1.0	0	0	2/4	1	2	1/4		1/4	1		1	67	G4	4	274
24	23	89/2	1.0	0	0	2/4	1	1	1/4		1/4	1		7	73	C#5	5	272
24	23	45	0.5	1/8	1/8	2/4	2	1	1/8		1/8	1		3	45	A2	2	277
24	23	91/2	0.5	1/4	1/4	2/4	2	1	1/8		1/8	1		2	38	D2	2	278
24	23	91/2	0.5	1/4	1/4	2/4	1	2	1/8		1/8	1		6	66	F#4	4	275
24	23	91/2	0.5	1/4	1/4	2/4	1	1	1/8		1/8	1		2	74	D5	5	273
25	23	46	0.5	0	3/8	2/4	1	1	1/8		1/8	1		2	74	D5	5	279
26	24	93/2	0.25	0	0	2/4	2	1	1/16		1/16	1		2	62	D4	4	284
26	24	93/2	0.75	0	0	2/4	1	1	3/16		1/8	3/2		3	81	A5	5	280
26	24	187/4	0.25	1/16	1/16	2/4	2	1	1/16		1/16	1		6	66	F#4	4	285
26	24	47	0.25	1/8	1/8	2/4	2	1	1/16		1/16	1		3	69	A4	4	286
26	24	189/4	0.25	3/16	3/16	2/4	2	1	1/16		1/16	1		2	62	D4	4	287
26	24	189/4	0.25	3/16	3/16	2/4	1	1	1/16		1/16	1		5	83	B5	5	281
26	24	95/2	0.25	1/4	1/4	2/4	2	1	1/16		1/16	1		7	61	C#4	4	288
26	24	95/2	0.5	1/4	1/4	2/4	1	1	1/8		1/8	1		3	81	A5	5	282
26	24	191/4	0.25	5/16	5/16	2/4	2	1	1/16		1/16	1		4	64	E4	4	289
26	24	48	0.25	3/8	3/8	2/4	2	1	1/16		1/16	1		3	69	A4	4	290
26	24	48	0.5	3/8	3/8	2/4	1	1	1/8		1/8	1		3	81	A5	5	283
26	24	193/4	0.25	7/16	7/16	2/4	2	1	1/16		1/16	1		7	61	C#4	4	291
27	25	97/2	0.25	0	0	2/4	2	1	1/16		1/16	1		5	59	B3	3	296
27	25	97/2	0.75	0	0	2/4	1	1	3/16		1/8	3/2		5	83	B5	5	292
27	25	195/4	0.25	1/16	1/16	2/4	2	1	1/16		1/16	1		2	62	D4	4	297
27	25	49	0.25	1/8	1/8	2/4	2	1	1/16		1/16	1		6	66	F#4	4	298
27	25	197/4	0.25	3/16	3/16	2/4	2	1	1/16		1/16	1		5	59	B3	3	299
27	25	197/4	0.25	3/16	3/16	2/4	1	1	1/16		1/16	1		0	84	C6	6	293
27	25	99/2	0.25	1/4	1/4	2/4	2	1	1/16		1/16	1		1	55	G3	3	300
27	25	99/2	0.5	1/4	1/4	2/4	1	1	1/8		1/8	1		2	86	D6	6	294
27	25	199/4	0.25	5/16	5/16	2/4	2	1	1/16		1/16	1		5	59	B3	3	301
27	25	50	0.25	3/8	3/8	2/4	2	1	1/16		1/16	1		2	62	D4	4	302
27	25	201/4	0.25	7/16	7/16	2/4	2	1	1/16		1/16	1		1	55	G3	3	303
27	25	201/4	0.25	7/16	7/16	2/4	1	1	1/16		1/16	1		5	83	B5	5	295
28	26	101/2	0.5	0	0	2/4	2	1	1/8		1/8	1		6	54	F#3	3	312
28	26	101/2	0.25	0	0	2/4	1	1	1/16		1/16	1		5	83	B5	5	304
28	26	203/4	0.25	1/16	1/16	2/4	1	1	1/16		1/16	1		3	81	A5	5	305
28	26	51	0.5	1/8	1/8	2/4	2	1	1/8		1/8	1		5	59	B3	3	313
28	26	51	0.25	1/8	1/8	2/4	1	1	1/16		1/16	1		1	79	G5	5	306
28	26	205/4	0.25	3/16	3/16	2/4	1	1	1/16		1/16	1		6	78	F#5	5	307
28	26	103/2	0.5	1/4	1/4	2/4	2	1	1/8		1/8	1		1	55	G3	3	314
28	26	103/2	0.25	1/4	1/4	2/4	1	1	1/16		1/16	1		6	78	F#5	5	308
28	26	207/4	0.25	5/16	5/16	2/4	1	1	1/16		1/16	1		4	76	E5	5	309
28	26	52	0.5	3/8	3/8	2/4	2	1	1/8		1/8	1		3	57	A3	3	315
28	26	52	0.25	3/8	3/8	2/4	1	1	1/16		1/16	1		2	74	D5	5	310
28	26	209/4	0.25	7/16	7/16	2/4	1	1	1/16		1/16	1		7	73	C#5	5	311
29	27	105/2	0.0	0	0	2/4	1	1	0	appoggiatura	1/8	1		0	72	C5	5	316
29	27	105/2	0.5	0	0	2/4	1	1	1/8		1/8	1		2	74	D5	5	317
29	27	53	0.5	1/8	1/8	2/4	2	1	1/8		1/8	1		2	50	D3	3	319
29	27	53	0.5	1/8	1/8	2/4	1	1	1/8		1/8	1		3	69	A4	4	318
29	27	107/2	0.5	1/4	1/4	2/4	2	1	1/8		1/8	1		-1	53	F3	3	320
29	27	54	0.5	3/8	3/8	2/4	2	1	1/8		1/8	1		2	50	D3	3	321
30	28	109/2	0.25	0	0	2/4	2	1	1/16		1/16	1		4	52	E3	3	328
30	28	109/2	0.5	0	0	2/4	1	2	1/8		1/8	1		5	71	B4	4	325
30	28	109/2	0.5	0	0	2/4	1	1	1/8		1/8	1		2	74	D5	5	322
30	28	109/2	0.5	0	0	2/4	1	1	1/8		1/8	1		8	80	G#5	5	322
30	28	219/4	0.25	1/16	1/16	2/4	2	1	1/16		1/16	1		4	64	E4	4	329
30	28	55	0.25	1/8	1/8	2/4	2	1	1/16		1/16	1		9	63	D#4	4	330
30	28	55	1.0	1/8	1/8	2/4	1	2	1/4		1/4	1		5	71	B4	4	326
30	28	55	1.0	1/8	1/8	2/4	1	1	1/4		1/4	1		2	74	D5	5	323
30	28	55	1.0	1/8	1/8	2/4	1	1	1/4		1/4	1		8	80	G#5	5	323
30	28	221/4	0.25	3/16	3/16	2/4	2	1	1/16		1/16	1		4	64	E4	4	331
30	28	111/2	0.25	1/4	1/4	2/4	2	1	1/16		1/16	1		4	52	E3	3	332
30	28	223/4	0.25	5/16	5/16	2/4	2	1	1/16		1/16	1		4	64	E4	4	333
30	28	56	0.25	3/8	3/8	2/4	2	1	1/16		1/16	1		9	63	D#4	4	334
30	28	56	0.5	3/8	3/8	2/4	1	2	1/8		1/8	1		0	72	C5	5	327
30	28	56	0.5	3/8	3/8	2/4	1	1	1/8		1/8	1		3	81	A5	5	324
30	28	225/4	0.25	7/16	7/16	2/4	2	1	1/16		1/16	1		4	64	E4	4	335
31	29	113/2	0.25	0	0	2/4	1	2	1/16		1/16	1		0	72	C5	5	344
31	29	113/2	0.25	0	0	2/4	1	1	1/16		1/16	1		4	76	E5	5	336
31	29	227/4	0.25	1/16	1/16	2/4	1	2	1/16		1/16	1		5	71	B4	4	345
31	29	227/4	0.25	1/16	1/16	2/4	1	1	1/16		1/16	1		2	74	D5	5	337
31	29	57	0.5	1/8	1/8	2/4	2	1	1/8		1/8	1		8	56	G#3	3	352
31	29	57	0.25	1/8	1/8	2/4	1	2	1/16		1/16	1		5	71	B4	4	346
31	29	57	0.25	1/8	1/8	2/4	1	1	1/16		1/16	1		2	74	D5	5	338
31	29	229/4	0.25	3/16	3/16	2/4	1	2	1/16		1/16	1		5	71	B4	4	347
31	29	229/4	0.25	3/16	3/16	2/4	1	1	1/16		1/16	1		2	74	D5	5	339
31	29	115/2	0.5	1/4	1/4	2/4	2	1	1/8		1/8	1		3	57	A3	3	353
31	29	115/2	0.25	1/4	1/4	2/4	1	2	1/16		1/16	1		5	71	B4	4	348
31	29	115/2	0.25	1/4	1/4	2/4	1	1	1/16		1/16	1		2	74	D5	5	340
31	29	231/4	0.25	5/16	5/16	2/4	1	2	1/16		1/16	1		3	69	A4	4	349
31	29	231/4	0.25	5/16	5/16	2/4	1	1	1/16		1/16	1		0	72	C5	5	341
31	29	58	0.5	3/8	3/8	2/4	2	1	1/8		1/8	1		3	45	A2	2	354
31	29	58	0.25	3/8	3/8	2/4	1	2	1/16		1/16	1		3	69	A4	4	350
31	29	58	0.25	3/8	3/8	2/4	1	1	1/16		1/16	1		0	72	C5	5	342
31	29	233/4	0.25	7/16	7/16	2/4	1	2	1/16		1/16	1		3	69	A4	4	351
31	29	233/4	0.25	7/16	7/16	2/4	1	1	1/16		1/16	1		0	72	C5	5	343
32	30	117/2	0.25	0	0	2/4	2	1	1/16		1/16	1		2	50	D3	3	361
32	30	117/2	0.5	0	0	2/4	1	2	1/8		1/8	1		3	69	A4	4	358
32	30	117/2	0.5	0	0	2/4	1	1	1/8		1/8	1		0	72	C5	5	355
32	30	117/2	0.5	0	0	2/4	1	1	1/8		1/8	1		6	78	F#5	5	355
32	30	235/4	0.25	1/16	1/16	2/4	2	1	1/16		1/16	1		2	62	D4	4	362
32	30	59	0.25	1/8	1/8	2/4	2	1	1/16		1/16	1		7	61	C#4	4	363
32	30	59	1.0	1/8	1/8	2/4	1	2	1/4		1/4	1		3	69	A4	4	359
32	30	59	1.0	1/8	1/8	2/4	1	1	1/4		1/4	1		0	72	C5	5	356
32	30	59	1.0	1/8	1/8	2/4	1	1	1/4		1/4	1		6	78	F#5	5	356
32	30	237/4	0.25	3/16	3/16	2/4	2	1	1/16		1/16	1		2	62	D4	4	364
32	30	119/2	0.25	1/4	1/4	2/4	2	1	1/16		1/16	1		2	50	D3	3	365
32	30	239/4	0.25	5/16	5/16	2/4	2	1	1/16		1/16	1		2	62	D4	4	366
32	30	60	0.25	3/8	3/8	2/4	2	1	1/16		1/16	1		7	61	C#4	4	367
32	30	60	0.5	3/8	3/8	2/4	1	2	1/8		1/8	1		5	71	B4	4	360
32	30	60	0.5	3/8	3/8	2/4	1	1	1/8		1/8	1		1	79	G5	5	357
32	30	241/4	0.25	7/16	7/16	2/4	2	1	1/16		1/16	1		2	62	D4	4	368
33	31	121/2	0.25	0	0	2/4	1	2	1/16		1/16	1		5	71	B4	4	377
33	31	121/2	0.25	0	0	2/4	1	1	1/16		1/16	1		2	74	D5	5	369
33	31	243/4	0.25	1/16	1/16	2/4	1	2	1/16		1/16	1		3	69	A4	4	378
33	31	243/4	0.25	1/16	1/16	2/4	1	1	1/16		1/16	1		0	72	C5	5	370
33	31	61	0.5	1/8	1/8	2/4	2	1	1/8		1/8	1		6	54	F#3	3	385
33	31	61	0.25	1/8	1/8	2/4	1	2	1/16		1/16	1		3	69	A4	4	379
33	31	61	0.25	1/8	1/8	2/4	1	1	1/16		1/16	1		0	72	C5	5	371
33	31	245/4	0.25	3/16	3/16	2/4	1	2	1/16		1/16	1		3	69	A4	4	380
33	31	245/4	0.25	3/16	3/16	2/4	1	1	1/16		1/16	1		0	72	C5	5	372
33	31	123/2	0.5	1/4	1/4	2/4	2	1	1/8		1/8	1		1	55	G3	3	386
33	31	123/2	0.25	1/4	1/4	2/4	1	2	1/16		1/16	1		3	69	A4	4	381
33	31	123/2	0.25	1/4	1/4	2/4	1	1	1/16		1/16	1		0	72	C5	5	373
33	31	247/4	0.25	5/16	5/16	2/4	1	2	1/16		1/16	1		1	67	G4	4	382
33	31	247/4	0.25	5/16	5/16	2/4	1	1	1/16		1/16	1		5	71	B4	4	374
33	31	62	0.5	3/8	3/8	2/4	2	1	1/8		1/8	1		1	43	G2	2	387
33	31	62	0.25	3/8	3/8	2/4	1	2	1/16		1/16	1		1	67	G4	4	383
33	31	62	0.25	3/8	3/8	2/4	1	1	1/16		1/16	1		5	71	B4	4	375
33	31	249/4	0.25	7/16	7/16	2/4	1	2	1/16		1/16	1		1	67	G4	4	384
33	31	249/4	0.25	7/16	7/16	2/4	1	1	1/16		1/16	1		5	71	B4	4	376
34	32	125/2	0.5	0	0	2/4	2	1	1/8		1/8	1		-3	51	Eb3	3	398
34	32	125/2	0.25	0	0	2/4	1	1	1/16		1/16	1		1	67	G4	4	388
34	32	251/4	0.25	1/16	1/16	2/4	1	1	1/16		1/16	1		1	79	G5	5	389
34	32	63	0.5	1/8	1/8	2/4	2	1	1/8		1/8	1		4	40	E2	2	399
34	32	63	0.25	1/8	1/8	2/4	1	1	1/16		1/16	1		-1	77	F5	5	390
34	32	253/4	0.25	3/16	3/16	2/4	1	1	1/16		1/16	1		-3	75	Eb5	5	391
34	32	127/2	0.0	1/4	1/4	2/4	1	1	0	grace16	1/16	1		-1	77	F5	5	392
34	32	127/2	0.25	1/4	1/4	2/4	1	1	1/16		1/16	1		-3	75	Eb5	5	393
34	32	255/4	0.25	5/16	5/16	2/4	1	1	1/16		1/16	1		2	74	D5	5	394
34	32	64	0.0	3/8	3/8	2/4	1	1	0	grace16	1/16	1		-3	75	Eb5	5	395
34	32	64	0.5	3/8	3/8	2/4	2	2	1/8		1/8	1		-3	51	Eb3	3	401
34	32	64	0.5	3/8	3/8	2/4	2	1	1/8		1/8	1		1	55	G3	3	400
34	32	64	0.25	3/8	3/8	2/4	1	1	1/16		1/16	1		2	74	D5	5	396
34	32	257/4	0.25	7/16	7/16	2/4	1	1	1/16		1/16	1		7	73	C#5	5	397
35	33	129/2	0.5	0	0	2/4	2	2	1/8		1/8	1		2	50	D3	3	414
35	33	129/2	0.5	0	0	2/4	2	1	1/8		1/8	1		6	54	F#3	3	410
35	33	129/2	0.25	0	0	2/4	1	1	1/16		1/16	1		7	73	C#5	5	402
35	33	259/4	0.25	1/16	1/16	2/4	1	1	1/16		1/16	1		2	74	D5	5	403
35	33	65	0.5	1/8	1/8	2/4	2	2	1/8		1/8	1		2	50	D3	3	415
35	33	65	0.5	1/8	1/8	2/4	2	1	1/8		1/8	1		8	56	G#3	3	411
35	33	65	0.25	1/8	1/8	2/4	1	1	1/16		1/16	1		4	76	E5	5	404
35	33	261/4	0.25	3/16	3/16	2/4	1	1	1/16		1/16	1		5	71	B4	4	405
35	33	131/2	0.5	1/4	1/4	2/4	2	2	1/8		1/8	1		2	50	D3	3	416
35	33	131/2	0.5	1/4	1/4	2/4	2	1	1/8		1/8	1		3	57	A3	3	412
35	33	131/2	0.25	1/4	1/4	2/4	1	1	1/16		1/16	1		2	74	D5	5	406
35	33	263/4	0.25	5/16	5/16	2/4	1	1	1/16		1/16	1		7	73	C#5	5	407
35	33	66	0.5	3/8	3/8	2/4	2	2	1/8		1/8	1		2	50	D3	3	417
35	33	66	0.5	3/8	3/8	2/4	2	1	1/8		1/8	1		6	54	F#3	3	413
35	33	66	0.25	3/8	3/8	2/4	1	1	1/16		1/16	1		2	74	D5	5	408
35	33	265/4	0.25	7/16	7/16	2/4	1	1	1/16		1/16	1		3	69	A4	4	409
36	34	133/2	0.5	0	0	2/4	2	2	1/8		1/8	1		2	50	D3	3	430
36	34	133/2	0.5	0	0	2/4	2	1	1/8		1/8	1		1	55	G3	3	426
36	34	133/2	0.25	0	0	2/4	1	1	1/16		1/16	1		0	72	C5	5	418
36	34	267/4	0.25	1/16	1/16	2/4	1	1	1/16		1/16	1		5	71	B4	4	419
36	34	67	0.5	1/8	1/8	2/4	2	2	1/8		1/8	1		2	50	D3	3	431
36	34	67	0.5	1/8	1/8	2/4	2	1	1/8		1/8	1		1	55	G3	3	427
36	34	67	0.25	1/8	1/8	2/4	1	1	1/16		1/16	1		6	78	F#5	5	420
36	34	269/4	0.25	3/16	3/16	2/4	1	1	1/16		1/16	1		1	79	G5	5	421
36	34	135/2	0.5	1/4	1/4	2/4	2	2	1/8		1/8	1		7	49	C#3	3	432
36	34	135/2	0.5	1/4	1/4	2/4	2	1	1/8		1/8	1		1	55	G3	3	428
36	34	135/2	0.25	1/4	1/4	2/4	1	1	1/16		1/16	1		1	79	G5	5	422
36	34	271/4	0.25	5/16	5/16	2/4	1	1	1/16		1/16	1		-2	70	Bb4	4	423
36	34	68	0.5	3/8	3/8	2/4	2	2	1/8		1/8	1		7	49	C#3	3	433
36	34	68	0.5	3/8	3/8	2/4	2	1	1/8		1/8	1		-2	58	Bb3	3	429
36	34	68	0.25	3/8	3/8	2/4	1	1	1/16		1/16	1		3	69	A4	4	424
36	34	273/4	0.25	7/16	7/16	2/4	1	1	1/16		1/16	1		1	67	G4	4	425
37	35	137/2	0.5	0	0	2/4	2	1	1/8		1/8	1		2	50	D3	3	438
37	35	137/2	0.5	0	0	2/4	2	2	1/8		1/8	1		3	57	A3	3	444
37	35	137/2	0.16666666666666666	0	0	2/4	1	1	1/24		1/16	2/3		6	66	F#4	4	434
37	35	206/3	0.16666666666666666	1/24	1/24	2/4	1	1	1/24		1/16	2/3		4	64	E4	4	435
37	35	413/6	0.16666666666666666	1/12	1/12	2/4	1	1	1/24		1/16	2/3		2	62	D4	4	436
37	35	69	0.5	1/8	1/8	2/4	1	1	1/8		1/8	1		2	62	D4	4	437
37	35	277/4	0.25	3/16	3/16	2/4	2	1	1/16		1/16	1		2	50	D3	3	439
37	35	139/2	0.25	1/4	1/4	2/4	2	1	1/16		1/16	1		2	62	D4	4	440
37	35	279/4	0.25	5/16	5/16	2/4	2	1	1/16		1/16	1		0	60	C4	4	441
37	35	70	0.25	3/8	3/8	2/4	2	1	1/16		1/16	1		5	59	B3	3	442
37	35	281/4	0.25	7/16	7/16	2/4	2	1	1/16		1/16	1		3	57	A3	3	443
38	36	141/2	0.25	0	0	2/4	2	1	1/16		1/16	1		1	55	G3	3	450
38	36	141/2	0.75	0	0	2/4	1	1	3/16		1/8	3/2		5	83	B5	5	445
38	36	283/4	0.25	1/16	1/16	2/4	2	1	1/16		1/16	1		5	59	B3	3	451
38	36	71	0.25	1/8	1/8	2/4	2	1	1/16		1/16	1		2	62	D4	4	452
38	36	285/4	0.25	3/16	3/16	2/4	2	1	1/16		1/16	1		1	67	G4	4	453
38	36	285/4	0.125	3/16	3/16	2/4	1	1	1/32		1/32	1		0	84	C6	6	446
38	36	571/8	0.125	7/32	7/32	2/4	1	1	1/32		1/32	1		5	83	B5	5	447
38	36	143/2	0.25	1/4	1/4	2/4	2	1	1/16		1/16	1		6	66	F#4	4	454
38	36	143/2	0.5	1/4	1/4	2/4	1	1	1/8		1/8	1		3	81	A5	5	448
38	36	287/4	0.25	5/16	5/16	2/4	2	1	1/16		1/16	1		3	69	A4	4	455
38	36	72	0.25	3/8	3/8	2/4	2	1	1/16		1/16	1		6	66	F#4	4	456
38	36	72	0.5	3/8	3/8	2/4	1	1	1/8		1/8	1		2	86	D6	6	449
38	36	289/4	0.25	7/16	7/16	2/4	2	1	1/16		1/16	1		2	62	D4	4	457
39	37	145/2	0.0	0	0	2/4	1	1	0	appoggiatura	1/8	1		0	84	C6	6	458
39	37	145/2	0.25	0	0	2/4	2	1	1/16		1/16	1		1	55	G3	3	462
39	37	145/2	1.0	0	0	2/4	1	1	1/4		1/4	1		5	83	B5	5	459
39	37	291/4	0.25	1/16	1/16	2/4	2	1	1/16		1/16	1		5	59	B3	3	463
39	37	73	0.25	1/8	1/8	2/4	2	1	1/16		1/16	1		2	62	D4	4	464
39	37	293/4	0.25	3/16	3/16	2/4	2	1	1/16		1/16	1		1	67	G4	4	465
39	37	147/2	0.25	1/4	1/4	2/4	2	1	1/16		1/16	1		6	66	F#4	4	466
39	37	147/2	0.5	1/4	1/4	2/4	1	1	1/8		1/8	1		3	81	A5	5	460
39	37	295/4	0.25	5/16	5/16	2/4	2	1	1/16		1/16	1		3	69	A4	4	467
39	37	74	0.25	3/8	3/8	2/4	2	1	1/16		1/16	1		6	66	F#4	4	468
39	37	297/4	0.25	7/16	7/16	2/4	2	1	1/16		1/16	1		2	62	D4	4	469
39	37	297/4	0.25	7/16	7/16	2/4	1	1	1/16		1/16	1		5	83	B5	5	461
40	38	149/2	0.25	0	0	2/4	2	1	1/16		1/16	1		4	64	E4	4	474
40	38	149/2	0.5	0	0	2/4	1	1	1/8		1/8	1		0	84	C6	6	470
40	38	299/4	0.25	1/16	1/16	2/4	2	1	1/16		1/16	1		1	67	G4	4	475
40	38	75	0.25	1/8	1/8	2/4	2	1	1/16		1/16	1		2	62	D4	4	476
40	38	75	0.5	1/8	1/8	2/4	1	1	1/8		1/8	1		5	83	B5	5	471
40	38	301/4	0.25	3/16	3/16	2/4	2	1	1/16		1/16	1		6	66	F#4	4	477
40	38	151/2	0.25	1/4	1/4	2/4	2	1	1/16		1/16	1		0	60	C4	4	478
40	38	151/2	0.5	1/4	1/4	2/4	1	1	1/8		1/8	1		3	81	A5	5	472
40	38	303/4	0.25	5/16	5/16	2/4	2	1	1/16		1/16	1		4	64	E4	4	479
40	38	76	0.25	3/8	3/8	2/4	2	1	1/16		1/16	1		5	59	B3	3	480
40	38	76	0.5	3/8	3/8	2/4	1	1	1/8		1/8	1		1	79	G5	5	473
40	38	305/4	0.25	7/16	7/16	2/4	2	1	1/16		1/16	1		2	62	D4	4	481
41	39	153/2	0.25	0	0	2/4	2	1	1/16		1/16	1		3	57	A3	3	488
41	39	153/2	0.5	0	0	2/4	1	1	1/8		1/8	1		6	78	F#5	5	482
41	39	307/4	0.25	1/16	1/16	2/4	2	1	1/16		1/16	1		0	60	C4	4	489
41	39	77	0.0	1/8	1/8	2/4	1	1	0	grace16	1/16	1		3	81	A5	5	483
41	39	77	0.25	1/8	1/8	2/4	2	1	1/16		1/16	1		1	55	G3	3	490
41	39	77	0.25	1/8	1/8	2/4	1	1	1/16		1/16	1		1	79	G5	5	484
41	39	309/4	0.25	3/16	3/16	2/4	2	1	1/16		1/16	1		5	59	B3	3	491
41	39	309/4	0.125	3/16	3/16	2/4	1	1	1/32		1/32	1		6	78	F#5	5	485
41	39	619/8	0.125	7/32	7/32	2/4	1	1	1/32		1/32	1		1	79	G5	5	486
41	39	155/2	0.25	1/4	1/4	2/4	2	1	1/16		1/16	1		2	50	D3	3	492
41	39	155/2	0.5	1/4	1/4	2/4	1	1	1/8		1/8	1		3	81	A5	5	487
41	39	311/4	0.25	5/16	5/16	2/4	2	1	1/16		1/16	1		0	48	C3	3	493
41	39	78	0.25	3/8	3/8	2/4	2	1	1/16		1/16	1		5	47	B2	2	494
41	39	313/4	0.25	7/16	7/16	2/4	2	1	1/16		1/16	1		3	45	A2	2	495
42	40	157/2	0.25	0	0	2/4	2	1	1/16		1/16	1		1	43	G2	2	501
42	40	157/2	0.75	0	0	2/4	1	1	3/16		1/8	3/2		5	71	B4	4	496
42	40	315/4	0.25	1/16	1/16	2/4	2	1	1/16		1/16	1		5	47	B2	2	502
42	40	79	0.25	1/8	1/8	2/4	2	1	1/16		1/16	1		2	50	D3	3	503
42	40	317/4	0.25	3/16	3/16	2/4	2	1	1/16		1/16	1		1	55	G3	3	504
42	40	317/4	0.125	3/16	3/16	2/4	1	1	1/32		1/32	1		0	72	C5	5	497
42	40	635/8	0.125	7/32	7/32	2/4	1	1	1/32		1/32	1		5	71	B4	4	498
42	40	159/2	0.25	1/4	1/4	2/4	2	1	1/16		1/16	1		6	54	F#3	3	505
42	40	159/2	0.5	1/4	1/4	2/4	1	1	1/8		1/8	1		3	69	A4	4	499
42	40	319/4	0.25	5/16	5/16	2/4	2	1	1/16		1/16	1		3	57	A3	3	506
42	40	80	0.25	3/8	3/8	2/4	2	1	1/16		1/16	1		6	54	F#3	3	507
42	40	80	0.5	3/8	3/8	2/4	1	1	1/8		1/8	1		2	74	D5	5	500
42	40	321/4	0.25	7/16	7/16	2/4	2	1	1/16		1/16	1		2	50	D3	3	508
43	41	161/2	0.0	0	0	2/4	1	1	0	appoggiatura	1/8	1		0	72	C5	5	509
43	41	161/2	0.25	0	0	2/4	2	1	1/16		1/16	1		1	43	G2	2	513
43	41	161/2	1.0	0	0	2/4	1	1	1/4		1/4	1		5	71	B4	4	510
43	41	323/4	0.25	1/16	1/16	2/4	2	1	1/16		1/16	1		5	47	B2	2	514
43	41	81	0.25	1/8	1/8	2/4	2	1	1/16		1/16	1		2	50	D3	3	515
43	41	325/4	0.25	3/16	3/16	2/4	2	1	1/16		1/16	1		1	55	G3	3	516
43	41	163/2	0.25	1/4	1/4	2/4	2	1	1/16		1/16	1		6	54	F#3	3	517
43	41	163/2	0.5	1/4	1/4	2/4	1	1	1/8		1/8	1		3	69	A4	4	511
43	41	327/4	0.25	5/16	5/16	2/4	2	1	1/16		1/16	1		3	57	A3	3	518
43	41	82	0.25	3/8	3/8	2/4	2	1	1/16		1/16	1		6	54	F#3	3	519
43	41	329/4	0.25	7/16	7/16	2/4	2	1	1/16		1/16	1		2	50	D3	3	520
43	41	329/4	0.25	7/16	7/16	2/4	1	1	1/16		1/16	1		5	71	B4	4	512
44	42	165/2	0.25	0	0	2/4	2	1	1/16		1/16	1		4	52	E3	3	525
44	42	165/2	0.5	0	0	2/4	1	1	1/8		1/8	1		0	72	C5	5	521
44	42	331/4	0.25	1/16	1/16	2/4	2	1	1/16		1/16	1		1	55	G3	3	526
44	42	83	0.25	1/8	1/8	2/4	2	1	1/16		1/16	1		2	50	D3	3	527
44	42	83	0.5	1/8	1/8	2/4	1	1	1/8		1/8	1		5	71	B4	4	522
44	42	333/4	0.25	3/16	3/16	2/4	2	1	1/16		1/16	1		1	55	G3	3	528
44	42	167/2	0.25	1/4	1/4	2/4	2	1	1/16		1/16	1		0	48	C3	3	529
44	42	167/2	0.5	1/4	1/4	2/4	1	1	1/8		1/8	1		4	76	E5	5	523
44	42	335/4	0.25	5/16	5/16	2/4	2	1	1/16		1/16	1		4	52	E3	3	530
44	42	84	0.25	3/8	3/8	2/4	2	1	1/16		1/16	1		5	47	B2	2	531
44	42	84	0.5	3/8	3/8	2/4	1	1	1/8		1/8	1		2	74	D5	5	524
44	42	337/4	0.25	7/16	7/16	2/4	2	1	1/16		1/16	1		2	50	D3	3	532
45	43	169/2	0.25	0	0	2/4	2	1	1/16		1/16	1		3	45	A2	2	541
45	43	169/2	0.25	0	0	2/4	1	1	1/16		1/16	1		6	78	F#5	5	533
45	43	339/4	0.25	1/16	1/16	2/4	2	1	1/16		1/16	1		3	57	A3	3	542
45	43	339/4	0.25	1/16	1/16	2/4	1	1	1/16		1/16	1		1	79	G5	5	534
45	43	85	0.0	1/8	1/8	2/4	1	1	0	grace16	1/16	1		3	81	A5	5	535
45	43	85	0.25	1/8	1/8	2/4	2	1	1/16		1/16	1		1	43	G2	2	543
45	43	85	0.25	1/8	1/8	2/4	1	1	1/16		1/16	1		1	79	G5	5	536
45	43	341/4	0.25	3/16	3/16	2/4	2	1	1/16		1/16	1		1	55	G3	3	544
45	43	341/4	0.125	3/16	3/16	2/4	1	1	1/32		1/32	1		6	78	F#5	5	537
45	43	683/8	0.125	7/32	7/32	2/4	1	1	1/32		1/32	1		1	79	G5	5	538
45	43	171/2	0.25	1/4	1/4	2/4	2	1	1/16		1/16	1		6	42	F#2	2	545
45	43	171/2	0.5	1/4	1/4	2/4	1	1	1/8		1/8	1		3	81	A5	5	539
45	43	343/4	0.25	5/16	5/16	2/4	2	1	1/16		1/16	1		6	54	F#3	3	546
45	43	86	0.25	3/8	3/8	2/4	2	1	1/16		1/16	1		2	38	D2	2	547
45	43	345/4	0.25	7/16	7/16	2/4	2	1	1/16		1/16	1		2	50	D3	3	548
45	43	345/4	0.25	7/16	7/16	2/4	1	1	1/16		1/16	1		0	72	C5	5	540
46	44	173/2	1.0	0	0	2/4	2	1	1/4		1/4	1		1	43	G2	2	561
46	44	173/2	0.16666666666666666	0	0	2/4	1	1	1/24		1/16	2/3		5	71	B4	4	549
46	44	260/3	0.16666666666666666	1/24	1/24	2/4	1	1	1/24		1/16	2/3		1	67	G4	4	550
46	44	521/6	0.16666666666666666	1/12	1/12	2/4	1	1	1/24		1/16	2/3		2	74	D5	5	551
46	44	87	0.16666666666666666	1/8	1/8	2/4	1	1	1/24		1/16	2/3		2	74	D5	5	552
46	44	523/6	0.16666666666666666	1/6	1/6	2/4	1	1	1/24		1/16	2/3		5	71	B4	4	553
46	44	262/3	0.16666666666666666	5/24	5/24	2/4	1	1	1/24		1/16	2/3		1	79	G5	5	554
46	44	175/2	0.16666666666666666	1/4	1/4	2/4	1	1	1/24		1/16	2/3		1	79	G5	5	555
46	44	263/3	0.16666666666666666	7/24	7/24	2/4	1	1	1/24		1/16	2/3		6	78	F#5	5	556
46	44	527/6	0.16666666666666666	1/3	1/3	2/4	1	1	1/24		1/16	2/3		4	76	E5	5	557
46	44	88	0.16666666666666666	3/8	3/8	2/4	1	1	1/24		1/16	2/3		2	74	D5	5	558
46	44	529/6	0.16666666666666666	5/12	5/12	2/4	1	1	1/24		1/16	2/3		2	74	D5	5	559
46	44	265/3	0.16666666666666666	11/24	11/24	2/4	1	1	1/24		1/16	2/3		2	74	D5	5	560
47	45	177/2	1.0	0	0	2/4	2	1	1/4		1/4	1		1	43	G2	2	571
47	45	177/2	1.0	0	0	2/4	2	1	1/4		1/4	1		1	55	G3	3	571
47	45	177/2	0.75	0	0	2/4	1	2	3/16		1/8	3/2		5	71	B4	4	568
47	45	177/2	0.75	0	0	2/4	1	1	3/16		1/8	3/2		2	74	D5	5	562
47	45	357/4	0.25	3/16	3/16	2/4	1	2	1/16		1/16	1		3	69	A4	4	569
47	45	357/4	0.25	3/16	3/16	2/4	1	1	1/16		1/16	1		0	72	C5	5	563
47	45	179/2	0.5	1/4	1/4	2/4	1	2	1/8		1/8	1		1	67	G4	4	570
47	45	179/2	0.5	1/4	1/4	2/4	1	1	1/8		1/8	1		5	71	B4	4	564
47	45	90	0.5	3/8	3/8	2/4	2	1	1/8		1/8	1		5	47	B2	2	572
47	45	90	0.16666666666666666	3/8	3/8	2/4	1	1	1/24		1/16	2/3		2	74	D5	5	565
47	45	541/6	0.16666666666666666	5/12	5/12	2/4	1	1	1/24		1/16	2/3		5	71	B4	4	566
47	45	271/3	0.16666666666666666	11/24	11/24	2/4	1	1	1/24		1/16	2/3		1	67	G4	4	567
48	46	181/2	0.5	0	0	2/4	2	1	1/8		1/8	1		0	48	C3	3	581
48	46	181/2	0.25	0	0	2/4	1	1	1/16		1/16	1		6	66	F#4	4	573
48	46	363/4	0.25	1/16	1/16	2/4	1	1	1/16		1/16	1		4	64	E4	4	574
48	46	91	0.0	1/8	1/8	2/4	1	1	0	grace16	1/16	1		2	74	D5	5	575
48	46	91	0.5	1/8	1/8	2/4	2	1	1/8		1/8	1		3	45	A2	2	582
48	46	91	0.25	1/8	1/8	2/4	1	1	1/16		1/16	1		0	72	C5	5	576
48	46	365/4	0.125	3/16	3/16	2/4	1	1	1/32		1/32	1		5	71	B4	4	577
48	46	731/8	0.125	7/32	7/32	2/4	1	1	1/32		1/32	1		3	69	A4	4	578
48	46	183/2	0.5	1/4	1/4	2/4	2	1	1/8		1/8	1		2	50	D3	3	583
48	46	183/2	0.5	1/4	1/4	2/4	1	1	1/8		1/8	1		1	67	G4	4	579
48	46	92	0.5	3/8	3/8	2/4	2	1	1/8		1/8	1		2	50	D3	3	584
48	46	92	0.5	3/8	3/8	2/4	1	1	1/8		1/8	1		6	66	F#4	4	580
49	47	185/2	1.0	0	0	2/4	2	1	1/4		1/4	1		1	55	G3	3	597
49	47	185/2	0.16666666666666666	0	0	2/4	1	1	1/24		1/16	2/3		5	71	B4	4	585
49	47	278/3	0.16666666666666666	1/24	1/24	2/4	1	1	1/24		1/16	2/3		1	67	G4	4	586
49	47	557/6	0.16666666666666666	1/12	1/12	2/4	1	1	1/24		1/16	2/3		2	74	D5	5	587
49	47	93	0.16666666666666666	1/8	1/8	2/4	1	1	1/24		1/16	2/3		2	74	D5	5	588
49	47	559/6	0.16666666666666666	1/6	1/6	2/4	1	1	1/24		1/16	2/3		5	71	B4	4	589
49	47	280/3	0.16666666666666666	5/24	5/24	2/4	1	1	1/24		1/16	2/3		1	79	G5	5	590
49	47	187/2	0.16666666666666666	1/4	1/4	2/4	1	1	1/24		1/16	2/3		1	79	G5	5	591
49	47	281/3	0.16666666666666666	7/24	7/24	2/4	1	1	1/24		1/16	2/3		6	78	F#5	5	592
49	47	563/6	0.16666666666666666	1/3	1/3	2/4	1	1	1/24		1/16	2/3		4	76	E5	5	593
49	47	94	0.16666666666666666	3/8	3/8	2/4	1	1	1/24		1/16	2/3		2	74	D5	5	594
49	47	565/6	0.16666666666666666	5/12	5/12	2/4	1	1	1/24		1/16	2/3		2	74	D5	5	595
49	47	283/3	0.16666666666666666	11/24	11/24	2/4	1	1	1/24		1/16	2/3		2	74	D5	5	596
50	48	189/2	1.0	0	0	2/4	2	1	1/4		1/4	1		1	43	G2	2	605
50	48	189/2	1.0	0	0	2/4	2	1	1/4		1/4	1		5	47	B2	2	605
50	48	189/2	1.0	0	0	2/4	2	1	1/4		1/4	1		2	50	D3	3	605
50	48	189/2	1.0	0	0	2/4	2	1	1/4		1/4	1		1	55	G3	3	605
50	48	189/2	1.0	0	0	2/4	1	2	1/4		1/4	1		2	62	D4	4	604
50	48	189/2	0.75	0	0	2/4	1	1	3/16		1/8	3/2		1	67	G4	4	598
50	48	189/2	0.75	0	0	2/4	1	1	3/16		1/8	3/2		5	71	B4	4	598
50	48	189/2	0.75	0	0	2/4	1	1	3/16		1/8	3/2		2	74	D5	5	598
50	48	381/4	0.25	3/16	3/16	2/4	1	1	1/16		1/16	1		3	69	A4	4	599
50	48	381/4	0.25	3/16	3/16	2/4	1	1	1/16		1/16	1		0	72	C5	5	599
50	48	191/2	0.5	1/4	1/4	2/4	1	1	1/8		1/8	1		1	67	G4	4	600
50	48	191/2	0.5	1/4	1/4	2/4	1	1	1/8		1/8	1		5	71	B4	4	600
50	48	96	0.5	3/8	3/8	2/4	2	1	1/8		1/8	1		5	47	B2	2	606
50	48	96	0.16666666666666666	3/8	3/8	2/4	1	1	1/24		1/16	2/3		2	86	D6	6	601
50	48	577/6	0.16666666666666666	5/12	5/12	2/4	1	1	1/24		1/16	2/3		5	83	B5	5	602
50	48	289/3	0.16666666666666666	11/24	11/24	2/4	1	1	1/24		1/16	2/3		1	79	G5	5	603
51	49	193/2	0.5	0	0	2/4	2	1	1/8		1/8	1		0	48	C3	3	618
51	49	193/2	0.25	0	0	2/4	1	1	1/16		1/16	1		4	76	E5	5	607
51	49	387/4	0.125	1/16	1/16	2/4	1	1	1/32		1/32	1		1	79	G5	5	608
51	49	775/8	0.125	3/32	3/32	2/4	1	1	1/32		1/32	1		6	78	F#5	5	609
51	49	97	0.0	1/8	1/8	2/4	1	1	0	grace16	1/16	1		6	78	F#5	5	610
51	49	97	0.5	1/8	1/8	2/4	2	1	1/8		1/8	1		0	48	C3	3	619
51	49	97	0.25	1/8	1/8	2/4	1	1	1/16		1/16	1		4	76	E5	5	611
51	49	389/4	0.125	3/16	3/16	2/4	1	1	1/32		1/32	1		2	74	D5	5	612
51	49	779/8	0.125	7/32	7/32	2/4	1	1	1/32		1/32	1		0	72	C5	5	613
51	49	195/2	0.5	1/4	1/4	2/4	2	1	1/8		1/8	1		2	50	D3	3	620
51	49	195/2	0.5	1/4	1/4	2/4	1	2	1/8		1/8	1		1	67	G4	4	616
51	49	195/2	0.5	1/4	1/4	2/4	1	1	1/8		1/8	1		5	71	B4	4	614
51	49	98	0.5	3/8	3/8	2/4	2	1	1/8		1/8	1		2	50	D3	3	621
51	49	98	0.5	3/8	3/8	2/4	1	2	1/8		1/8	1		6	66	F#4	4	617
51	49	98	0.5	3/8	3/8	2/4	1	1	1/8		1/8	1		3	69	A4	4	615
52	50	197/2	0.5	0	0	2/4	2	1	1/8		1/8	1		1	43	G2	2	623
52	50	197/2	1.0	0	0	2/4	1	1	1/4		1/4	1		1	67	G4	4	622
52	50	99	0.5	1/8	1/8	2/4	2	1	1/8		1/8	1		2	50	D3	3	624
52	50	199/2	0.5	1/4	1/4	2/4	2	1	1/8		1/8	1		1	55	G3	3	625
