mc	mn	quarterbeats	quarterbeats_all_endings	duration_qb	mc_onset	mn_onset	timesig	staff	voice	duration	nominal_duration	scalar	tied	tpc	midi	name	octave	chord_id
1	1	0	0	1.0	0	0	4/4	2	1	1/4	1/4	1		0	48	C3	3	1
1	1	0	0	1.0	0	0	4/4	1	1	1/4	1/4	1		0	72	C5	5	0
1	1	1	1	1.0	1/4	1/4	4/4	2	1	1/4	1/4	1		-3	51	Eb3	3	2
1	1	2	2	1.0	1/2	1/2	4/4	2	1	1/4	1/4	1		1	55	G3	3	3
1	1	7/2	7/2	0.5	7/8	7/8	4/4	2	1	1/8	1/8	1		0	48	C3	3	4
2	2	4	4	0.5	0	0	4/4	2	1	1/8	1/8	1		-4	56	Ab3	3	10
2	2	9/2	9/2	0.5	1/8	1/8	4/4	2	1	1/8	1/8	1		-4	56	Ab3	3	11
2	2	5	5	0.5	1/4	1/4	4/4	2	1	1/8	1/8	1		-4	56	Ab3	3	12
2	2	11/2	11/2	0.25	3/8	3/8	4/4	2	1	1/16	1/16	1		1	55	G3	3	13
2	2	23/4	23/4	0.25	7/16	7/16	4/4	2	1	1/16	1/16	1		-1	53	F3	3	14
2	2	6	6	0.5	1/2	1/2	4/4	2	1	1/8	1/8	1		1	55	G3	3	15
2	2	13/2	13/2	0.5	5/8	5/8	4/4	2	1	1/8	1/8	1		0	48	C3	3	16
2	2	13/2	13/2	0.25	5/8	5/8	4/4	1	1	1/16	1/16	1		0	60	C4	4	5
2	2	27/4	27/4	0.25	11/16	11/16	4/4	1	1	1/16	1/16	1		2	62	D4	4	6
2	2	7	7	1.0	3/4	3/4	4/4	2	1	1/4	1/4	1	1	0	60	C4	4	17
2	2	7	7	0.5	3/4	3/4	4/4	1	1	1/8	1/8	1		-3	63	Eb4	4	7
2	2	15/2	15/2	0.25	7/8	7/8	4/4	1	1	1/16	1/16	1		2	62	D4	4	8
2	2	31/4	31/4	0.25	15/16	15/16	4/4	1	1	1/16	1/16	1		-3	63	Eb4	4	9
3	3	8	8	1.0	0	0	4/4	2	1	1/4	1/4	1	-1	0	60	C4	4	32
3	3	8	8	0.5	0	0	4/4	1	1	1/8	1/8	1		-1	65	F4	4	18
3	3	17/2	17/2	0.25	1/8	1/8	4/4	1	1	1/16	1/16	1		-3	63	Eb4	4	19
3	3	35/4	35/4	0.25	3/16	3/16	4/4	1	1	1/16	1/16	1		-1	65	F4	4	20
3	3	9	9	1.0	1/4	1/4	4/4	2	1	1/4	1/4	1		5	59	B3	3	33
3	3	9	9	0.25	1/4	1/4	4/4	1	1	1/16	1/16	1		1	67	G4	4	21
3	3	37/4	37/4	0.25	5/16	5/16	4/4	1	1	1/16	1/16	1		-4	68	Ab4	4	22
3	3	19/2	19/2	0.25	3/8	3/8	4/4	1	1	1/16	1/16	1		1	67	G4	4	23
3	3	39/4	39/4	0.25	7/16	7/16	4/4	1	1	1/16	1/16	1		-1	65	F4	4	24
3	3	10	10	0.5	1/2	1/2	4/4	2	1	1/8	1/8	1		0	60	C4	4	34
3	3	10	10	0.5	1/2	1/2	4/4	1	1	1/8	1/8	1		-3	63	Eb4	4	25
3	3	10	10	1.0	1/2	1/2	4/4	1	2	1/4	1/4	1		1	67	G4	4	30
3	3	21/2	21/2	0.25	5/8	5/8	4/4	2	1	1/16	1/16	1		2	62	D4	4	35
3	3	21/2	21/2	0.25	5/8	5/8	4/4	1	1	1/16	1/16	1		-1	65	F4	4	26
3	3	43/4	43/4	0.25	11/16	11/16	4/4	2	1	1/16	1/16	1		0	60	C4	4	36
3	3	43/4	43/4	0.25	11/16	11/16	4/4	1	1	1/16	1/16	1		-3	63	Eb4	4	27
3	3	11	11	0.5	3/4	3/4	4/4	2	1	1/8	1/8	1		-2	58	Bb3	3	37
3	3	11	11	0.5	3/4	3/4	4/4	1	1	1/8	1/8	1		2	62	D4	4	28
3	3	11	11	1.0	3/4	3/4	4/4	1	2	1/4	1/4	1		-2	70	Bb4	4	31
3	3	23/2	23/2	0.5	7/8	7/8	4/4	2	1	1/8	1/8	1		-4	56	Ab3	3	38
3	3	23/2	23/2	0.5	7/8	7/8	4/4	1	1	1/8	1/8	1		0	60	C4	4	29
4	4	12	12	1.5	0	0	4/4	2	1	3/8	1/4	3/2		1	55	G3	3	53
4	4	12	12	0.5	0	0	4/4	1	1	1/8	1/8	1		-2	58	Bb3	3	39
4	4	12	12	1.0	0	0	4/4	1	2	1/4	1/4	1		2	74	D5	5	46
4	4	25/2	25/2	0.5	1/8	1/8	4/4	1	1	1/8	1/8	1		2	62	D4	4	40
4	4	13	13	1.0	1/4	1/4	4/4	1	1	1/4	1/4	1	1	1	67	G4	4	41
4	4	27/2	27/2	0.25	3/8	3/8	4/4	2	1	1/16	1/16	1		3	57	A3	3	54
4	4	27/2	27/2	0.5	3/8	3/8	4/4	1	2	1/8	1/8	1		1	67	G4	4	47
4	4	55/4	55/4	0.25	7/16	7/16	4/4	2	1	1/16	1/16	1		-2	58	Bb3	3	55
4	4	14	14	1.0	1/2	1/2	4/4	2	1	1/4	1/4	1		0	60	C4	4	56
4	4	14	14	0.5	1/2	1/2	4/4	1	1	1/8	1/8	1	-1	1	67	G4	4	42
4	4	14	14	0.5	1/2	1/2	4/4	1	2	1/8	1/8	1		-3	75	Eb5	5	48
4	4	29/2	29/2	0.25	5/8	5/8	4/4	1	1	1/16	1/16	1		3	69	A4	4	43
4	4	29/2	29/2	0.5	5/8	5/8	4/4	1	2	1/8	1/8	1		-3	75	Eb5	5	49
4	4	59/4	59/4	0.25	11/16	11/16	4/4	1	1	1/16	1/16	1		5	71	B4	4	44
4	4	15	15	1.0	3/4	3/4	4/4	2	1	1/4	1/4	1		0	48	C3	3	57
4	4	15	15	1.0	3/4	3/4	4/4	1	1	1/4	1/4	1	1	0	72	C5	5	45
4	4	15	15	0.5	3/4	3/4	4/4	1	2	1/8	1/8	1		-3	75	Eb5	5	50
4	4	31/2	31/2	0.25	7/8	7/8	4/4	1	2	1/16	1/16	1		2	74	D5	5	51
4	4	63/4	63/4	0.25	15/16	15/16	4/4	1	2	1/16	1/16	1		0	72	C5	5	52
5	5	16	16	0.5	0	0	4/4	2	1	1/8	1/8	1		1	55	G3	3	68
5	5	16	16	0.5	0	0	4/4	1	1	1/8	1/8	1	-1	0	72	C5	5	58
5	5	16	16	0.5	0	0	4/4	1	2	1/8	1/8	1		2	74	D5	5	64
5	5	33/2	33/2	0.25	1/8	1/8	4/4	2	1	1/16	1/16	1		1	55	G3	3	69
5	5	33/2	33/2	0.5	1/8	1/8	4/4	1	2	1/8	1/8	1		1	67	G4	4	65
5	5	33/2	33/2	0.25	1/8	1/8	4/4	1	1	1/16	1/16	1		-2	70	Bb4	4	59
5	5	67/4	67/4	0.25	3/16	3/16	4/4	2	1	1/16	1/16	1		3	57	A3	3	70
5	5	67/4	67/4	0.25	3/16	3/16	4/4	1	1	1/16	1/16	1		0	72	C5	5	60
5	5	17	17	0.5	1/4	1/4	4/4	2	1	1/8	1/8	1		-2	58	Bb3	3	71
5	5	17	17	0.5	1/4	1/4	4/4	1	1	1/8	1/8	1		2	74	D5	5	61
5	5	17	17	2.0	1/4	1/4	4/4	1	2	1/2	1/2	1		1	79	G5	5	66
5	5	35/2	35/2	0.25	3/8	3/8	4/4	2	1	1/16	1/16	1		3	57	A3	3	72
5	5	35/2	35/2	0.5	3/8	3/8	4/4	1	1	1/8	1/8	1		-2	70	Bb4	4	62
5	5	71/4	71/4	0.25	7/16	7/16	4/4	2	1	1/16	1/16	1		-2	58	Bb3	3	73
5	5	18	18	0.5	1/2	1/2	4/4	2	1	1/8	1/8	1		0	60	C4	4	74
5	5	18	18	2.0	1/2	1/2	4/4	1	1	1/2	1/2	1		3	69	A4	4	63
5	5	37/2	37/2	0.25	5/8	5/8	4/4	2	1	1/16	1/16	1		-2	58	Bb3	3	75
5	5	75/4	75/4	0.25	11/16	11/16	4/4	2	1	1/16	1/16	1		0	60	C4	4	76
5	5	19	19	0.25	3/4	3/4	4/4	2	1	1/16	1/16	1		2	62	D4	4	77
5	5	19	19	1.0	3/4	3/4	4/4	1	2	1/4	1/4	1		6	78	F#5	5	67
5	5	77/4	77/4	0.25	13/16	13/16	4/4	2	1	1/16	1/16	1		-3	63	Eb4	4	78
5	5	39/2	39/2	0.25	7/8	7/8	4/4	2	1	1/16	1/16	1		2	62	D4	4	79
5	5	79/4	79/4	0.25	15/16	15/16	4/4	2	1	1/16	1/16	1		0	60	C4	4	80
6	6	20	20	1.0	0	0	4/4	2	1	1/4	1/4	1		-2	58	Bb3	3	98
6	6	20	20	1.0	0	0	4/4	1	1	1/4	1/4	1		1	67	G4	4	81
6	6	20	20	0.5	0	0	4/4	1	2	1/8	1/8	1		1	79	G5	5	85
6	6	41/2	41/2	0.25	1/8	1/8	4/4	1	2	1/16	1/16	1		1	67	G4	4	86
6	6	83/4	83/4	0.25	3/16	3/16	4/4	1	2	1/16	1/16	1		3	69	A4	4	87
6	6	21	21	2.0	1/4	1/4	4/4	2	1	1/2	1/2	1		1	55	G3	3	99
6	6	21	21	0.5	1/4	1/4	4/4	1	2	1/8	1/8	1		-2	70	Bb4	4	88
6	6	43/2	43/2	0.5	3/8	3/8	4/4	1	1	1/8	1/8	1		2	62	D4	4	82
6	6	43/2	43/2	0.25	3/8	3/8	4/4	1	2	1/16	1/16	1		3	69	A4	4	89
6	6	87/4	87/4	0.25	7/16	7/16	4/4	1	2	1/16	1/16	1		-2	70	Bb4	4	90
6	6	22	22	1.0	1/2	1/2	4/4	1	1	1/4	1/4	1		-3	63	Eb4	4	83
6	6	22	22	0.5	1/2	1/2	4/4	1	2	1/8	1/8	1		0	72	C5	5	91
6	6	45/2	45/2	0.25	5/8	5/8	4/4	1	2	1/16	1/16	1		-2	70	Bb4	4	92
6	6	91/4	91/4	0.25	11/16	11/16	4/4	1	2	1/16	1/16	1		0	72	C5	5	93
6	6	23	23	1.0	3/4	3/4	4/4	2	1	1/4	1/4	1		-1	53	F3	3	100
6	6	23	23	1.0	3/4	3/4	4/4	1	1	1/4	1/4	1		2	62	D4	4	84
6	6	23	23	0.25	3/4	3/4	4/4	1	2	1/16	1/16	1		2	74	D5	5	94
6	6	93/4	93/4	0.25	13/16	13/16	4/4	1	2	1/16	1/16	1		0	72	C5	5	95
6	6	47/2	47/2	0.25	7/8	7/8	4/4	1	2	1/16	1/16	1		5	71	B4	4	96
6	6	95/4	95/4	0.25	15/16	15/16	4/4	1	2	1/16	1/16	1		3	69	A4	4	97
7	7	24	24	0.5	0	0	4/4	2	1	1/8	1/8	1		-3	51	Eb3	3	111
7	7	24	24	1.0	0	0	4/4	1	3	1/4	1/4	1		1	67	G4	4	110
7	7	24	24	2.0	0	0	4/4	1	1	1/2	1/2	1	1	1	67	G4	4	101
7	7	24	24	1.0	0	0	4/4	1	2	1/4	1/4	1		0	72	C5	5	106
7	7	49/2	49/2	0.25	1/8	1/8	4/4	2	1	1/16	1/16	1		1	55	G3	3	112
7	7	99/4	99/4	0.25	3/16	3/16	4/4	2	1	1/16	1/16	1		-1	53	F3	3	113
7	7	25	25	0.5	1/4	1/4	4/4	2	2	1/8	1/8	1		-3	51	Eb3	3	118
7	7	25	25	0.5	1/4	1/4	4/4	2	1	1/8	1/8	1		1	55	G3	3	114
7	7	25	25	1.0	1/4	1/4	4/4	1	2	1/4	1/4	1		-3	75	Eb5	5	107
7	7	51/2	51/2	0.5	3/8	3/8	4/4	2	2	1/8	1/8	1		2	50	D3	3	119
7	7	51/2	51/2	0.5	3/8	3/8	4/4	2	1	1/8	1/8	1		-1	53	F3	3	115
7	7	26	26	1.0	1/2	1/2	4/4	2	2	1/4	1/4	1		0	48	C3	3	120
7	7	26	26	1.0	1/2	1/2	4/4	2	1	1/4	1/4	1		-3	51	Eb3	3	116
7	7	26	26	0.5	1/2	1/2	4/4	1	1	1/8	1/8	1	-1	1	67	G4	4	102
7	7	26	26	1.0	1/2	1/2	4/4	1	2	1/4	1/4	1		1	79	G5	5	108
7	7	53/2	53/2	0.25	5/8	5/8	4/4	1	1	1/16	1/16	1		3	69	A4	4	103
7	7	107/4	107/4	0.25	11/16	11/16	4/4	1	1	1/16	1/16	1		5	71	B4	4	104
7	7	27	27	1.0	3/4	3/4	4/4	1	1	1/4	1/4	1	1	0	72	C5	5	105
7	7	55/2	55/2	0.5	7/8	7/8	4/4	2	1	1/8	1/8	1		0	48	C3	3	117
7	7	55/2	55/2	0.5	7/8	7/8	4/4	1	2	1/8	1/8	1		0	72	C5	5	109
8	8	28	28	1.0	0	0	4/4	2	1	1/4	1/4	1		-1	53	F3	3	138
8	8	28	28	0.5	0	0	4/4	1	1	1/8	1/8	1	-1	0	72	C5	5	121
8	8	28	28	0.5	0	0	4/4	1	2	1/8	1/8	1		-4	80	Ab5	5	130
8	8	57/2	57/2	0.25	1/8	1/8	4/4	1	1	1/16	1/16	1		2	74	D5	5	122
8	8	57/2	57/2	0.5	1/8	1/8	4/4	1	2	1/8	1/8	1		-4	80	Ab5	5	131
8	8	115/4	115/4	0.25	3/16	3/16	4/4	1	1	1/16	1/16	1		-3	75	Eb5	5	123
8	8	29	29	1.0	1/4	1/4	4/4	1	1	1/4	1/4	1	1	-1	77	F5	5	124
8	8	29	29	0.5	1/4	1/4	4/4	1	2	1/8	1/8	1		-4	80	Ab5	5	132
8	8	59/2	59/2	0.5	3/8	3/8	4/4	2	1	1/8	1/8	1		-1	53	F3	3	139
8	8	59/2	59/2	0.25	3/8	3/8	4/4	1	2	1/16	1/16	1		1	79	G5	5	133
8	8	119/4	119/4	0.25	7/16	7/16	4/4	1	2	1/16	1/16	1		-1	77	F5	5	134
8	8	30	30	0.5	1/2	1/2	4/4	2	1	1/8	1/8	1		0	60	C4	4	140
8	8	30	30	0.5	1/2	1/2	4/4	1	1	1/8	1/8	1	-1	-1	77	F5	5	125
8	8	30	30	0.5	1/2	1/2	4/4	1	2	1/8	1/8	1		1	79	G5	5	135
8	8	61/2	61/2	0.25	5/8	5/8	4/4	2	1	1/16	1/16	1		0	60	C4	4	141
8	8	61/2	61/2	0.5	5/8	5/8	4/4	1	2	1/8	1/8	1		0	72	C5	5	136
8	8	61/2	61/2	0.25	5/8	5/8	4/4	1	1	1/16	1/16	1		-3	75	Eb5	5	126
8	8	123/4	123/4	0.25	11/16	11/16	4/4	2	1	1/16	1/16	1		2	62	D4	4	142
8	8	123/4	123/4	0.25	11/16	11/16	4/4	1	1	1/16	1/16	1		2	74	D5	5	127
8	8	31	31	0.5	3/4	3/4	4/4	2	1	1/8	1/8	1		-3	63	Eb4	4	143
8	8	31	31	0.5	3/4	3/4	4/4	1	1	1/8	1/8	1		0	72	C5	5	128
8	8	31	31	1.0	3/4	3/4	4/4	1	2	1/4	1/4	1	1	0	84	C6	6	137
8	8	63/2	63/2	0.25	7/8	7/8	4/4	2	1	1/16	1/16	1		2	62	D4	4	144
8	8	63/2	63/2	0.5	7/8	7/8	4/4	1	1	1/8	1/8	1		0	72	C5	5	129
8	8	127/4	127/4	0.25	15/16	15/16	4/4	2	1	1/16	1/16	1		-3	63	Eb4	4	145
9	9	32	32	0.5	0	0	4/4	2	1	1/8	1/8	1		-1	65	F4	4	156
9	9	32	32	2.0	0	0	4/4	1	1	1/2	1/2	1		2	74	D5	5	146
9	9	32	32	1.0	0	0	4/4	1	2	1/4	1/4	1	-1	0	84	C6	6	148
9	9	65/2	65/2	0.25	1/8	1/8	4/4	2	1	1/16	1/16	1		-3	63	Eb4	4	157
9	9	131/4	131/4	0.25	3/16	3/16	4/4	2	1	1/16	1/16	1		-1	65	F4	4	158
9	9	33	33	0.25	1/4	1/4	4/4	2	1	1/16	1/16	1		1	67	G4	4	159
9	9	33	33	1.0	1/4	1/4	4/4	1	2	1/4	1/4	1		5	83	B5	5	149
9	9	133/4	133/4	0.25	5/16	5/16	4/4	2	1	1/16	1/16	1		-4	68	Ab4	4	160
9	9	67/2	67/2	0.25	3/8	3/8	4/4	2	1	1/16	1/16	1		1	67	G4	4	161
9	9	135/4	135/4	0.25	7/16	7/16	4/4	2	1	1/16	1/16	1		-1	65	F4	4	162
9	9	34	34	1.0	1/2	1/2	4/4	2	1	1/4	1/4	1		-3	63	Eb4	4	163
9	9	34	34	1.0	1/2	1/2	4/4	1	1	1/4	1/4	1		0	72	C5	5	147
9	9	34	34	0.5	1/2	1/2	4/4	1	2	1/8	1/8	1		0	84	C6	6	150
9	9	69/2	69/2	0.25	5/8	5/8	4/4	1	2	1/16	1/16	1		0	72	C5	5	151
9	9	139/4	139/4	0.25	11/16	11/16	4/4	1	2	1/16	1/16	1		2	74	D5	5	152
9	9	35	35	1.0	3/4	3/4	4/4	2	1	1/4	1/4	1	1	0	60	C4	4	164
9	9	35	35	0.5	3/4	3/4	4/4	1	2	1/8	1/8	1		-3	75	Eb5	5	153
9	9	71/2	71/2	0.25	7/8	7/8	4/4	1	2	1/16	1/16	1		2	74	D5	5	154
9	9	143/4	143/4	0.25	15/16	15/16	4/4	1	2	1/16	1/16	1		-3	75	Eb5	5	155
10	10	36	36	1.0	0	0	4/4	2	1	1/4	1/4	1	-1	0	60	C4	4	180
10	10	36	36	0.5	0	0	4/4	1	1	1/8	1/8	1		-1	77	F5	5	165
10	10	73/2	73/2	0.25	1/8	1/8	4/4	1	1	1/16	1/16	1		-3	75	Eb5	5	166
10	10	147/4	147/4	0.25	3/16	3/16	4/4	1	1	1/16	1/16	1		-1	77	F5	5	167
10	10	37	37	1.0	1/4	1/4	4/4	2	1	1/4	1/4	1		5	59	B3	3	181
10	10	37	37	0.25	1/4	1/4	4/4	1	1	1/16	1/16	1		1	79	G5	5	168
10	10	149/4	149/4	0.25	5/16	5/16	4/4	1	1	1/16	1/16	1		-4	80	Ab5	5	169
10	10	75/2	75/2	0.25	3/8	3/8	4/4	1	1	1/16	1/16	1		1	79	G5	5	170
10	10	151/4	151/4	0.25	7/16	7/16	4/4	1	1	1/16	1/16	1		-1	77	F5	5	171
10	10	38	38	1.0	1/2	1/2	4/4	2	1	1/4	1/4	1		0	60	C4	4	182
10	10	38	38	0.5	1/2	1/2	4/4	1	1	1/8	1/8	1		-3	75	Eb5	5	172
10	10	77/2	77/2	0.25	5/8	5/8	4/4	1	2	1/16	1/16	1		1	67	G4	4	175
10	10	77/2	77/2	0.5	5/8	5/8	4/4	1	1	1/8	1/8	1		0	72	C5	5	173
10	10	155/4	155/4	0.25	11/16	11/16	4/4	1	2	1/16	1/16	1		3	69	A4	4	176
10	10	39	39	1.0	3/4	3/4	4/4	2	1	1/4	1/4	1		-2	58	Bb3	3	183
10	10	39	39	0.5	3/4	3/4	4/4	1	2	1/8	1/8	1		-2	70	Bb4	4	177
10	10	39	39	1.0	3/4	3/4	4/4	1	1	1/4	1/4	1	1	1	79	G5	5	174
10	10	79/2	79/2	0.25	7/8	7/8	4/4	1	2	1/16	1/16	1		3	69	A4	4	178
10	10	159/4	159/4	0.25	15/16	15/16	4/4	1	2	1/16	1/16	1		-2	70	Bb4	4	179
11	11	40	40	1.0	0	0	4/4	2	1	1/4	1/4	1		3	57	A3	3	203
11	11	40	40	0.5	0	0	4/4	1	2	1/8	1/8	1		0	72	C5	5	187
11	11	40	40	1.0	0	0	4/4	1	1	1/4	1/4	1	-1	1	79	G5	5	184
11	11	81/2	81/2	0.25	1/8	1/8	4/4	1	2	1/16	1/16	1		-2	70	Bb4	4	188
11	11	163/4	163/4	0.25	3/16	3/16	4/4	1	2	1/16	1/16	1		0	72	C5	5	189
11	11	41	41	1.0	1/4	1/4	4/4	2	1	1/4	1/4	1		2	62	D4	4	204
11	11	41	41	0.25	1/4	1/4	4/4	1	2	1/16	1/16	1		2	74	D5	5	190
11	11	41	41	1.0	1/4	1/4	4/4	1	1	1/4	1/4	1		6	78	F#5	5	185
11	11	165/4	165/4	0.25	5/16	5/16	4/4	1	2	1/16	1/16	1		-3	75	Eb5	5	191
11	11	83/2	83/2	0.25	3/8	3/8	4/4	1	2	1/16	1/16	1		2	74	D5	5	192
11	11	167/4	167/4	0.25	7/16	7/16	4/4	1	2	1/16	1/16	1		0	72	C5	5	193
11	11	42	42	1.0	1/2	1/2	4/4	2	1	1/4	1/4	1		1	43	G2	2	205
11	11	42	42	0.5	1/2	1/2	4/4	1	2	1/8	1/8	1		-2	70	Bb4	4	194
11	11	42	42	1.0	1/2	1/2	4/4	1	1	1/4	1/4	1		1	79	G5	5	186
11	11	85/2	85/2	0.5	5/8	5/8	4/4	1	2	1/8	1/8	1		1	67	G4	4	195
11	11	85/2	85/2	0.5	5/8	5/8	4/4	1	3	1/8	1/8	1		-2	70	Bb4	4	199
11	11	43	43	1.0	3/4	3/4	4/4	2	1	1/4	1/4	1		-2	46	Bb2	2	206
11	11	43	43	0.5	3/4	3/4	4/4	1	2	1/8	1/8	1		1	67	G4	4	196
11	11	43	43	0.5	3/4	3/4	4/4	1	3	1/8	1/8	1		-2	70	Bb4	4	200
11	11	87/2	87/2	0.25	7/8	7/8	4/4	1	2	1/16	1/16	1		3	69	A4	4	197
11	11	87/2	87/2	0.25	7/8	7/8	4/4	1	3	1/16	1/16	1		0	72	C5	5	201
11	11	175/4	175/4	0.25	15/16	15/16	4/4	1	2	1/16	1/16	1		1	67	G4	4	198
11	11	175/4	175/4	0.25	15/16	15/16	4/4	1	3	1/16	1/16	1		-2	70	Bb4	4	202
12	12	44	44	1.0	0	0	4/4	2	1	1/4	1/4	1		2	50	D3	3	217
12	12	44	44	1.0	0	0	4/4	1	2	1/4	1/4	1		6	66	F#4	4	214
12	12	44	44	0.5	0	0	4/4	1	1	1/8	1/8	1		3	69	A4	4	207
12	12	89/2	89/2	0.5	1/8	1/8	4/4	1	1	1/8	1/8	1		2	62	D4	4	208
12	12	45	45	1.0	1/4	1/4	4/4	1	1	1/4	1/4	1	1	2	74	D5	5	209
12	12	91/2	91/2	0.5	3/8	3/8	4/4	2	1	1/8	1/8	1		1	43	G2	2	218
12	12	91/2	91/2	0.5	3/8	3/8	4/4	1	2	1/8	1/8	1		-2	70	Bb4	4	215
12	12	46	46	0.5	1/2	1/2	4/4	2	1	1/8	1/8	1		-3	51	Eb3	3	219
12	12	46	46	1.0	1/2	1/2	4/4	1	2	1/4	1/4	1		1	67	G4	4	216
12	12	46	46	0.5	1/2	1/2	4/4	1	1	1/8	1/8	1	-1	2	74	D5	5	210
12	12	93/2	93/2	0.5	5/8	5/8	4/4	2	1	1/8	1/8	1		-3	51	Eb3	3	220
12	12	93/2	93/2	0.25	5/8	5/8	4/4	1	1	1/16	1/16	1		0	72	C5	5	211
12	12	187/4	187/4	0.25	11/16	11/16	4/4	1	1	1/16	1/16	1		5	71	B4	4	212
12	12	47	47	0.5	3/4	3/4	4/4	2	1	1/8	1/8	1		-3	51	Eb3	3	221
12	12	47	47	1.0	3/4	3/4	4/4	2	2	1/4	1/4	1		1	55	G3	3	224
12	12	47	47	1.0	3/4	3/4	4/4	1	1	1/4	1/4	1	1	0	72	C5	5	213
12	12	95/2	95/2	0.25	7/8	7/8	4/4	2	1	1/16	1/16	1		2	50	D3	3	222
12	12	191/4	191/4	0.25	15/16	15/16	4/4	2	1	1/16	1/16	1		0	48	C3	3	223
13	13	48	48	0.5	0	0	4/4	2	2	1/8	1/8	1		2	50	D3	3	241
13	13	48	48	0.5	0	0	4/4	2	1	1/8	1/8	1		6	54	F#3	3	228
13	13	48	48	1.0	0	0	4/4	1	1	1/4	1/4	1	-1	0	72	C5	5	225
13	13	97/2	97/2	0.5	1/8	1/8	4/4	2	2	1/8	1/8	1		1	43	G2	2	242
13	13	97/2	97/2	0.25	1/8	1/8	4/4	2	1	1/16	1/16	1		1	55	G3	3	229
13	13	195/4	195/4	0.25	3/16	3/16	4/4	2	1	1/16	1/16	1		-4	56	Ab3	3	230
13	13	49	49	1.0	1/4	1/4	4/4	2	2	1/4	1/4	1	1	1	55	G3	3	243
13	13	49	49	0.5	1/4	1/4	4/4	2	1	1/8	1/8	1		-2	58	Bb3	3	231
13	13	49	49	1.0	1/4	1/4	4/4	1	1	1/4	1/4	1		-2	70	Bb4	4	226
13	13	99/2	99/2	0.25	3/8	3/8	4/4	2	1	1/16	1/16	1		3	57	A3	3	232
13	13	199/4	199/4	0.25	7/16	7/16	4/4	2	1	1/16	1/16	1		-2	58	Bb3	3	233
13	13	50	50	1.0	1/2	1/2	4/4	2	2	1/4	1/4	1	-1	1	55	G3	3	244
13	13	50	50	0.5	1/2	1/2	4/4	2	1	1/8	1/8	1		0	60	C4	4	234
13	13	50	50	2.0	1/2	1/2	4/4	1	1	1/2	1/2	1		3	69	A4	4	227
13	13	101/2	101/2	0.25	5/8	5/8	4/4	2	1	1/16	1/16	1		-2	58	Bb3	3	235
13	13	203/4	203/4	0.25	11/16	11/16	4/4	2	1	1/16	1/16	1		0	60	C4	4	236
13	13	51	51	1.0	3/4	3/4	4/4	2	2	1/4	1/4	1		6	54	F#3	3	245
13	13	51	51	0.25	3/4	3/4	4/4	2	1	1/16	1/16	1		2	62	D4	4	237
13	13	205/4	205/4	0.25	13/16	13/16	4/4	2	1	1/16	1/16	1		-3	63	Eb4	4	238
13	13	103/2	103/2	0.25	7/8	7/8	4/4	2	1	1/16	1/16	1		2	62	D4	4	239
13	13	207/4	207/4	0.25	15/16	15/16	4/4	2	1	1/16	1/16	1		0	60	C4	4	240
14	14	52	52	1.0	0	0	4/4	2	1	1/4	1/4	1		1	55	G3	3	261
14	14	52	52	1.0	0	0	4/4	2	2	1/4	1/4	1		-2	58	Bb3	3	265
14	14	52	52	0.5	0	0	4/4	1	1	1/8	1/8	1		1	67	G4	4	246
14	14	105/2	105/2	0.25	1/8	1/8	4/4	1	1	1/16	1/16	1		-2	70	Bb4	4	247
14	14	211/4	211/4	0.25	3/16	3/16	4/4	1	1	1/16	1/16	1		0	72	C5	5	248
14	14	53	53	1.0	1/4	1/4	4/4	2	1	1/4	1/4	1		1	55	G3	3	262
14	14	53	53	2.0	1/4	1/4	4/4	1	2	1/2	1/2	1		-2	70	Bb4	4	259
14	14	53	53	0.5	1/4	1/4	4/4	1	1	1/8	1/8	1		2	74	D5	5	249
14	14	107/2	107/2	0.25	3/8	3/8	4/4	1	1	1/16	1/16	1		0	72	C5	5	250
14	14	215/4	215/4	0.25	7/16	7/16	4/4	1	1	1/16	1/16	1		2	74	D5	5	251
14	14	54	54	1.0	1/2	1/2	4/4	2	1	1/4	1/4	1		0	60	C4	4	263
14	14	54	54	0.5	1/2	1/2	4/4	1	1	1/8	1/8	1		-3	75	Eb5	5	252
14	14	109/2	109/2	0.25	5/8	5/8	4/4	1	1	1/16	1/16	1		2	74	D5	5	253
14	14	219/4	219/4	0.25	11/16	11/16	4/4	1	1	1/16	1/16	1		-3	75	Eb5	5	254
14	14	55	55	1.0	3/4	3/4	4/4	2	1	1/4	1/4	1		-1	53	F3	3	264
14	14	55	55	1.0	3/4	3/4	4/4	1	2	1/4	1/4	1		3	69	A4	4	260
14	14	55	55	0.25	3/4	3/4	4/4	1	1	1/16	1/16	1		-1	77	F5	5	255
14	14	221/4	221/4	0.25	13/16	13/16	4/4	1	1	1/16	1/16	1		1	79	G5	5	256
14	14	111/2	111/2	0.25	7/8	7/8	4/4	1	1	1/16	1/16	1		-1	77	F5	5	257
14	14	223/4	223/4	0.25	15/16	15/16	4/4	1	1	1/16	1/16	1		-3	75	Eb5	5	258
15	15	56	56	1.0	0	0	4/4	2	1	1/4	1/4	1		-2	58	Bb3	3	283
15	15	56	56	0.5	0	0	4/4	1	1	1/8	1/8	1		-2	70	Bb4	4	266
15	15	56	56	0.5	0	0	4/4	1	2	1/8	1/8	1		2	74	D5	5	279
15	15	113/2	113/2	0.25	1/8	1/8	4/4	1	1	1/16	1/16	1		-3	63	Eb4	4	267
15	15	113/2	113/2	0.5	1/8	1/8	4/4	1	2	1/8	1/8	1		-2	70	Bb4	4	280
15	15	227/4	227/4	0.25	3/16	3/16	4/4	1	1	1/16	1/16	1		-1	65	F4	4	268
15	15	57	57	1.0	1/4	1/4	4/4	2	1	1/4	1/4	1		1	55	G3	3	284
15	15	57	57	0.5	1/4	1/4	4/4	1	1	1/8	1/8	1		1	67	G4	4	269
15	15	57	57	2.0	1/4	1/4	4/4	1	2	1/2	1/2	1		-3	75	Eb5	5	281
15	15	115/2	115/2	0.25	3/8	3/8	4/4	1	1	1/16	1/16	1		-1	65	F4	4	270
15	15	231/4	231/4	0.25	7/16	7/16	4/4	1	1	1/16	1/16	1		1	67	G4	4	271
15	15	58	58	1.0	1/2	1/2	4/4	2	1	1/4	1/4	1		-1	53	F3	3	285
15	15	58	58	0.5	1/2	1/2	4/4	1	1	1/8	1/8	1		-4	68	Ab4	4	272
15	15	117/2	117/2	0.25	5/8	5/8	4/4	1	1	1/16	1/16	1		1	67	G4	4	273
15	15	235/4	235/4	0.25	11/16	11/16	4/4	1	1	1/16	1/16	1		-4	68	Ab4	4	274
15	15	59	59	1.0	3/4	3/4	4/4	2	1	1/4	1/4	1		-2	58	Bb3	3	286
15	15	59	59	0.25	3/4	3/4	4/4	1	1	1/16	1/16	1		-2	70	Bb4	4	275
15	15	59	59	1.0	3/4	3/4	4/4	1	2	1/4	1/4	1		2	74	D5	5	282
15	15	237/4	237/4	0.25	13/16	13/16	4/4	1	1	1/16	1/16	1		0	72	C5	5	276
15	15	119/2	119/2	0.25	7/8	7/8	4/4	1	1	1/16	1/16	1		-2	70	Bb4	4	277
15	15	239/4	239/4	0.25	15/16	15/16	4/4	1	1	1/16	1/16	1		-4	68	Ab4	4	278
16	16	60	60	1.0	0	0	4/4	2	1	1/4	1/4	1		-3	51	Eb3	3	303
16	16	60	60	1.0	0	0	4/4	1	1	1/4	1/4	1		-3	63	Eb4	4	287
16	16	60	60	0.5	0	0	4/4	1	3	1/8	1/8	1		1	67	G4	4	295
16	16	60	60	1.0	0	0	4/4	1	2	1/4	1/4	1		-3	75	Eb5	5	291
16	16	121/2	121/2	0.5	1/8	1/8	4/4	1	3	1/8	1/8	1		-2	70	Bb4	4	296
16	16	61	61	1.0	1/4	1/4	4/4	1	1	1/4	1/4	1		1	67	G4	4	288
16	16	61	61	1.0	1/4	1/4	4/4	1	3	1/4	1/4	1	1	-3	75	Eb5	5	297
16	16	123/2	123/2	0.5	3/8	3/8	4/4	1	2	1/8	1/8	1		1	79	G5	5	292
16	16	62	62	1.0	1/2	1/2	4/4	1	1	1/4	1/4	1		-2	70	Bb4	4	289
16	16	62	62	0.5	1/2	1/2	4/4	1	3	1/8	1/8	1	-1	-3	75	Eb5	5	298
16	16	62	62	1.0	1/2	1/2	4/4	1	2	1/4	1/4	1		-1	77	F5	5	293
16	16	125/2	125/2	0.25	5/8	5/8	4/4	1	3	1/16	1/16	1		2	74	D5	5	299
16	16	251/4	251/4	0.25	11/16	11/16	4/4	1	3	1/16	1/16	1		0	72	C5	5	300
16	16	63	63	0.5	3/4	3/4	4/4	1	3	1/8	1/8	1		2	74	D5	5	301
16	16	127/2	127/2	0.5	7/8	7/8	4/4	1	1	1/8	1/8	1		-3	63	Eb4	4	290
16	16	127/2	127/2	0.5	7/8	7/8	4/4	1	3	1/8	1/8	1		-3	75	Eb5	5	302
16	16	127/2	127/2	0.5	7/8	7/8	4/4	1	2	1/8	1/8	1		1	79	G5	5	294
17	17	64	64	0.5	0	0	4/4	1	1	1/8	1/8	1		0	72	C5	5	304
17	17	64	64	0.5	0	0	4/4	1	2	1/8	1/8	1		-3	75	Eb5	5	314
17	17	129/2	129/2	0.5	1/8	1/8	4/4	1	1	1/8	1/8	1		0	72	C5	5	305
17	17	129/2	129/2	0.5	1/8	1/8	4/4	1	2	1/8	1/8	1		-3	75	Eb5	5	315
17	17	65	65	0.5	1/4	1/4	4/4	1	1	1/8	1/8	1		0	72	C5	5	306
17	17	65	65	2.0	1/4	1/4	4/4	1	2	1/2	1/2	1		-4	80	Ab5	5	316
17	17	131/2	131/2	0.25	3/8	3/8	4/4	1	1	1/16	1/16	1		-2	70	Bb4	4	307
17	17	263/4	263/4	0.25	7/16	7/16	4/4	1	1	1/16	1/16	1		-4	68	Ab4	4	308
17	17	66	66	0.5	1/2	1/2	4/4	1	3	1/8	1/8	1		-2	70	Bb4	4	318
17	17	133/2	133/2	0.25	5/8	5/8	4/4	1	1	1/16	1/16	1		-3	63	Eb4	4	309
17	17	133/2	133/2	0.5	5/8	5/8	4/4	1	3	1/8	1/8	1		-3	63	Eb4	4	319
17	17	267/4	267/4	0.25	11/16	11/16	4/4	1	1	1/16	1/16	1		-1	65	F4	4	310
17	17	67	67	0.5	3/4	3/4	4/4	1	1	1/8	1/8	1		1	67	G4	4	311
17	17	67	67	1.0	3/4	3/4	4/4	1	3	1/4	1/4	1	1	-3	75	Eb5	5	320
17	17	67	67	1.0	3/4	3/4	4/4	1	2	1/4	1/4	1		1	79	G5	5	317
17	17	135/2	135/2	0.25	7/8	7/8	4/4	1	1	1/16	1/16	1		-1	65	F4	4	312
17	17	271/4	271/4	0.25	15/16	15/16	4/4	1	1	1/16	1/16	1		1	67	G4	4	313
18	18	68	68	0.5	0	0	4/4	1	1	1/8	1/8	1		-4	68	Ab4	4	321
18	18	68	68	1.0	0	0	4/4	1	3	1/4	1/4	1	-1	-3	75	Eb5	5	337
18	18	68	68	2.0	0	0	4/4	1	2	1/2	1/2	1		-1	77	F5	5	335
18	18	137/2	137/2	0.25	1/8	1/8	4/4	1	1	1/16	1/16	1		1	67	G4	4	322
18	18	275/4	275/4	0.25	3/16	3/16	4/4	1	1	1/16	1/16	1		-4	68	Ab4	4	323
18	18	69	69	0.25	1/4	1/4	4/4	1	1	1/16	1/16	1		-2	70	Bb4	4	324
18	18	69	69	2.0	1/4	1/4	4/4	1	3	1/2	1/2	1		2	74	D5	5	338
18	18	277/4	277/4	0.25	5/16	5/16	4/4	1	1	1/16	1/16	1		0	72	C5	5	325
18	18	139/2	139/2	0.25	3/8	3/8	4/4	1	1	1/16	1/16	1		-2	70	Bb4	4	326
18	18	279/4	279/4	0.25	7/16	7/16	4/4	1	1	1/16	1/16	1		-4	68	Ab4	4	327
18	18	70	70	0.5	1/2	1/2	4/4	1	1	1/8	1/8	1		1	67	G4	4	328
18	18	70	70	2.0	1/2	1/2	4/4	1	2	1/2	1/2	1		-3	75	Eb5	5	336
18	18	141/2	141/2	0.25	5/8	5/8	4/4	1	1	1/16	1/16	1		-1	65	F4	4	329
18	18	283/4	283/4	0.25	11/16	11/16	4/4	1	1	1/16	1/16	1		1	67	G4	4	330
18	18	71	71	0.25	3/4	3/4	4/4	1	1	1/16	1/16	1		-4	68	Ab4	4	331
18	18	71	71	1.0	3/4	3/4	4/4	1	3	1/4	1/4	1	1	0	72	C5	5	339
18	18	285/4	285/4	0.25	13/16	13/16	4/4	1	1	1/16	1/16	1		-2	70	Bb4	4	332
18	18	143/2	143/2	0.25	7/8	7/8	4/4	1	1	1/16	1/16	1		-4	68	Ab4	4	333
18	18	287/4	287/4	0.25	15/16	15/16	4/4	1	1	1/16	1/16	1		1	67	G4	4	334
19	19	72	72	0.5	0	0	4/4	1	1	1/8	1/8	1		-1	65	F4	4	340
19	19	72	72	1.0	0	0	4/4	1	3	1/4	1/4	1	-1	0	72	C5	5	353
19	19	72	72	2.0	0	0	4/4	1	2	1/2	1/2	1		2	74	D5	5	351
19	19	145/2	145/2	0.25	1/8	1/8	4/4	1	1	1/16	1/16	1		-3	63	Eb4	4	341
19	19	291/4	291/4	0.25	3/16	3/16	4/4	1	1	1/16	1/16	1		-1	65	F4	4	342
19	19	73	73	0.25	1/4	1/4	4/4	1	1	1/16	1/16	1		1	67	G4	4	343
19	19	73	73	2.0	1/4	1/4	4/4	1	3	1/2	1/2	1		-2	70	Bb4	4	354
19	19	293/4	293/4	0.25	5/16	5/16	4/4	1	1	1/16	1/16	1		-4	68	Ab4	4	344
19	19	147/2	147/2	0.25	3/8	3/8	4/4	1	1	1/16	1/16	1		1	67	G4	4	345
19	19	295/4	295/4	0.25	7/16	7/16	4/4	1	1	1/16	1/16	1		-1	65	F4	4	346
19	19	74	74	0.5	1/2	1/2	4/4	1	1	1/8	1/8	1		4	64	E4	4	347
19	19	74	74	2.0	1/2	1/2	4/4	1	2	1/2	1/2	1	1	0	72	C5	5	352
19	19	149/2	149/2	0.25	5/8	5/8	4/4	1	1	1/16	1/16	1		2	62	D4	4	348
19	19	299/4	299/4	0.25	11/16	11/16	4/4	1	1	1/16	1/16	1		0	60	C4	4	349
19	19	75	75	1.0	3/4	3/4	4/4	1	1	1/4	1/4	1		-1	65	F4	4	350
19	19	75	75	1.0	3/4	3/4	4/4	1	3	1/4	1/4	1		-4	68	Ab4	4	355
19	19	151/2	151/2	0.5	7/8	7/8	4/4	2	1	1/8	1/8	1		-1	53	F3	3	356
20	20	76	76	0.5	0	0	4/4	2	1	1/8	1/8	1		2	62	D4	4	367
20	20	76	76	1.5	0	0	4/4	1	1	3/8	1/4	3/2		-1	65	F4	4	357
20	20	76	76	0.5	0	0	4/4	1	2	1/8	1/8	1	-1	0	72	C5	5	361
20	20	153/2	153/2	0.5	1/8	1/8	4/4	2	1	1/8	1/8	1		2	62	D4	4	368
20	20	153/2	153/2	0.25	1/8	1/8	4/4	1	2	1/16	1/16	1		-2	70	Bb4	4	362
20	20	307/4	307/4	0.25	3/16	3/16	4/4	1	2	1/16	1/16	1		-4	68	Ab4	4	363
20	20	77	77	0.5	1/4	1/4	4/4	2	1	1/8	1/8	1		2	62	D4	4	369
20	20	77	77	2.0	1/4	1/4	4/4	1	2	1/2	1/2	1		-2	70	Bb4	4	364
20	20	155/2	155/2	0.25	3/8	3/8	4/4	2	1	1/16	1/16	1		0	60	C4	4	370
20	20	155/2	155/2	0.5	3/8	3/8	4/4	1	1	1/8	1/8	1		1	67	G4	4	358
20	20	311/4	311/4	0.25	7/16	7/16	4/4	2	1	1/16	1/16	1		-2	58	Bb3	3	371
20	20	78	78	0.5	1/2	1/2	4/4	2	1	1/8	1/8	1		0	60	C4	4	372
20	20	78	78	1.0	1/2	1/2	4/4	1	1	1/4	1/4	1		4	64	E4	4	359
20	20	157/2	157/2	0.5	5/8	5/8	4/4	2	1	1/8	1/8	1		-1	53	F3	3	373
20	20	79	79	1.0	3/4	3/4	4/4	1	1	1/4	1/4	1		-1	65	F4	4	360
20	20	79	79	1.0	3/4	3/4	4/4	2	1	1/4	1/4	1		-1	65	F4	4	374
20	20	79	79	0.5	3/4	3/4	4/4	1	2	1/8	1/8	1		-4	68	Ab4	4	365
20	20	159/2	159/2	0.5	7/8	7/8	4/4	1	2	1/8	1/8	1		-1	65	F4	4	366
21	21	80	80	1.0	0	0	4/4	2	1	1/4	1/4	1		-2	58	Bb3	3	389
21	21	80	80	0.5	0	0	4/4	1	1	1/8	1/8	1		-1	65	F4	4	375
21	21	80	80	0.5	0	0	4/4	1	2	1/8	1/8	1		-5	73	Db5	5	381
21	21	161/2	161/2	0.25	1/8	1/8	4/4	1	1	1/16	1/16	1		1	67	G4	4	376
21	21	161/2	161/2	0.5	1/8	1/8	4/4	1	2	1/8	1/8	1		-5	73	Db5	5	382
21	21	323/4	323/4	0.25	3/16	3/16	4/4	1	1	1/16	1/16	1		-4	68	Ab4	4	377
21	21	81	81	1.0	1/4	1/4	4/4	2	1	1/4	1/4	1		-3	63	Eb4	4	390
21	21	81	81	1.0	1/4	1/4	4/4	1	1	1/4	1/4	1		1	67	G4	4	378
21	21	81	81	0.5	1/4	1/4	4/4	1	2	1/8	1/8	1		-5	73	Db5	5	383
21	21	163/2	163/2	0.25	3/8	3/8	4/4	1	2	1/16	1/16	1		0	72	C5	5	384
21	21	327/4	327/4	0.25	7/16	7/16	4/4	1	2	1/16	1/16	1		-2	70	Bb4	4	385
21	21	82	82	1.0	1/2	1/2	4/4	2	1	1/4	1/4	1		-4	56	Ab3	3	391
21	21	82	82	1.0	1/2	1/2	4/4	1	1	1/4	1/4	1		-4	68	Ab4	4	379
21	21	82	82	0.5	1/2	1/2	4/4	1	2	1/8	1/8	1		0	72	C5	5	386
21	21	165/2	165/2	0.5	5/8	5/8	4/4	1	2	1/8	1/8	1		-3	75	Eb5	5	387
21	21	83	83	1.0	3/4	3/4	4/4	1	2	1/4	1/4	1	1	-4	80	Ab5	5	388
21	21	167/2	167/2	0.5	7/8	7/8	4/4	2	1	1/8	1/8	1		0	60	C4	4	392
21	21	167/2	167/2	0.5	7/8	7/8	4/4	1	1	1/8	1/8	1		-4	68	Ab4	4	380
22	22	84	84	1.0	0	0	4/4	2	1	1/4	1/4	1		-2	58	Bb3	3	405
22	22	84	84	0.5	0	0	4/4	1	1	1/8	1/8	1		-5	73	Db5	5	393
22	22	84	84	1.0	0	0	4/4	1	2	1/4	1/4	1	-1	-4	80	Ab5	5	400
22	22	169/2	169/2	0.5	1/8	1/8	4/4	1	1	1/8	1/8	1		-5	73	Db5	5	394
22	22	85	85	1.0	1/4	1/4	4/4	2	1	1/4	1/4	1		-3	63	Eb4	4	406
22	22	85	85	0.5	1/4	1/4	4/4	1	1	1/8	1/8	1		-5	73	Db5	5	395
22	22	85	85	1.0	1/4	1/4	4/4	1	2	1/4	1/4	1		1	79	G5	5	401
22	22	171/2	171/2	0.25	3/8	3/8	4/4	1	1	1/16	1/16	1		0	72	C5	5	396
22	22	343/4	343/4	0.25	7/16	7/16	4/4	1	1	1/16	1/16	1		-2	70	Bb4	4	397
22	22	86	86	1.5	1/2	1/2	4/4	2	1	3/8	1/4	3/2		-4	56	Ab3	3	407
22	22	86	86	1.0	1/2	1/2	4/4	1	1	1/4	1/4	1		0	72	C5	5	398
22	22	86	86	0.5	1/2	1/2	4/4	1	2	1/8	1/8	1		-4	80	Ab5	5	402
22	22	173/2	173/2	0.5	5/8	5/8	4/4	1	2	1/8	1/8	1		0	72	C5	5	403
22	22	87	87	1.0	3/4	3/4	4/4	1	2	1/4	1/4	1	1	-1	77	F5	5	404
22	22	175/2	175/2	0.25	7/8	7/8	4/4	2	1	1/16	1/16	1		1	55	G3	3	408
22	22	175/2	175/2	0.5	7/8	7/8	4/4	1	1	1/8	1/8	1		-1	65	F4	4	399
22	22	351/4	351/4	0.25	15/16	15/16	4/4	2	1	1/16	1/16	1		-1	53	F3	3	409
23	23	88	88	1.0	0	0	4/4	2	1	1/4	1/4	1		1	55	G3	3	422
23	23	88	88	0.5	0	0	4/4	1	1	1/8	1/8	1		-2	70	Bb4	4	410
23	23	88	88	1.0	0	0	4/4	1	2	1/4	1/4	1	-1	-1	77	F5	5	417
23	23	177/2	177/2	0.5	1/8	1/8	4/4	1	1	1/8	1/8	1		-2	70	Bb4	4	411
23	23	89	89	1.0	1/4	1/4	4/4	2	1	1/4	1/4	1		0	60	C4	4	423
23	23	89	89	0.5	1/4	1/4	4/4	1	1	1/8	1/8	1		-2	70	Bb4	4	412
23	23	89	89	1.0	1/4	1/4	4/4	1	2	1/4	1/4	1		4	76	E5	5	418
23	23	179/2	179/2	0.25	3/8	3/8	4/4	1	1	1/16	1/16	1		-4	68	Ab4	4	413
23	23	359/4	359/4	0.25	7/16	7/16	4/4	1	1	1/16	1/16	1		1	67	G4	4	414
23	23	90	90	1.0	1/2	1/2	4/4	2	1	1/4	1/4	1		-1	53	F3	3	424
23	23	90	90	1.0	1/2	1/2	4/4	1	1	1/4	1/4	1		-4	68	Ab4	4	415
23	23	90	90	0.5	1/2	1/2	4/4	1	2	1/8	1/8	1		-1	77	F5	5	419
23	23	181/2	181/2	0.5	5/8	5/8	4/4	1	2	1/8	1/8	1		-4	68	Ab4	4	420
23	23	91	91	1.0	3/4	3/4	4/4	1	2	1/4	1/4	1	1	-5	73	Db5	5	421
23	23	183/2	183/2	0.5	7/8	7/8	4/4	2	1	1/8	1/8	1		-1	65	F4	4	425
23	23	183/2	183/2	0.5	7/8	7/8	4/4	1	1	1/8	1/8	1		-4	68	Ab4	4	416
24	24	92	92	0.5	0	0	4/4	2	2	1/8	1/8	1		-3	63	Eb4	4	439
24	24	92	92	0.5	0	0	4/4	2	1	1/8	1/8	1		1	67	G4	4	429
24	24	92	92	1.0	0	0	4/4	1	2	1/4	1/4	1	-1	-5	73	Db5	5	426
24	24	185/2	185/2	0.5	1/8	1/8	4/4	2	2	1/8	1/8	1		-3	63	Eb4	4	440
24	24	185/2	185/2	0.5	1/8	1/8	4/4	2	1	1/8	1/8	1		1	67	G4	4	430
24	24	93	93	0.5	1/4	1/4	4/4	2	2	1/8	1/8	1		-3	63	Eb4	4	441
24	24	93	93	0.5	1/4	1/4	4/4	2	1	1/8	1/8	1		1	67	G4	4	431
24	24	93	93	2.0	1/4	1/4	4/4	1	2	1/2	1/2	1		0	72	C5	5	427
24	24	187/2	187/2	0.25	3/8	3/8	4/4	2	2	1/16	1/16	1		2	62	D4	4	442
24	24	187/2	187/2	0.25	3/8	3/8	4/4	2	1	1/16	1/16	1		-1	65	F4	4	432
24	24	375/4	375/4	0.25	7/16	7/16	4/4	2	2	1/16	1/16	1		0	60	C4	4	443
24	24	375/4	375/4	0.25	7/16	7/16	4/4	2	1	1/16	1/16	1		-3	63	Eb4	4	433
24	24	94	94	0.5	1/2	1/2	4/4	2	2	1/8	1/8	1		-5	61	Db4	4	444
24	24	94	94	0.5	1/2	1/2	4/4	2	1	1/8	1/8	1		-1	65	F4	4	434
24	24	189/2	189/2	0.5	5/8	5/8	4/4	2	2	1/8	1/8	1		-5	61	Db4	4	445
24	24	189/2	189/2	0.5	5/8	5/8	4/4	2	1	1/8	1/8	1		-1	65	F4	4	435
24	24	95	95	0.5	3/4	3/4	4/4	2	2	1/8	1/8	1		-5	61	Db4	4	446
24	24	95	95	0.5	3/4	3/4	4/4	2	1	1/8	1/8	1		-1	65	F4	4	436
24	24	95	95	1.0	3/4	3/4	4/4	1	2	1/4	1/4	1	1	-2	70	Bb4	4	428
24	24	191/2	191/2	0.25	7/8	7/8	4/4	2	2	1/16	1/16	1		0	60	C4	4	447
24	24	191/2	191/2	0.25	7/8	7/8	4/4	2	1	1/16	1/16	1		-3	63	Eb4	4	437
24	24	383/4	383/4	0.25	15/16	15/16	4/4	2	2	1/16	1/16	1		-2	58	Bb3	3	448
24	24	383/4	383/4	0.25	15/16	15/16	4/4	2	1	1/16	1/16	1		-5	61	Db4	4	438
25	25	96	96	0.5	0	0	4/4	2	1	1/8	1/8	1		0	60	C4	4	463
25	25	96	96	0.5	0	0	4/4	1	1	1/8	1/8	1		-3	63	Eb4	4	449
25	25	96	96	1.0	0	0	4/4	1	2	1/4	1/4	1	-1	-2	70	Bb4	4	456
25	25	193/2	193/2	0.5	1/8	1/8	4/4	2	1	1/8	1/8	1		0	60	C4	4	464
25	25	193/2	193/2	0.5	1/8	1/8	4/4	1	1	1/8	1/8	1		-3	63	Eb4	4	450
25	25	97	97	0.5	1/4	1/4	4/4	2	1	1/8	1/8	1		0	60	C4	4	465
25	25	97	97	0.5	1/4	1/4	4/4	1	1	1/8	1/8	1		-3	63	Eb4	4	451
25	25	97	97	1.0	1/4	1/4	4/4	1	2	1/4	1/4	1		-4	68	Ab4	4	457
25	25	195/2	195/2	0.25	3/8	3/8	4/4	2	1	1/16	1/16	1		-2	58	Bb3	3	466
25	25	195/2	195/2	0.25	3/8	3/8	4/4	1	1	1/16	1/16	1		-5	61	Db4	4	452
25	25	391/4	391/4	0.25	7/16	7/16	4/4	2	1	1/16	1/16	1		-4	56	Ab3	3	467
25	25	391/4	391/4	0.25	7/16	7/16	4/4	1	1	1/16	1/16	1		0	60	C4	4	453
25	25	98	98	2.0	1/2	1/2	4/4	2	1	1/2	1/2	1		-2	58	Bb3	3	468
25	25	98	98	1.0	1/2	1/2	4/4	1	1	1/4	1/4	1		-5	61	Db4	4	454
25	25	98	98	0.5	1/2	1/2	4/4	1	2	1/8	1/8	1		-4	68	Ab4	4	458
25	25	197/2	197/2	0.5	5/8	5/8	4/4	1	2	1/8	1/8	1		-4	68	Ab4	4	459
25	25	99	99	1.0	3/4	3/4	4/4	1	1	1/4	1/4	1		2	62	D4	4	455
25	25	99	99	0.5	3/4	3/4	4/4	1	2	1/8	1/8	1		-4	68	Ab4	4	460
25	25	199/2	199/2	0.25	7/8	7/8	4/4	1	2	1/16	1/16	1		1	67	G4	4	461
25	25	399/4	399/4	0.25	15/16	15/16	4/4	1	2	1/16	1/16	1		-1	65	F4	4	462
26	26	100	100	1.0	0	0	4/4	2	1	1/4	1/4	1		-3	39	Eb2	2	476
26	26	100	100	1.0	0	0	4/4	2	1	1/4	1/4	1		-3	51	Eb3	3	476
26	26	100	100	1.0	0	0	4/4	2	1	1/4	1/4	1		-2	58	Bb3	3	476
26	26	100	100	0.5	0	0	4/4	1	1	1/8	1/8	1		-3	63	Eb4	4	469
26	26	100	100	0.5	0	0	4/4	1	1	1/8	1/8	1		1	67	G4	4	469
26	26	201/2	201/2	0.5	1/8	1/8	4/4	1	1	1/8	1/8	1		-2	70	Bb4	4	470
26	26	201/2	201/2	0.5	1/8	1/8	4/4	1	1	1/8	1/8	1		1	79	G5	5	470
26	26	101	101	1.0	1/4	1/4	4/4	2	1	1/4	1/4	1		1	43	G2	2	477
26	26	101	101	1.0	1/4	1/4	4/4	2	1	1/4	1/4	1		1	55	G3	3	477
26	26	101	101	0.5	1/4	1/4	4/4	1	1	1/8	1/8	1		-2	70	Bb4	4	471
26	26	101	101	0.5	1/4	1/4	4/4	1	1	1/8	1/8	1		1	79	G5	5	471
26	26	203/2	203/2	0.25	3/8	3/8	4/4	1	1	1/16	1/16	1		-4	68	Ab4	4	472
26	26	203/2	203/2	0.25	3/8	3/8	4/4	1	1	1/16	1/16	1		-1	77	F5	5	472
26	26	407/4	407/4	0.25	7/16	7/16	4/4	1	1	1/16	1/16	1		1	67	G4	4	473
26	26	407/4	407/4	0.25	7/16	7/16	4/4	1	1	1/16	1/16	1		-3	75	Eb5	5	473
26	26	102	102	1.0	1/2	1/2	4/4	2	1	1/4	1/4	1		-2	46	Bb2	2	478
26	26	102	102	1.0	1/2	1/2	4/4	2	1	1/4	1/4	1		-2	58	Bb3	3	478
26	26	102	102	1.5	1/2	1/2	4/4	1	1	3/8	1/4	3/2		-1	65	F4	4	474
26	26	102	102	1.5	1/2	1/2	4/4	1	1	3/8	1/4	3/2		2	74	D5	5	474
26	26	205/2	205/2	0.5	5/8	5/8	4/4	2	2	1/8	1/8	1		-2	58	Bb3	3	479
26	26	103	103	0.5	3/4	3/4	4/4	2	2	1/8	1/8	1		-2	58	Bb3	3	480
26	26	207/2	207/2	0.25	7/8	7/8	4/4	2	2	1/16	1/16	1		-4	56	Ab3	3	481
26	26	207/2	207/2	0.5	7/8	7/8	4/4	1	1	1/8	1/8	1		1	67	G4	4	475
26	26	207/2	207/2	0.5	7/8	7/8	4/4	1	1	1/8	1/8	1		4	76	E5	5	475
26	26	415/4	415/4	0.25	15/16	15/16	4/4	2	2	1/16	1/16	1		1	55	G3	3	482
27	27	104	104	1.0	0	0	4/4	2	1	1/4	1/4	1		-1	41	F2	2	490
27	27	104	104	1.0	0	0	4/4	2	1	1/4	1/4	1		-1	53	F3	3	490
27	27	104	104	0.5	0	0	4/4	1	1	1/8	1/8	1		-4	68	Ab4	4	483
27	27	104	104	0.5	0	0	4/4	1	1	1/8	1/8	1		-1	77	F5	5	483
27	27	209/2	209/2	0.5	1/8	1/8	4/4	1	1	1/8	1/8	1		0	72	C5	5	484
27	27	209/2	209/2	0.5	1/8	1/8	4/4	1	1	1/8	1/8	1		-4	80	Ab5	5	484
27	27	105	105	1.0	1/4	1/4	4/4	2	1	1/4	1/4	1		-4	44	Ab2	2	491
27	27	105	105	1.0	1/4	1/4	4/4	2	1	1/4	1/4	1		-4	56	Ab3	3	491
27	27	105	105	0.5	1/4	1/4	4/4	1	1	1/8	1/8	1		0	72	C5	5	485
27	27	105	105	0.5	1/4	1/4	4/4	1	1	1/8	1/8	1		-4	80	Ab5	5	485
27	27	211/2	211/2	0.25	3/8	3/8	4/4	1	1	1/16	1/16	1		-2	70	Bb4	4	486
27	27	211/2	211/2	0.25	3/8	3/8	4/4	1	1	1/16	1/16	1		1	79	G5	5	486
27	27	423/4	423/4	0.25	7/16	7/16	4/4	1	1	1/16	1/16	1		-4	68	Ab4	4	487
27	27	423/4	423/4	0.25	7/16	7/16	4/4	1	1	1/16	1/16	1		-1	77	F5	5	487
27	27	106	106	1.0	1/2	1/2	4/4	2	1	1/4	1/4	1		0	48	C3	3	492
27	27	106	106	1.0	1/2	1/2	4/4	2	1	1/4	1/4	1		0	60	C4	4	492
27	27	106	106	1.5	1/2	1/2	4/4	1	1	3/8	1/4	3/2		1	67	G4	4	488
27	27	106	106	1.5	1/2	1/2	4/4	1	1	3/8	1/4	3/2		4	76	E5	5	488
27	27	213/2	213/2	0.5	5/8	5/8	4/4	2	2	1/8	1/8	1		0	60	C4	4	493
27	27	107	107	0.5	3/4	3/4	4/4	2	2	1/8	1/8	1		0	60	C4	4	494
27	27	215/2	215/2	0.25	7/8	7/8	4/4	2	2	1/16	1/16	1		-2	58	Bb3	3	495
27	27	215/2	215/2	0.5	7/8	7/8	4/4	1	1	1/8	1/8	1		3	69	A4	4	489
27	27	215/2	215/2	0.5	7/8	7/8	4/4	1	1	1/8	1/8	1		6	78	F#5	5	489
27	27	431/4	431/4	0.25	15/16	15/16	4/4	2	2	1/16	1/16	1		3	57	A3	3	496
28	28	108	108	1.0	0	0	4/4	2	1	1/4	1/4	1		1	43	G2	2	510
28	28	108	108	1.0	0	0	4/4	2	1	1/4	1/4	1		1	55	G3	3	510
28	28	108	108	0.5	0	0	4/4	1	1	1/8	1/8	1		-2	70	Bb4	4	497
28	28	108	108	0.5	0	0	4/4	1	1	1/8	1/8	1		1	79	G5	5	497
28	28	217/2	217/2	0.5	1/8	1/8	4/4	1	1	1/8	1/8	1		2	74	D5	5	498
28	28	217/2	217/2	0.5	1/8	1/8	4/4	1	1	1/8	1/8	1		-2	82	Bb5	5	498
28	28	109	109	1.0	1/4	1/4	4/4	2	1	1/4	1/4	1		-2	46	Bb2	2	511
28	28	109	109	1.0	1/4	1/4	4/4	2	1	1/4	1/4	1		-2	58	Bb3	3	511
28	28	109	109	0.5	1/4	1/4	4/4	1	1	1/8	1/8	1		2	74	D5	5	499
28	28	109	109	0.5	1/4	1/4	4/4	1	1	1/8	1/8	1		-2	82	Bb5	5	499
28	28	219/2	219/2	0.25	3/8	3/8	4/4	1	1	1/16	1/16	1		0	72	C5	5	500
28	28	219/2	219/2	0.25	3/8	3/8	4/4	1	1	1/16	1/16	1		3	81	A5	5	500
28	28	439/4	439/4	0.25	7/16	7/16	4/4	1	1	1/16	1/16	1		-2	70	Bb4	4	501
28	28	439/4	439/4	0.25	7/16	7/16	4/4	1	1	1/16	1/16	1		1	79	G5	5	501
28	28	110	110	1.0	1/2	1/2	4/4	2	1	1/4	1/4	1		2	50	D3	3	512
28	28	110	110	1.0	1/2	1/2	4/4	2	1	1/4	1/4	1		2	62	D4	4	512
28	28	110	110	0.5	1/2	1/2	4/4	1	2	1/8	1/8	1		3	69	A4	4	504
28	28	110	110	1.0	1/2	1/2	4/4	1	1	1/4	1/4	1		6	78	F#5	5	502
28	28	221/2	221/2	0.25	5/8	5/8	4/4	1	2	1/16	1/16	1		2	74	D5	5	505
28	28	443/4	443/4	0.25	11/16	11/16	4/4	1	2	1/16	1/16	1		0	72	C5	5	506
28	28	111	111	0.5	3/4	3/4	4/4	1	2	1/8	1/8	1		-2	70	Bb4	4	507
28	28	111	111	1.0	3/4	3/4	4/4	1	1	1/4	1/4	1	1	2	74	D5	5	503
28	28	223/2	223/2	0.5	7/8	7/8	4/4	2	1	1/8	1/8	1		1	55	G3	3	513
28	28	223/2	223/2	0.25	7/8	7/8	4/4	1	2	1/16	1/16	1		-2	70	Bb4	4	508
28	28	447/4	447/4	0.25	15/16	15/16	4/4	1	2	1/16	1/16	1		3	69	A4	4	509
29	29	112	112	0.5	0	0	4/4	2	1	1/8	1/8	1		-3	63	Eb4	4	530
29	29	112	112	2.0	0	0	4/4	1	2	1/2	1/2	1		1	67	G4	4	523
29	29	112	112	0.5	0	0	4/4	1	1	1/8	1/8	1	-1	2	74	D5	5	514
29	29	225/2	225/2	0.5	1/8	1/8	4/4	2	1	1/8	1/8	1		-3	63	Eb4	4	531
29	29	225/2	225/2	0.25	1/8	1/8	4/4	1	1	1/16	1/16	1		0	72	C5	5	515
29	29	451/4	451/4	0.25	3/16	3/16	4/4	1	1	1/16	1/16	1		-2	70	Bb4	4	516
29	29	113	113	0.5	1/4	1/4	4/4	2	1	1/8	1/8	1		-3	63	Eb4	4	532
29	29	113	113	1.0	1/4	1/4	4/4	1	1	1/4	1/4	1		0	72	C5	5	517
29	29	227/2	227/2	0.25	3/8	3/8	4/4	2	1	1/16	1/16	1		2	62	D4	4	533
29	29	455/4	455/4	0.25	7/16	7/16	4/4	2	1	1/16	1/16	1		0	60	C4	4	534
29	29	114	114	0.5	1/2	1/2	4/4	2	1	1/8	1/8	1		2	62	D4	4	535
29	29	114	114	0.5	1/2	1/2	4/4	1	2	1/8	1/8	1		6	66	F#4	4	524
29	29	114	114	0.5	1/2	1/2	4/4	1	1	1/8	1/8	1		0	72	C5	5	518
29	29	229/2	229/2	0.5	5/8	5/8	4/4	2	1	1/8	1/8	1		1	55	G3	3	536
29	29	229/2	229/2	0.25	5/8	5/8	4/4	1	2	1/16	1/16	1		1	67	G4	4	525
29	29	229/2	229/2	0.25	5/8	5/8	4/4	1	1	1/16	1/16	1		-2	70	Bb4	4	519
29	29	459/4	459/4	0.25	11/16	11/16	4/4	1	2	1/16	1/16	1		3	69	A4	4	526
29	29	459/4	459/4	0.25	11/16	11/16	4/4	1	1	1/16	1/16	1		0	72	C5	5	520
29	29	115	115	0.5	3/4	3/4	4/4	1	2	1/8	1/8	1		-2	70	Bb4	4	527
29	29	115	115	0.5	3/4	3/4	4/4	1	1	1/8	1/8	1		2	74	D5	5	521
29	29	231/2	231/2	0.5	7/8	7/8	4/4	2	1	1/8	1/8	1		1	43	G2	2	537
29	29	231/2	231/2	0.25	7/8	7/8	4/4	1	2	1/16	1/16	1		3	69	A4	4	528
29	29	231/2	231/2	0.5	7/8	7/8	4/4	1	1	1/8	1/8	1	1	1	79	G5	5	522
29	29	463/4	463/4	0.25	15/16	15/16	4/4	1	2	1/16	1/16	1		-2	70	Bb4	4	529
30	30	116	116	0.5	0	0	4/4	2	1	1/8	1/8	1		-3	51	Eb3	3	550
30	30	116	116	1.5	0	0	4/4	1	2	3/8	1/4	3/2		0	72	C5	5	546
30	30	116	116	0.5	0	0	4/4	1	1	1/8	1/8	1	-1	1	79	G5	5	538
30	30	233/2	233/2	0.5	1/8	1/8	4/4	2	1	1/8	1/8	1		-3	51	Eb3	3	551
30	30	233/2	233/2	0.5	1/8	1/8	4/4	1	1	1/8	1/8	1		1	67	G4	4	539
30	30	117	117	0.5	1/4	1/4	4/4	2	1	1/8	1/8	1		-3	51	Eb3	3	552
30	30	117	117	1.0	1/4	1/4	4/4	1	1	1/4	1/4	1	1	0	72	C5	5	540
30	30	235/2	235/2	0.25	3/8	3/8	4/4	2	1	1/16	1/16	1		2	50	D3	3	553
30	30	235/2	235/2	0.5	3/8	3/8	4/4	1	2	1/8	1/8	1		0	60	C4	4	547
30	30	471/4	471/4	0.25	7/16	7/16	4/4	2	1	1/16	1/16	1		0	48	C3	3	554
30	30	118	118	0.5	1/2	1/2	4/4	2	1	1/8	1/8	1		2	50	D3	3	555
30	30	118	118	1.0	1/2	1/2	4/4	1	2	1/4	1/4	1		6	66	F#4	4	548
30	30	118	118	0.5	1/2	1/2	4/4	1	1	1/8	1/8	1	-1	0	72	C5	5	541
30	30	237/2	237/2	0.5	5/8	5/8	4/4	2	1	1/8	1/8	1		1	43	G2	2	556
30	30	237/2	237/2	0.25	5/8	5/8	4/4	1	1	1/16	1/16	1		-2	70	Bb4	4	542
30	30	475/4	475/4	0.25	11/16	11/16	4/4	1	1	1/16	1/16	1		3	69	A4	4	543
30	30	119	119	1.0	3/4	3/4	4/4	2	1	1/4	1/4	1	1	1	55	G3	3	557
30	30	119	119	1.0	3/4	3/4	4/4	1	2	1/4	1/4	1		1	67	G4	4	549
30	30	119	119	0.5	3/4	3/4	4/4	1	1	1/8	1/8	1		-2	70	Bb4	4	544
30	30	239/2	239/2	0.5	7/8	7/8	4/4	1	1	1/8	1/8	1		1	67	G4	4	545
31	31	120	120	1.0	0	0	4/4	2	1	1/4	1/4	1	-1	1	55	G3	3	572
31	31	120	120	1.0	0	0	4/4	1	2	1/4	1/4	1		-2	70	Bb4	4	565
31	31	120	120	0.5	0	0	4/4	1	1	1/8	1/8	1		-3	75	Eb5	5	558
31	31	241/2	241/2	0.5	1/8	1/8	4/4	1	1	1/8	1/8	1		-3	75	Eb5	5	559
31	31	121	121	1.0	1/4	1/4	4/4	2	1	1/4	1/4	1		3	57	A3	3	573
31	31	121	121	1.0	1/4	1/4	4/4	1	2	1/4	1/4	1	1	0	72	C5	5	566
31	31	121	121	0.5	1/4	1/4	4/4	1	1	1/8	1/8	1		-3	75	Eb5	5	560
31	31	243/2	243/2	0.25	3/8	3/8	4/4	1	1	1/16	1/16	1		2	74	D5	5	561
31	31	487/4	487/4	0.25	7/16	7/16	4/4	1	1	1/16	1/16	1		0	72	C5	5	562
31	31	122	122	1.0	1/2	1/2	4/4	2	1	1/4	1/4	1		-2	58	Bb3	3	574
31	31	122	122	0.5	1/2	1/2	4/4	1	2	1/8	1/8	1	-1	0	72	C5	5	567
31	31	122	122	1.0	1/2	1/2	4/4	1	1	1/4	1/4	1		2	74	D5	5	563
31	31	245/2	245/2	0.25	5/8	5/8	4/4	1	2	1/16	1/16	1		-2	70	Bb4	4	568
31	31	491/4	491/4	0.25	11/16	11/16	4/4	1	2	1/16	1/16	1		3	69	A4	4	569
31	31	123	123	0.5	3/4	3/4	4/4	1	2	1/8	1/8	1		-2	70	Bb4	4	570
31	31	247/2	247/2	0.5	7/8	7/8	4/4	2	1	1/8	1/8	1		3	57	A3	3	575
31	31	247/2	247/2	0.5	7/8	7/8	4/4	1	2	1/8	1/8	1		0	72	C5	5	571
31	31	247/2	247/2	0.5	7/8	7/8	4/4	1	1	1/8	1/8	1		2	74	D5	5	564
32	32	124	124	1.0	0	0	4/4	2	1	1/4	1/4	1		1	55	G3	3	589
32	32	124	124	1.0	0	0	4/4	1	2	1/4	1/4	1		-2	70	Bb4	4	583
32	32	124	124	0.5	0	0	4/4	1	1	1/8	1/8	1		1	79	G5	5	576
32	32	249/2	249/2	0.5	1/8	1/8	4/4	1	1	1/8	1/8	1		1	79	G5	5	577
32	32	125	125	1.0	1/4	1/4	4/4	2	1	1/4	1/4	1		7	49	C#3	3	590
32	32	125	125	1.0	1/4	1/4	4/4	1	2	1/4	1/4	1	1	3	69	A4	4	584
32	32	125	125	0.5	1/4	1/4	4/4	1	1	1/8	1/8	1		1	79	G5	5	578
32	32	251/2	251/2	0.25	3/8	3/8	4/4	1	1	1/16	1/16	1		-1	77	F5	5	579
32	32	503/4	503/4	0.25	7/16	7/16	4/4	1	1	1/16	1/16	1		4	76	E5	5	580
32	32	126	126	0.5	1/2	1/2	4/4	2	1	1/8	1/8	1		2	50	D3	3	591
32	32	126	126	0.5	1/2	1/2	4/4	1	2	1/8	1/8	1	-1	3	69	A4	4	585
32	32	126	126	1.0	1/2	1/2	4/4	1	1	1/4	1/4	1		-1	77	F5	5	581
32	32	253/2	253/2	1.0	5/8	5/8	4/4	2	1	1/4	1/4	1		2	62	D4	4	592
32	32	253/2	253/2	0.25	5/8	5/8	4/4	1	2	1/16	1/16	1		-2	70	Bb4	4	586
32	32	507/4	507/4	0.25	11/16	11/16	4/4	1	2	1/16	1/16	1		3	69	A4	4	587
32	32	127	127	1.0	3/4	3/4	4/4	1	2	1/4	1/4	1		1	67	G4	4	588
32	32	127	127	1.0	3/4	3/4	4/4	1	1	1/4	1/4	1		4	76	E5	5	582
32	32	255/2	255/2	0.5	7/8	7/8	4/4	2	1	1/8	1/8	1		7	61	C#4	4	593
33	33	128	128	1.0	0	0	4/4	2	1	1/4	1/4	1		2	62	D4	4	608
33	33	128	128	1.0	0	0	4/4	1	2	1/4	1/4	1		6	66	F#4	4	597
33	33	128	128	1.0	0	0	4/4	1	1	1/4	1/4	1		2	74	D5	5	594
33	33	129	129	1.0	1/4	1/4	4/4	1	1	1/4	1/4	1		6	78	F#5	5	595
33	33	130	130	1.0	1/2	1/2	4/4	1	1	1/4	1/4	1		3	81	A5	5	596
33	33	261/2	261/2	0.25	5/8	5/8	4/4	1	3	1/16	1/16	1		2	62	D4	4	603
33	33	261/2	261/2	0.25	5/8	5/8	4/4	1	2	1/16	1/16	1		6	66	F#4	4	598
33	33	523/4	523/4	0.25	11/16	11/16	4/4	1	3	1/16	1/16	1		4	64	E4	4	604
33	33	523/4	523/4	0.25	11/16	11/16	4/4	1	2	1/16	1/16	1		1	67	G4	4	599
33	33	131	131	1.0	3/4	3/4	4/4	2	1	1/4	1/4	1		2	50	D3	3	609
33	33	131	131	0.5	3/4	3/4	4/4	1	3	1/8	1/8	1		6	66	F#4	4	605
33	33	131	131	0.5	3/4	3/4	4/4	1	2	1/8	1/8	1		3	69	A4	4	600
33	33	263/2	263/2	0.25	7/8	7/8	4/4	1	3	1/16	1/16	1		4	64	E4	4	606
33	33	263/2	263/2	0.25	7/8	7/8	4/4	1	2	1/16	1/16	1		1	67	G4	4	601
33	33	527/4	527/4	0.25	15/16	15/16	4/4	1	3	1/16	1/16	1		6	66	F#4	4	607
33	33	527/4	527/4	0.25	15/16	15/16	4/4	1	2	1/16	1/16	1		3	69	A4	4	602
34	34	132	132	1.0	0	0	4/4	2	1	1/4	1/4	1		2	38	D2	2	625
34	34	132	132	1.0	0	0	4/4	1	2	1/4	1/4	1		1	67	G4	4	613
34	34	132	132	1.0	0	0	4/4	1	3	1/4	1/4	1		-2	70	Bb4	4	619
34	34	132	132	1.0	0	0	4/4	1	1	1/4	1/4	1		2	74	D5	5	610
34	34	133	133	1.0	1/4	1/4	4/4	1	1	1/4	1/4	1		1	79	G5	5	611
34	34	134	134	1.0	1/2	1/2	4/4	1	1	1/4	1/4	1		-2	82	Bb5	5	612
34	34	269/2	269/2	0.25	5/8	5/8	4/4	1	3	1/16	1/16	1		1	67	G4	4	620
34	34	269/2	269/2	0.25	5/8	5/8	4/4	1	2	1/16	1/16	1		-2	70	Bb4	4	614
34	34	539/4	539/4	0.25	11/16	11/16	4/4	1	3	1/16	1/16	1		3	69	A4	4	621
34	34	539/4	539/4	0.25	11/16	11/16	4/4	1	2	1/16	1/16	1		0	72	C5	5	615
34	34	135	135	1.0	3/4	3/4	4/4	2	1	1/4	1/4	1		2	50	D3	3	626
34	34	135	135	0.5	3/4	3/4	4/4	1	3	1/8	1/8	1		-2	70	Bb4	4	622
34	34	135	135	0.5	3/4	3/4	4/4	1	2	1/8	1/8	1		2	74	D5	5	616
34	34	271/2	271/2	0.25	7/8	7/8	4/4	1	3	1/16	1/16	1		3	69	A4	4	623
34	34	271/2	271/2	0.25	7/8	7/8	4/4	1	2	1/16	1/16	1		0	72	C5	5	617
34	34	543/4	543/4	0.25	15/16	15/16	4/4	1	3	1/16	1/16	1		1	67	G4	4	624
34	34	543/4	543/4	0.25	15/16	15/16	4/4	1	2	1/16	1/16	1		-2	70	Bb4	4	618
35	35	136	136	1.0	0	0	4/4	2	1	1/4	1/4	1		2	38	D2	2	641
35	35	136	136	1.0	0	0	4/4	1	2	1/4	1/4	1		6	66	F#4	4	632
35	35	136	136	1.0	0	0	4/4	1	3	1/4	1/4	1		3	69	A4	4	636
35	35	136	136	1.0	0	0	4/4	1	1	1/4	1/4	1		2	74	D5	5	627
35	35	137	137	1.0	1/4	1/4	4/4	1	1	1/4	1/4	1		3	81	A5	5	628
35	35	138	138	1.0	1/2	1/2	4/4	2	1	1/4	1/4	1		1	55	G3	3	642
35	35	138	138	1.5	1/2	1/2	4/4	1	1	3/8	1/4	3/2		0	84	C6	6	629
35	35	277/2	277/2	0.25	5/8	5/8	4/4	1	3	1/16	1/16	1		6	66	F#4	4	637
35	35	277/2	277/2	0.25	5/8	5/8	4/4	1	2	1/16	1/16	1		2	74	D5	5	633
35	35	555/4	555/4	0.25	11/16	11/16	4/4	1	3	1/16	1/16	1		1	67	G4	4	638
35	35	555/4	555/4	0.25	11/16	11/16	4/4	1	2	1/16	1/16	1		4	76	E5	5	634
35	35	139	139	1.0	3/4	3/4	4/4	2	1	1/4	1/4	1		2	62	D4	4	643
35	35	139	139	0.5	3/4	3/4	4/4	1	3	1/8	1/8	1		3	69	A4	4	639
35	35	139	139	1.0	3/4	3/4	4/4	1	2	1/4	1/4	1		6	78	F#5	5	635
35	35	279/2	279/2	0.5	7/8	7/8	4/4	1	3	1/8	1/8	1		0	72	C5	5	640
35	35	279/2	279/2	0.25	7/8	7/8	4/4	1	1	1/16	1/16	1		-2	82	Bb5	5	630
35	35	559/4	559/4	0.25	15/16	15/16	4/4	1	1	1/16	1/16	1		3	81	A5	5	631
36	36	140	140	1.0	0	0	4/4	2	1	1/4	1/4	1		1	55	G3	3	659
36	36	140	140	1.0	0	0	4/4	1	2	1/4	1/4	1		1	67	G4	4	650
36	36	140	140	1.0	0	0	4/4	1	3	1/4	1/4	1		-2	70	Bb4	4	657
36	36	140	140	1.0	0	0	4/4	1	1	1/4	1/4	1		1	79	G5	5	644
36	36	141	141	1.0	1/4	1/4	4/4	1	2	1/4	1/4	1		-2	70	Bb4	4	651
36	36	142	142	1.0	1/2	1/2	4/4	2	1	1/4	1/4	1		1	55	G3	3	660
36	36	142	142	1.0	1/2	1/2	4/4	1	3	1/4	1/4	1		2	74	D5	5	658
36	36	285/2	285/2	0.25	5/8	5/8	4/4	1	2	1/16	1/16	1		-2	70	Bb4	4	652
36	36	285/2	285/2	0.25	5/8	5/8	4/4	1	1	1/16	1/16	1		1	79	G5	5	645
36	36	571/4	571/4	0.25	11/16	11/16	4/4	1	2	1/16	1/16	1		0	72	C5	5	653
36	36	571/4	571/4	0.25	11/16	11/16	4/4	1	1	1/16	1/16	1		3	81	A5	5	646
36	36	143	143	1.0	3/4	3/4	4/4	2	1	1/4	1/4	1		1	55	G3	3	661
36	36	143	143	0.5	3/4	3/4	4/4	1	2	1/8	1/8	1		2	74	D5	5	654
36	36	143	143	0.5	3/4	3/4	4/4	1	1	1/8	1/8	1		5	83	B5	5	647
36	36	287/2	287/2	0.25	7/8	7/8	4/4	1	2	1/16	1/16	1		0	72	C5	5	655
36	36	287/2	287/2	0.25	7/8	7/8	4/4	1	1	1/16	1/16	1		3	81	A5	5	648
36	36	575/4	575/4	0.25	15/16	15/16	4/4	1	2	1/16	1/16	1		2	74	D5	5	656
36	36	575/4	575/4	0.25	15/16	15/16	4/4	1	1	1/16	1/16	1		5	83	B5	5	649
37	37	144	144	1.0	0	0	4/4	2	1	1/4	1/4	1		1	55	G3	3	676
37	37	144	144	1.0	0	0	4/4	1	2	1/4	1/4	1		1	67	G4	4	668
37	37	144	144	1.0	0	0	4/4	1	2	1/4	1/4	1		-3	75	Eb5	5	668
37	37	144	144	1.0	0	0	4/4	1	1	1/4	1/4	1		0	84	C6	6	662
37	37	145	145	1.0	1/4	1/4	4/4	1	1	1/4	1/4	1		0	72	C5	5	663
37	37	146	146	1.0	1/2	1/2	4/4	1	1	1/4	1/4	1		-3	75	Eb5	5	664
37	37	293/2	293/2	0.25	5/8	5/8	4/4	1	3	1/16	1/16	1		0	72	C5	5	674
37	37	293/2	293/2	0.25	5/8	5/8	4/4	1	2	1/16	1/16	1		-3	75	Eb5	5	669
37	37	587/4	587/4	0.25	11/16	11/16	4/4	1	3	1/16	1/16	1		2	74	D5	5	675
37	37	587/4	587/4	0.25	11/16	11/16	4/4	1	2	1/16	1/16	1		-1	77	F5	5	670
37	37	147	147	1.0	3/4	3/4	4/4	2	1	1/4	1/4	1		1	55	G3	3	677
37	37	147	147	0.5	3/4	3/4	4/4	1	2	1/8	1/8	1		-3	75	Eb5	5	671
37	37	147	147	0.5	3/4	3/4	4/4	1	1	1/8	1/8	1		1	79	G5	5	665
37	37	295/2	295/2	0.25	7/8	7/8	4/4	1	2	1/16	1/16	1		-1	77	F5	5	672
37	37	295/2	295/2	0.25	7/8	7/8	4/4	1	1	1/16	1/16	1		-4	80	Ab5	5	666
37	37	591/4	591/4	0.25	15/16	15/16	4/4	1	2	1/16	1/16	1		-3	75	Eb5	5	673
37	37	591/4	591/4	0.25	15/16	15/16	4/4	1	1	1/16	1/16	1		1	79	G5	5	667
38	38	148	148	1.0	0	0	4/4	2	1	1/4	1/4	1		1	55	G3	3	689
38	38	148	148	1.0	0	0	4/4	1	2	1/4	1/4	1		1	67	G4	4	685
38	38	148	148	1.0	0	0	4/4	1	1	1/4	1/4	1		5	71	B4	4	678
38	38	148	148	1.0	0	0	4/4	1	1	1/4	1/4	1		2	74	D5	5	678
38	38	148	148	1.0	0	0	4/4	1	1	1/4	1/4	1		-1	77	F5	5	678
38	38	149	149	1.0	1/4	1/4	4/4	1	1	1/4	1/4	1		2	74	D5	5	679
38	38	150	150	1.5	1/2	1/2	4/4	1	2	3/8	1/4	3/2		-1	77	F5	5	686
38	38	301/2	301/2	0.25	5/8	5/8	4/4	1	1	1/16	1/16	1		5	71	B4	4	680
38	38	603/4	603/4	0.25	11/16	11/16	4/4	1	1	1/16	1/16	1		0	72	C5	5	681
38	38	151	151	1.0	3/4	3/4	4/4	2	1	1/4	1/4	1		1	55	G3	3	690
38	38	151	151	0.5	3/4	3/4	4/4	1	1	1/8	1/8	1		2	74	D5	5	682
38	38	303/2	303/2	0.25	7/8	7/8	4/4	1	1	1/16	1/16	1		0	72	C5	5	683
38	38	303/2	303/2	0.25	7/8	7/8	4/4	1	2	1/16	1/16	1		-3	75	Eb5	5	687
38	38	607/4	607/4	0.25	15/16	15/16	4/4	1	1	1/16	1/16	1		5	71	B4	4	684
38	38	607/4	607/4	0.25	15/16	15/16	4/4	1	2	1/16	1/16	1		2	74	D5	5	688
39	39	152	152	0.5	0	0	4/4	2	1	1/8	1/8	1		0	48	C3	3	697
39	39	152	152	1.0	0	0	4/4	1	2	1/4	1/4	1		0	72	C5	5	694
39	39	152	152	1.0	0	0	4/4	1	1	1/4	1/4	1		-3	75	Eb5	5	691
39	39	305/2	305/2	0.25	1/8	1/8	4/4	2	1	1/16	1/16	1		0	60	C4	4	698
39	39	611/4	611/4	0.25	3/16	3/16	4/4	2	1	1/16	1/16	1		2	62	D4	4	699
39	39	153	153	0.5	1/4	1/4	4/4	2	1	1/8	1/8	1		-3	63	Eb4	4	700
39	39	153	153	2.0	1/4	1/4	4/4	1	2	1/2	1/2	1		0	72	C5	5	695
39	39	153	153	1.0	1/4	1/4	4/4	1	1	1/4	1/4	1		-3	75	Eb5	5	692
39	39	307/2	307/2	0.25	3/8	3/8	4/4	2	1	1/16	1/16	1		2	62	D4	4	701
39	39	615/4	615/4	0.25	7/16	7/16	4/4	2	1	1/16	1/16	1		-3	63	Eb4	4	702
39	39	154	154	0.5	1/2	1/2	4/4	2	1	1/8	1/8	1		-1	65	F4	4	703
39	39	154	154	2.0	1/2	1/2	4/4	1	1	1/2	1/2	1		2	74	D5	5	693
39	39	309/2	309/2	0.25	5/8	5/8	4/4	2	1	1/16	1/16	1		-3	63	Eb4	4	704
39	39	619/4	619/4	0.25	11/16	11/16	4/4	2	1	1/16	1/16	1		-1	65	F4	4	705
39	39	155	155	0.25	3/4	3/4	4/4	2	1	1/16	1/16	1		1	67	G4	4	706
39	39	155	155	1.0	3/4	3/4	4/4	1	2	1/4	1/4	1		5	71	B4	4	696
39	39	621/4	621/4	0.25	13/16	13/16	4/4	2	1	1/16	1/16	1		-4	68	Ab4	4	707
39	39	311/2	311/2	0.25	7/8	7/8	4/4	2	1	1/16	1/16	1		1	67	G4	4	708
39	39	623/4	623/4	0.25	15/16	15/16	4/4	2	1	1/16	1/16	1		-1	65	F4	4	709
40	40	156	156	1.0	0	0	4/4	2	1	1/4	1/4	1		-3	63	Eb4	4	726
40	40	156	156	0.5	0	0	4/4	1	1	1/8	1/8	1		0	72	C5	5	710
40	40	156	156	1.0	0	0	4/4	1	2	1/4	1/4	1		0	72	C5	5	723
40	40	313/2	313/2	0.25	1/8	1/8	4/4	1	1	1/16	1/16	1		-3	75	Eb5	5	711
40	40	627/4	627/4	0.25	3/16	3/16	4/4	1	1	1/16	1/16	1		-1	77	F5	5	712
40	40	157	157	1.0	1/4	1/4	4/4	2	1	1/4	1/4	1		0	60	C4	4	727
40	40	157	157	2.0	1/4	1/4	4/4	1	2	1/2	1/2	1		-3	75	Eb5	5	724
40	40	157	157	0.5	1/4	1/4	4/4	1	1	1/8	1/8	1		1	79	G5	5	713
40	40	315/2	315/2	0.25	3/8	3/8	4/4	1	1	1/16	1/16	1		-1	77	F5	5	714
40	40	631/4	631/4	0.25	7/16	7/16	4/4	1	1	1/16	1/16	1		1	79	G5	5	715
40	40	158	158	1.0	1/2	1/2	4/4	2	1	1/4	1/4	1		-1	65	F4	4	728
40	40	158	158	0.5	1/2	1/2	4/4	1	1	1/8	1/8	1		-4	80	Ab5	5	716
40	40	317/2	317/2	0.25	5/8	5/8	4/4	1	1	1/16	1/16	1		1	79	G5	5	717
40	40	635/4	635/4	0.25	11/16	11/16	4/4	1	1	1/16	1/16	1		-4	80	Ab5	5	718
40	40	159	159	1.0	3/4	3/4	4/4	2	1	1/4	1/4	1		-2	58	Bb3	3	729
40	40	159	159	1.0	3/4	3/4	4/4	1	2	1/4	1/4	1		2	74	D5	5	725
40	40	159	159	0.25	3/4	3/4	4/4	1	1	1/16	1/16	1		-2	82	Bb5	5	719
40	40	637/4	637/4	0.25	13/16	13/16	4/4	1	1	1/16	1/16	1		0	84	C6	6	720
40	40	319/2	319/2	0.25	7/8	7/8	4/4	1	1	1/16	1/16	1		-2	82	Bb5	5	721
40	40	639/4	639/4	0.25	15/16	15/16	4/4	1	1	1/16	1/16	1		-4	80	Ab5	5	722
41	41	160	160	2.0	0	0	4/4	2	1	1/2	1/2	1		-3	63	Eb4	4	744
41	41	160	160	0.5	0	0	4/4	1	2	1/8	1/8	1		-3	75	Eb5	5	737
41	41	160	160	2.0	0	0	4/4	1	1	1/2	1/2	1	1	1	79	G5	5	730
41	41	321/2	321/2	0.25	1/8	1/8	4/4	1	2	1/16	1/16	1		-2	70	Bb4	4	738
41	41	643/4	643/4	0.25	3/16	3/16	4/4	1	2	1/16	1/16	1		0	72	C5	5	739
41	41	161	161	0.5	1/4	1/4	4/4	1	2	1/8	1/8	1		-5	73	Db5	5	740
41	41	323/2	323/2	0.25	3/8	3/8	4/4	1	2	1/16	1/16	1		-3	75	Eb5	5	741
41	41	647/4	647/4	0.25	7/16	7/16	4/4	1	2	1/16	1/16	1		-5	73	Db5	5	742
41	41	162	162	2.0	1/2	1/2	4/4	2	1	1/2	1/2	1		4	64	E4	4	745
41	41	162	162	2.0	1/2	1/2	4/4	1	2	1/2	1/2	1		0	72	C5	5	743
41	41	162	162	0.5	1/2	1/2	4/4	1	1	1/8	1/8	1	-1	1	79	G5	5	731
41	41	325/2	325/2	0.25	5/8	5/8	4/4	1	1	1/16	1/16	1		-1	77	F5	5	732
41	41	651/4	651/4	0.25	11/16	11/16	4/4	1	1	1/16	1/16	1		-4	80	Ab5	5	733
41	41	163	163	0.5	3/4	3/4	4/4	1	1	1/8	1/8	1		-2	82	Bb5	5	734
41	41	327/2	327/2	0.25	7/8	7/8	4/4	1	1	1/16	1/16	1		0	84	C6	6	735
41	41	655/4	655/4	0.25	15/16	15/16	4/4	1	1	1/16	1/16	1		-2	82	Bb5	5	736
42	42	164	164	1.0	0	0	4/4	2	1	1/4	1/4	1		-1	53	F3	3	761
42	42	164	164	0.5	0	0	4/4	1	2	1/8	1/8	1		-1	65	F4	4	754
42	42	164	164	0.5	0	0	4/4	1	1	1/8	1/8	1		0	72	C5	5	746
42	42	164	164	0.5	0	0	4/4	1	1	1/8	1/8	1		-4	80	Ab5	5	746
42	42	329/2	329/2	0.5	1/8	1/8	4/4	1	2	1/8	1/8	1		-4	68	Ab4	4	755
42	42	329/2	329/2	0.5	1/8	1/8	4/4	1	1	1/8	1/8	1		0	72	C5	5	747
42	42	165	165	1.0	1/4	1/4	4/4	2	1	1/4	1/4	1		-4	56	Ab3	3	762
42	42	165	165	0.5	1/4	1/4	4/4	1	2	1/8	1/8	1		-4	68	Ab4	4	756
42	42	165	165	0.5	1/4	1/4	4/4	1	1	1/8	1/8	1		0	72	C5	5	748
42	42	331/2	331/2	0.25	3/8	3/8	4/4	1	2	1/16	1/16	1		1	67	G4	4	757
42	42	331/2	331/2	0.25	3/8	3/8	4/4	1	1	1/16	1/16	1		-2	70	Bb4	4	749
42	42	663/4	663/4	0.25	7/16	7/16	4/4	1	2	1/16	1/16	1		-1	65	F4	4	758
42	42	663/4	663/4	0.25	7/16	7/16	4/4	1	1	1/16	1/16	1		-4	68	Ab4	4	750
42	42	166	166	1.0	1/2	1/2	4/4	2	1	1/4	1/4	1		0	60	C4	4	763
42	42	166	166	1.0	1/2	1/2	4/4	1	2	1/4	1/4	1		4	64	E4	4	759
42	42	166	166	0.5	1/2	1/2	4/4	1	1	1/8	1/8	1		1	67	G4	4	751
42	42	333/2	333/2	0.5	5/8	5/8	4/4	1	1	1/8	1/8	1		0	60	C4	4	752
42	42	167	167	1.0	3/4	3/4	4/4	1	1	1/4	1/4	1	1	0	72	C5	5	753
42	42	335/2	335/2	0.5	7/8	7/8	4/4	2	1	1/8	1/8	1		-1	53	F3	3	764
42	42	335/2	335/2	0.5	7/8	7/8	4/4	1	2	1/8	1/8	1		-4	68	Ab4	4	760
43	43	168	168	0.5	0	0	4/4	2	1	1/8	1/8	1		-5	61	Db4	4	780
43	43	168	168	2.0	0	0	4/4	1	2	1/2	1/2	1		-1	65	F4	4	773
43	43	168	168	1.0	0	0	4/4	1	1	1/4	1/4	1	-1	0	72	C5	5	765
43	43	337/2	337/2	0.5	1/8	1/8	4/4	2	1	1/8	1/8	1		-5	61	Db4	4	781
43	43	169	169	0.5	1/4	1/4	4/4	2	1	1/8	1/8	1		-5	61	Db4	4	782
43	43	169	169	1.0	1/4	1/4	4/4	1	1	1/4	1/4	1	1	-2	70	Bb4	4	766
43	43	339/2	339/2	0.25	3/8	3/8	4/4	2	1	1/16	1/16	1		0	60	C4	4	783
43	43	679/4	679/4	0.25	7/16	7/16	4/4	2	1	1/16	1/16	1		-2	58	Bb3	3	784
43	43	170	170	0.5	1/2	1/2	4/4	2	1	1/8	1/8	1		0	60	C4	4	785
43	43	170	170	0.5	1/2	1/2	4/4	1	2	1/8	1/8	1		4	64	E4	4	774
43	43	170	170	0.5	1/2	1/2	4/4	1	1	1/8	1/8	1	-1	-2	70	Bb4	4	767
43	43	341/2	341/2	0.5	5/8	5/8	4/4	2	1	1/8	1/8	1		-1	53	F3	3	786
43	43	341/2	341/2	0.25	5/8	5/8	4/4	1	2	1/16	1/16	1		-1	65	F4	4	775
43	43	341/2	341/2	0.25	5/8	5/8	4/4	1	1	1/16	1/16	1		-4	68	Ab4	4	768
43	43	683/4	683/4	0.25	11/16	11/16	4/4	1	2	1/16	1/16	1		1	67	G4	4	776
43	43	683/4	683/4	0.25	11/16	11/16	4/4	1	1	1/16	1/16	1		-2	70	Bb4	4	769
43	43	171	171	1.0	3/4	3/4	4/4	2	1	1/4	1/4	1	1	-1	65	F4	4	787
43	43	171	171	0.5	3/4	3/4	4/4	1	2	1/8	1/8	1		-4	68	Ab4	4	777
43	43	171	171	0.5	3/4	3/4	4/4	1	1	1/8	1/8	1		0	72	C5	5	770
43	43	343/2	343/2	0.25	7/8	7/8	4/4	1	2	1/16	1/16	1		1	67	G4	4	778
43	43	343/2	343/2	0.25	7/8	7/8	4/4	1	1	1/16	1/16	1		-2	70	Bb4	4	771
43	43	687/4	687/4	0.25	15/16	15/16	4/4	1	2	1/16	1/16	1		-4	68	Ab4	4	779
43	43	687/4	687/4	0.25	15/16	15/16	4/4	1	1	1/16	1/16	1		0	72	C5	5	772
44	44	172	172	1.0	0	0	4/4	2	1	1/4	1/4	1	-1	-1	65	F4	4	806
44	44	172	172	0.5	0	0	4/4	1	2	1/8	1/8	1		-2	70	Bb4	4	796
44	44	172	172	0.5	0	0	4/4	1	1	1/8	1/8	1		-5	73	Db5	5	788
44	44	345/2	345/2	0.25	1/8	1/8	4/4	1	2	1/16	1/16	1		-4	68	Ab4	4	797
44	44	345/2	345/2	0.5	1/8	1/8	4/4	1	1	1/8	1/8	1		-5	73	Db5	5	789
44	44	691/4	691/4	0.25	3/16	3/16	4/4	1	2	1/16	1/16	1		-2	70	Bb4	4	798
44	44	173	173	1.0	1/4	1/4	4/4	2	1	1/4	1/4	1		4	64	E4	4	807
44	44	173	173	0.25	1/4	1/4	4/4	1	2	1/16	1/16	1		0	72	C5	5	799
44	44	173	173	0.5	1/4	1/4	4/4	1	1	1/8	1/8	1		0	72	C5	5	790
44	44	693/4	693/4	0.25	5/16	5/16	4/4	1	2	1/16	1/16	1		-5	73	Db5	5	800
44	44	347/2	347/2	0.25	3/8	3/8	4/4	1	2	1/16	1/16	1		0	72	C5	5	801
44	44	347/2	347/2	0.5	3/8	3/8	4/4	1	1	1/8	1/8	1	1	1	79	G5	5	791
44	44	695/4	695/4	0.25	7/16	7/16	4/4	1	2	1/16	1/16	1		-2	70	Bb4	4	802
44	44	174	174	1.0	1/2	1/2	4/4	1	3	1/4	1/4	1		-1	65	F4	4	805
44	44	174	174	1.5	1/2	1/2	4/4	1	2	3/8	1/4	3/2		-4	68	Ab4	4	803
44	44	174	174	0.5	1/2	1/2	4/4	1	1	1/8	1/8	1	-1	1	79	G5	5	792
44	44	349/2	349/2	0.25	5/8	5/8	4/4	2	1	1/16	1/16	1		-1	53	F3	3	808
44	44	349/2	349/2	0.25	5/8	5/8	4/4	1	1	1/16	1/16	1		-1	77	F5	5	793
44	44	699/4	699/4	0.25	11/16	11/16	4/4	2	1	1/16	1/16	1		1	55	G3	3	809
44	44	699/4	699/4	0.25	11/16	11/16	4/4	1	1	1/16	1/16	1		4	76	E5	5	794
44	44	175	175	0.5	3/4	3/4	4/4	2	1	1/8	1/8	1		-4	56	Ab3	3	810
44	44	175	175	1.0	3/4	3/4	4/4	1	1	1/4	1/4	1	1	-1	77	F5	5	795
44	44	351/2	351/2	0.25	7/8	7/8	4/4	2	1	1/16	1/16	1		1	55	G3	3	811
44	44	351/2	351/2	0.5	7/8	7/8	4/4	1	2	1/8	1/8	1		0	72	C5	5	804
44	44	703/4	703/4	0.25	15/16	15/16	4/4	2	1	1/16	1/16	1		-4	56	Ab3	3	812
45	45	176	176	0.5	0	0	4/4	2	1	1/8	1/8	1		-2	58	Bb3	3	827
45	45	176	176	0.5	0	0	4/4	1	2	1/8	1/8	1		-5	73	Db5	5	817
45	45	176	176	1.0	0	0	4/4	1	1	1/4	1/4	1	-1	-1	77	F5	5	813
45	45	353/2	353/2	0.25	1/8	1/8	4/4	2	1	1/16	1/16	1		-4	56	Ab3	3	828
45	45	353/2	353/2	0.5	1/8	1/8	4/4	1	2	1/8	1/8	1		-2	70	Bb4	4	818
45	45	707/4	707/4	0.25	3/16	3/16	4/4	2	1	1/16	1/16	1		-2	58	Bb3	3	829
45	45	177	177	0.25	1/4	1/4	4/4	2	1	1/16	1/16	1		0	60	C4	4	830
45	45	177	177	1.0	1/4	1/4	4/4	1	2	1/4	1/4	1		1	67	G4	4	819
45	45	177	177	1.0	1/4	1/4	4/4	1	1	1/4	1/4	1		4	76	E5	5	814
45	45	709/4	709/4	0.25	5/16	5/16	4/4	2	1	1/16	1/16	1		-5	61	Db4	4	831
45	45	355/2	355/2	0.25	3/8	3/8	4/4	2	1	1/16	1/16	1		0	60	C4	4	832
45	45	711/4	711/4	0.25	7/16	7/16	4/4	2	1	1/16	1/16	1		-2	58	Bb3	3	833
45	45	178	178	0.5	1/2	1/2	4/4	2	1	1/8	1/8	1		-4	56	Ab3	3	834
45	45	178	178	0.5	1/2	1/2	4/4	1	2	1/8	1/8	1		0	72	C5	5	820
45	45	178	178	1.0	1/2	1/2	4/4	1	1	1/4	1/4	1		-1	77	F5	5	815
45	45	357/2	357/2	0.25	5/8	5/8	4/4	2	1	1/16	1/16	1		1	55	G3	3	835
45	45	357/2	357/2	0.25	5/8	5/8	4/4	1	2	1/16	1/16	1		-2	70	Bb4	4	821
45	45	715/4	715/4	0.25	11/16	11/16	4/4	2	1	1/16	1/16	1		-4	56	Ab3	3	836
45	45	715/4	715/4	0.25	11/16	11/16	4/4	1	2	1/16	1/16	1		0	72	C5	5	822
45	45	179	179	0.25	3/4	3/4	4/4	2	1	1/16	1/16	1		-2	58	Bb3	3	837
45	45	179	179	0.25	3/4	3/4	4/4	1	2	1/16	1/16	1		-5	73	Db5	5	823
45	45	717/4	717/4	0.25	13/16	13/16	4/4	2	1	1/16	1/16	1		0	60	C4	4	838
45	45	717/4	717/4	0.25	13/16	13/16	4/4	1	2	1/16	1/16	1		4	76	E5	5	824
45	45	359/2	359/2	0.25	7/8	7/8	4/4	2	1	1/16	1/16	1		-2	58	Bb3	3	839
45	45	359/2	359/2	0.25	7/8	7/8	4/4	1	2	1/16	1/16	1		-5	73	Db5	5	825
45	45	359/2	359/2	0.5	7/8	7/8	4/4	1	1	1/8	1/8	1		-1	77	F5	5	816
45	45	719/4	719/4	0.25	15/16	15/16	4/4	2	1	1/16	1/16	1		-4	56	Ab3	3	840
45	45	719/4	719/4	0.25	15/16	15/16	4/4	1	2	1/16	1/16	1		0	72	C5	5	826
46	46	180	180	0.5	0	0	4/4	2	1	1/8	1/8	1		1	55	G3	3	859
46	46	180	180	0.5	0	0	4/4	1	2	1/8	1/8	1		-2	70	Bb4	4	845
46	46	180	180	1.0	0	0	4/4	1	1	1/4	1/4	1		-3	75	Eb5	5	841
46	46	361/2	361/2	0.25	1/8	1/8	4/4	2	1	1/16	1/16	1		-1	53	F3	3	860
46	46	361/2	361/2	0.25	1/8	1/8	4/4	1	2	1/16	1/16	1		-4	68	Ab4	4	846
46	46	723/4	723/4	0.25	3/16	3/16	4/4	2	1	1/16	1/16	1		1	55	G3	3	861
46	46	723/4	723/4	0.25	3/16	3/16	4/4	1	2	1/16	1/16	1		-2	70	Bb4	4	847
46	46	181	181	0.25	1/4	1/4	4/4	2	1	1/16	1/16	1		-4	56	Ab3	3	862
46	46	181	181	0.25	1/4	1/4	4/4	1	2	1/16	1/16	1		0	72	C5	5	848
46	46	725/4	725/4	0.25	5/16	5/16	4/4	2	1	1/16	1/16	1		-2	58	Bb3	3	863
46	46	725/4	725/4	0.25	5/16	5/16	4/4	1	2	1/16	1/16	1		-5	73	Db5	5	849
46	46	363/2	363/2	0.25	3/8	3/8	4/4	2	1	1/16	1/16	1		-4	56	Ab3	3	864
46	46	363/2	363/2	0.25	3/8	3/8	4/4	1	2	1/16	1/16	1		0	72	C5	5	850
46	46	363/2	363/2	0.5	3/8	3/8	4/4	1	1	1/8	1/8	1		-3	75	Eb5	5	842
46	46	727/4	727/4	0.25	7/16	7/16	4/4	2	1	1/16	1/16	1		1	55	G3	3	865
46	46	727/4	727/4	0.25	7/16	7/16	4/4	1	2	1/16	1/16	1		-2	70	Bb4	4	851
46	46	182	182	0.5	1/2	1/2	4/4	2	1	1/8	1/8	1		-1	53	F3	3	866
46	46	182	182	0.5	1/2	1/2	4/4	1	2	1/8	1/8	1		-4	68	Ab4	4	852
46	46	182	182	1.0	1/2	1/2	4/4	1	1	1/4	1/4	1		-5	73	Db5	5	843
46	46	365/2	365/2	0.25	5/8	5/8	4/4	2	1	1/16	1/16	1		-3	51	Eb3	3	867
46	46	365/2	365/2	0.25	5/8	5/8	4/4	1	2	1/16	1/16	1		1	67	G4	4	853
46	46	731/4	731/4	0.25	11/16	11/16	4/4	2	1	1/16	1/16	1		-1	53	F3	3	868
46	46	731/4	731/4	0.25	11/16	11/16	4/4	1	2	1/16	1/16	1		-4	68	Ab4	4	854
46	46	183	183	0.25	3/4	3/4	4/4	2	1	1/16	1/16	1		1	55	G3	3	869
46	46	183	183	0.25	3/4	3/4	4/4	1	2	1/16	1/16	1		-2	70	Bb4	4	855
46	46	733/4	733/4	0.25	13/16	13/16	4/4	2	1	1/16	1/16	1		-3	51	Eb3	3	870
46	46	733/4	733/4	0.25	13/16	13/16	4/4	1	2	1/16	1/16	1		1	67	G4	4	856
46	46	367/2	367/2	0.25	7/8	7/8	4/4	2	1	1/16	1/16	1		-1	53	F3	3	871
46	46	367/2	367/2	0.25	7/8	7/8	4/4	1	2	1/16	1/16	1		-4	68	Ab4	4	857
46	46	367/2	367/2	0.5	7/8	7/8	4/4	1	1	1/8	1/8	1		-5	73	Db5	5	844
46	46	735/4	735/4	0.25	15/16	15/16	4/4	2	1	1/16	1/16	1		1	55	G3	3	872
46	46	735/4	735/4	0.25	15/16	15/16	4/4	1	2	1/16	1/16	1		-2	70	Bb4	4	858
47	47	184	184	0.5	0	0	4/4	2	1	1/8	1/8	1		-4	56	Ab3	3	883
47	47	184	184	1.0	0	0	4/4	1	2	1/4	1/4	1		0	72	C5	5	877
47	47	184	184	1.0	0	0	4/4	1	1	1/4	1/4	1		0	84	C6	6	873
47	47	369/2	369/2	0.25	1/8	1/8	4/4	2	1	1/16	1/16	1		-4	68	Ab4	4	884
47	47	739/4	739/4	0.25	3/16	3/16	4/4	2	1	1/16	1/16	1		1	67	G4	4	885
47	47	185	185	0.5	1/4	1/4	4/4	2	1	1/8	1/8	1		-1	65	F4	4	886
47	47	185	185	1.0	1/4	1/4	4/4	1	1	1/4	1/4	1		-4	80	Ab5	5	874
47	47	371/2	371/2	0.25	3/8	3/8	4/4	2	1	1/16	1/16	1		-1	65	F4	4	887
47	47	743/4	743/4	0.25	7/16	7/16	4/4	2	1	1/16	1/16	1		-3	63	Eb4	4	888
47	47	186	186	0.5	1/2	1/2	4/4	2	1	1/8	1/8	1		2	62	D4	4	889
47	47	186	186	1.0	1/2	1/2	4/4	1	1	1/4	1/4	1		-1	77	F5	5	875
47	47	373/2	373/2	0.25	5/8	5/8	4/4	2	1	1/16	1/16	1		-1	65	F4	4	890
47	47	373/2	373/2	0.25	5/8	5/8	4/4	1	2	1/16	1/16	1		-4	80	Ab5	5	878
47	47	747/4	747/4	0.25	11/16	11/16	4/4	2	1	1/16	1/16	1		-3	63	Eb4	4	891
47	47	747/4	747/4	0.25	11/16	11/16	4/4	1	2	1/16	1/16	1		1	79	G5	5	879
47	47	187	187	0.5	3/4	3/4	4/4	2	1	1/8	1/8	1		2	62	D4	4	892
47	47	187	187	0.5	3/4	3/4	4/4	1	2	1/8	1/8	1		-1	77	F5	5	880
47	47	375/2	375/2	0.25	7/8	7/8	4/4	2	1	1/16	1/16	1		2	62	D4	4	893
47	47	375/2	375/2	0.25	7/8	7/8	4/4	1	2	1/16	1/16	1		-1	77	F5	5	881
47	47	375/2	375/2	0.5	7/8	7/8	4/4	1	1	1/8	1/8	1		-4	80	Ab5	5	876
47	47	751/4	751/4	0.25	15/16	15/16	4/4	2	1	1/16	1/16	1		0	60	C4	4	894
47	47	751/4	751/4	0.25	15/16	15/16	4/4	1	2	1/16	1/16	1		-3	75	Eb5	5	882
48	48	188	188	0.5	0	0	4/4	2	1	1/8	1/8	1		5	59	B3	3	911
48	48	188	188	0.5	0	0	4/4	1	1	1/8	1/8	1		2	74	D5	5	895
48	48	188	188	0.5	0	0	4/4	1	2	1/8	1/8	1		2	74	D5	5	903
48	48	377/2	377/2	0.25	1/8	1/8	4/4	2	1	1/16	1/16	1		5	59	B3	3	912
48	48	377/2	377/2	0.25	1/8	1/8	4/4	1	2	1/16	1/16	1		2	74	D5	5	904
48	48	377/2	377/2	0.5	1/8	1/8	4/4	1	1	1/8	1/8	1		2	74	D5	5	896
48	48	755/4	755/4	0.25	3/16	3/16	4/4	2	1	1/16	1/16	1		-4	56	Ab3	3	913
48	48	755/4	755/4	0.25	3/16	3/16	4/4	1	2	1/16	1/16	1		0	72	C5	5	905
48	48	189	189	1.0	1/4	1/4	4/4	2	1	1/4	1/4	1		1	55	G3	3	914
48	48	189	189	0.5	1/4	1/4	4/4	1	2	1/8	1/8	1		5	71	B4	4	906
48	48	189	189	0.5	1/4	1/4	4/4	1	1	1/8	1/8	1		2	74	D5	5	897
48	48	379/2	379/2	0.25	3/8	3/8	4/4	1	2	1/16	1/16	1		0	72	C5	5	907
48	48	379/2	379/2	0.25	3/8	3/8	4/4	1	1	1/16	1/16	1		-3	75	Eb5	5	898
48	48	759/4	759/4	0.25	7/16	7/16	4/4	1	2	1/16	1/16	1		2	74	D5	5	908
48	48	759/4	759/4	0.25	7/16	7/16	4/4	1	1	1/16	1/16	1		-1	77	F5	5	899
48	48	190	190	1.0	1/2	1/2	4/4	2	2	1/4	1/4	1		0	48	C3	3	917
48	48	190	190	1.0	1/2	1/2	4/4	2	1	1/4	1/4	1		1	55	G3	3	915
48	48	190	190	1.0	1/2	1/2	4/4	1	2	1/4	1/4	1		0	72	C5	5	909
48	48	190	190	0.5	1/2	1/2	4/4	1	1	1/8	1/8	1		-3	75	Eb5	5	900
48	48	381/2	381/2	0.5	5/8	5/8	4/4	1	1	1/8	1/8	1		1	79	G5	5	901
48	48	191	191	1.0	3/4	3/4	4/4	2	1	1/4	1/4	1		-3	51	Eb3	3	916
48	48	191	191	1.0	3/4	3/4	4/4	1	1	1/4	1/4	1	1	1	67	G4	4	902
48	48	383/2	383/2	0.5	7/8	7/8	4/4	1	2	1/8	1/8	1		0	60	C4	4	910
49	49	192	192	1.0	0	0	4/4	2	1	1/4	1/4	1		1	55	G3	3	929
49	49	192	192	0.5	0	0	4/4	2	2	1/8	1/8	1		5	59	B3	3	936
49	49	192	192	0.5	0	0	4/4	1	1	1/8	1/8	1	-1	1	67	G4	4	918
49	49	385/2	385/2	0.25	1/8	1/8	4/4	2	2	1/16	1/16	1		5	59	B3	3	937
49	49	385/2	385/2	0.25	1/8	1/8	4/4	1	1	1/16	1/16	1		1	67	G4	4	919
49	49	771/4	771/4	0.25	3/16	3/16	4/4	2	2	1/16	1/16	1		0	60	C4	4	938
49	49	771/4	771/4	0.25	3/16	3/16	4/4	1	1	1/16	1/16	1		3	69	A4	4	920
49	49	193	193	0.5	1/4	1/4	4/4	1	2	1/8	1/8	1		2	62	D4	4	926
49	49	193	193	0.5	1/4	1/4	4/4	1	1	1/8	1/8	1		5	71	B4	4	921
49	49	387/2	387/2	0.5	3/8	3/8	4/4	2	1	1/8	1/8	1		0	48	C3	3	930
49	49	387/2	387/2	0.5	3/8	3/8	4/4	1	2	1/8	1/8	1		-3	63	Eb4	4	927
49	49	387/2	387/2	0.5	3/8	3/8	4/4	1	1	1/8	1/8	1		0	72	C5	5	922
49	49	194	194	0.5	1/2	1/2	4/4	2	1	1/8	1/8	1		-4	56	Ab3	3	931
49	49	194	194	0.5	1/2	1/2	4/4	1	1	1/8	1/8	1		-1	65	F4	4	923
49	49	194	194	1.0	1/2	1/2	4/4	1	2	1/4	1/4	1		-1	65	F4	4	928
49	49	389/2	389/2	0.5	5/8	5/8	4/4	2	1	1/8	1/8	1		-4	56	Ab3	3	932
49	49	389/2	389/2	0.5	5/8	5/8	4/4	1	1	1/8	1/8	1		-1	65	F4	4	924
49	49	195	195	0.5	3/4	3/4	4/4	2	1	1/8	1/8	1		-4	56	Ab3	3	933
49	49	195	195	1.0	3/4	3/4	4/4	1	1	1/4	1/4	1	1	-1	77	F5	5	925
49	49	391/2	391/2	0.25	7/8	7/8	4/4	2	1	1/16	1/16	1		1	55	G3	3	934
49	49	783/4	783/4	0.25	15/16	15/16	4/4	2	1	1/16	1/16	1		-1	53	F3	3	935
50	50	196	196	0.5	0	0	4/4	2	1	1/8	1/8	1		1	55	G3	3	954
50	50	196	196	1.0	0	0	4/4	1	1	1/4	1/4	1	-1	-1	77	F5	5	939
50	50	393/2	393/2	0.5	1/8	1/8	4/4	2	1	1/8	1/8	1		0	48	C3	3	955
50	50	393/2	393/2	0.25	1/8	1/8	4/4	1	2	1/16	1/16	1		0	60	C4	4	942
50	50	787/4	787/4	0.25	3/16	3/16	4/4	1	2	1/16	1/16	1		2	62	D4	4	943
50	50	197	197	2.0	1/4	1/4	4/4	2	1	1/2	1/2	1		0	60	C4	4	956
50	50	197	197	0.5	1/4	1/4	4/4	1	2	1/8	1/8	1		-3	63	Eb4	4	944
50	50	197	197	1.0	1/4	1/4	4/4	1	1	1/4	1/4	1		-3	75	Eb5	5	940
50	50	395/2	395/2	0.25	3/8	3/8	4/4	1	2	1/16	1/16	1		2	62	D4	4	945
50	50	791/4	791/4	0.25	7/16	7/16	4/4	1	2	1/16	1/16	1		-3	63	Eb4	4	946
50	50	198	198	0.5	1/2	1/2	4/4	1	2	1/8	1/8	1		-1	65	F4	4	947
50	50	198	198	2.0	1/2	1/2	4/4	1	1	1/2	1/2	1		2	74	D5	5	941
50	50	397/2	397/2	0.25	5/8	5/8	4/4	1	2	1/16	1/16	1		-3	63	Eb4	4	948
50	50	795/4	795/4	0.25	11/16	11/16	4/4	1	2	1/16	1/16	1		-1	65	F4	4	949
50	50	199	199	1.0	3/4	3/4	4/4	2	1	1/4	1/4	1		5	59	B3	3	957
50	50	199	199	0.25	3/4	3/4	4/4	1	2	1/16	1/16	1		1	67	G4	4	950
50	50	797/4	797/4	0.25	13/16	13/16	4/4	1	2	1/16	1/16	1		-4	68	Ab4	4	951
50	50	399/2	399/2	0.25	7/8	7/8	4/4	1	2	1/16	1/16	1		1	67	G4	4	952
50	50	799/4	799/4	0.25	15/16	15/16	4/4	1	2	1/16	1/16	1		-1	65	F4	4	953
51	51	200	200	0.5	0	0	4/4	2	1	1/8	1/8	1		0	60	C4	4	973
51	51	200	200	1.0	0	0	4/4	1	2	1/4	1/4	1		-3	63	Eb4	4	968
51	51	200	200	0.5	0	0	4/4	1	1	1/8	1/8	1		0	72	C5	5	958
51	51	401/2	401/2	0.25	1/8	1/8	4/4	2	1	1/16	1/16	1		0	60	C4	4	974
51	51	401/2	401/2	0.25	1/8	1/8	4/4	1	1	1/16	1/16	1		-3	75	Eb5	5	959
51	51	803/4	803/4	0.25	3/16	3/16	4/4	2	1	1/16	1/16	1		-2	58	Bb3	3	975
51	51	803/4	803/4	0.25	3/16	3/16	4/4	1	1	1/16	1/16	1		2	74	D5	5	960
51	51	201	201	0.5	1/4	1/4	4/4	2	1	1/8	1/8	1		3	57	A3	3	976
51	51	201	201	0.5	1/4	1/4	4/4	1	1	1/8	1/8	1		0	72	C5	5	961
51	51	403/2	403/2	0.25	3/8	3/8	4/4	2	1	1/16	1/16	1		-2	58	Bb3	3	977
51	51	403/2	403/2	0.25	3/8	3/8	4/4	1	1	1/16	1/16	1		2	74	D5	5	962
51	51	807/4	807/4	0.25	7/16	7/16	4/4	2	1	1/16	1/16	1		3	57	A3	3	978
51	51	807/4	807/4	0.25	7/16	7/16	4/4	1	1	1/16	1/16	1		0	72	C5	5	963
51	51	202	202	0.5	1/2	1/2	4/4	2	1	1/8	1/8	1		1	55	G3	3	979
51	51	202	202	0.5	1/2	1/2	4/4	1	1	1/8	1/8	1		-2	70	Bb4	4	964
51	51	405/2	405/2	0.25	5/8	5/8	4/4	2	1	1/16	1/16	1		3	57	A3	3	980
51	51	405/2	405/2	0.25	5/8	5/8	4/4	1	1	1/16	1/16	1		0	72	C5	5	965
51	51	811/4	811/4	0.25	11/16	11/16	4/4	2	1	1/16	1/16	1		1	55	G3	3	981
51	51	811/4	811/4	0.25	11/16	11/16	4/4	1	1	1/16	1/16	1		-2	70	Bb4	4	966
51	51	203	203	0.25	3/4	3/4	4/4	2	1	1/16	1/16	1		6	54	F#3	3	982
51	51	203	203	0.25	3/4	3/4	4/4	1	2	1/16	1/16	1		3	69	A4	4	969
51	51	203	203	1.0	3/4	3/4	4/4	1	1	1/4	1/4	1		0	72	C5	5	967
51	51	813/4	813/4	0.25	13/16	13/16	4/4	2	1	1/16	1/16	1		2	50	D3	3	983
51	51	813/4	813/4	0.25	13/16	13/16	4/4	1	2	1/16	1/16	1		6	66	F#4	4	970
51	51	407/2	407/2	0.25	7/8	7/8	4/4	2	1	1/16	1/16	1		4	52	E3	3	984
51	51	407/2	407/2	0.25	7/8	7/8	4/4	1	2	1/16	1/16	1		1	67	G4	4	971
51	51	815/4	815/4	0.25	15/16	15/16	4/4	2	1	1/16	1/16	1		6	54	F#3	3	985
51	51	815/4	815/4	0.25	15/16	15/16	4/4	1	2	1/16	1/16	1		3	69	A4	4	972
52	52	204	204	0.5	0	0	4/4	2	1	1/8	1/8	1		1	55	G3	3	1001
52	52	204	204	1.0	0	0	4/4	1	2	1/4	1/4	1		1	67	G4	4	996
52	52	204	204	0.5	0	0	4/4	1	1	1/8	1/8	1		-2	70	Bb4	4	986
52	52	409/2	409/2	0.25	1/8	1/8	4/4	2	1	1/16	1/16	1		-2	58	Bb3	3	1002
52	52	409/2	409/2	0.25	1/8	1/8	4/4	1	1	1/16	1/16	1		-5	73	Db5	5	987
52	52	819/4	819/4	0.25	3/16	3/16	4/4	2	1	1/16	1/16	1		-4	56	Ab3	3	1003
52	52	819/4	819/4	0.25	3/16	3/16	4/4	1	1	1/16	1/16	1		0	72	C5	5	988
52	52	205	205	0.5	1/4	1/4	4/4	2	1	1/8	1/8	1		1	55	G3	3	1004
52	52	205	205	0.5	1/4	1/4	4/4	1	1	1/8	1/8	1		-2	70	Bb4	4	989
52	52	411/2	411/2	0.25	3/8	3/8	4/4	2	1	1/16	1/16	1		-4	56	Ab3	3	1005
52	52	411/2	411/2	0.25	3/8	3/8	4/4	1	1	1/16	1/16	1		0	72	C5	5	990
52	52	823/4	823/4	0.25	7/16	7/16	4/4	2	1	1/16	1/16	1		1	55	G3	3	1006
52	52	823/4	823/4	0.25	7/16	7/16	4/4	1	1	1/16	1/16	1		-2	70	Bb4	4	991
52	52	206	206	0.5	1/2	1/2	4/4	2	1	1/8	1/8	1		-1	53	F3	3	1007
52	52	206	206	0.5	1/2	1/2	4/4	1	1	1/8	1/8	1		-4	68	Ab4	4	992
52	52	413/2	413/2	0.25	5/8	5/8	4/4	2	1	1/16	1/16	1		1	55	G3	3	1008
52	52	413/2	413/2	0.25	5/8	5/8	4/4	1	1	1/16	1/16	1		-2	70	Bb4	4	993
52	52	827/4	827/4	0.25	11/16	11/16	4/4	2	1	1/16	1/16	1		-1	53	F3	3	1009
52	52	827/4	827/4	0.25	11/16	11/16	4/4	1	1	1/16	1/16	1		-4	68	Ab4	4	994
52	52	207	207	0.25	3/4	3/4	4/4	2	1	1/16	1/16	1		4	52	E3	3	1010
52	52	207	207	0.25	3/4	3/4	4/4	1	2	1/16	1/16	1		1	67	G4	4	997
52	52	207	207	1.0	3/4	3/4	4/4	1	1	1/4	1/4	1		-2	70	Bb4	4	995
52	52	829/4	829/4	0.25	13/16	13/16	4/4	2	1	1/16	1/16	1		0	48	C3	3	1011
52	52	829/4	829/4	0.25	13/16	13/16	4/4	1	2	1/16	1/16	1		4	64	E4	4	998
52	52	415/2	415/2	0.25	7/8	7/8	4/4	2	1	1/16	1/16	1		2	50	D3	3	1012
52	52	415/2	415/2	0.25	7/8	7/8	4/4	1	2	1/16	1/16	1		-1	65	F4	4	999
52	52	831/4	831/4	0.25	15/16	15/16	4/4	2	1	1/16	1/16	1		4	52	E3	3	1013
52	52	831/4	831/4	0.25	15/16	15/16	4/4	1	2	1/16	1/16	1		1	67	G4	4	1000
53	53	208	208	0.5	0	0	4/4	2	1	1/8	1/8	1		-1	53	F3	3	1026
53	53	208	208	0.5	0	0	4/4	1	2	1/8	1/8	1		-4	68	Ab4	4	1018
53	53	208	208	1.0	0	0	4/4	1	1	1/4	1/4	1		0	72	C5	5	1014
53	53	417/2	417/2	0.5	1/8	1/8	4/4	2	1	1/8	1/8	1		-1	65	F4	4	1027
53	53	417/2	417/2	0.25	1/8	1/8	4/4	1	2	1/16	1/16	1		-2	70	Bb4	4	1019
53	53	835/4	835/4	0.25	3/16	3/16	4/4	1	2	1/16	1/16	1		-4	68	Ab4	4	1020
53	53	209	209	0.5	1/4	1/4	4/4	2	1	1/8	1/8	1		-3	63	Eb4	4	1028
53	53	209	209	0.5	1/4	1/4	4/4	1	2	1/8	1/8	1		1	67	G4	4	1021
53	53	209	209	1.0	1/4	1/4	4/4	1	1	1/4	1/4	1		-3	75	Eb5	5	1015
53	53	419/2	419/2	0.5	3/8	3/8	4/4	2	1	1/8	1/8	1		2	62	D4	4	1029
53	53	419/2	419/2	0.5	3/8	3/8	4/4	1	2	1/8	1/8	1		-1	65	F4	4	1022
53	53	210	210	1.0	1/2	1/2	4/4	2	1	1/4	1/4	1		0	60	C4	4	1030
53	53	210	210	0.5	1/2	1/2	4/4	1	2	1/8	1/8	1		-3	63	Eb4	4	1023
53	53	210	210	1.0	1/2	1/2	4/4	1	1	1/4	1/4	1		1	79	G5	5	1016
53	53	421/2	421/2	0.5	5/8	5/8	4/4	1	2	1/8	1/8	1		1	67	G4	4	1024
53	53	211	211	1.0	3/4	3/4	4/4	1	2	1/4	1/4	1		0	72	C5	5	1025
53	53	423/2	423/2	0.5	7/8	7/8	4/4	2	1	1/8	1/8	1		-3	51	Eb3	3	1031
53	53	423/2	423/2	0.5	7/8	7/8	4/4	1	1	1/8	1/8	1	1	0	72	C5	5	1017
54	54	212	212	1.0	0	0	4/4	2	1	1/4	1/4	1		-1	53	F3	3	1049
54	54	212	212	0.5	0	0	4/4	1	1	1/8	1/8	1	-1	0	72	C5	5	1032
54	54	212	212	0.5	0	0	4/4	1	2	1/8	1/8	1		-4	80	Ab5	5	1041
54	54	425/2	425/2	0.25	1/8	1/8	4/4	1	1	1/16	1/16	1		2	74	D5	5	1033
54	54	425/2	425/2	0.5	1/8	1/8	4/4	1	2	1/8	1/8	1		-4	80	Ab5	5	1042
54	54	851/4	851/4	0.25	3/16	3/16	4/4	1	1	1/16	1/16	1		-3	75	Eb5	5	1034
54	54	213	213	1.0	1/4	1/4	4/4	1	1	1/4	1/4	1	1	-1	77	F5	5	1035
54	54	213	213	0.5	1/4	1/4	4/4	1	2	1/8	1/8	1		-4	80	Ab5	5	1043
54	54	427/2	427/2	0.25	3/8	3/8	4/4	1	2	1/16	1/16	1		1	79	G5	5	1044
54	54	855/4	855/4	0.25	7/16	7/16	4/4	1	2	1/16	1/16	1		-1	77	F5	5	1045
54	54	214	214	1.0	1/2	1/2	4/4	2	1	1/4	1/4	1		0	60	C4	4	1050
54	54	214	214	0.5	1/2	1/2	4/4	1	1	1/8	1/8	1	-1	-1	77	F5	5	1036
54	54	214	214	0.5	1/2	1/2	4/4	1	2	1/8	1/8	1		1	79	G5	5	1046
54	54	429/2	429/2	0.5	5/8	5/8	4/4	1	2	1/8	1/8	1		0	72	C5	5	1047
54	54	429/2	429/2	0.25	5/8	5/8	4/4	1	1	1/16	1/16	1		-3	75	Eb5	5	1037
54	54	859/4	859/4	0.25	11/16	11/16	4/4	1	1	1/16	1/16	1		2	74	D5	5	1038
54	54	215	215	0.5	3/4	3/4	4/4	1	1	1/8	1/8	1		0	72	C5	5	1039
54	54	215	215	1.0	3/4	3/4	4/4	1	2	1/4	1/4	1	1	0	84	C6	6	1048
54	54	431/2	431/2	0.5	7/8	7/8	4/4	2	1	1/8	1/8	1		0	60	C4	4	1051
54	54	431/2	431/2	0.5	7/8	7/8	4/4	1	1	1/8	1/8	1		0	72	C5	5	1040
55	55	216	216	0.5	0	0	4/4	2	1	1/8	1/8	1		-5	61	Db4	4	1062
55	55	216	216	1.0	0	0	4/4	1	2	1/4	1/4	1		-1	77	F5	5	1055
55	55	216	216	1.0	0	0	4/4	1	1	1/4	1/4	1	-1	0	84	C6	6	1052
55	55	433/2	433/2	0.5	1/8	1/8	4/4	2	1	1/8	1/8	1		-5	61	Db4	4	1063
55	55	217	217	0.5	1/4	1/4	4/4	2	1	1/8	1/8	1		-5	61	Db4	4	1064
55	55	217	217	2.0	1/4	1/4	4/4	1	1	1/2	1/2	1		-2	82	Bb5	5	1053
55	55	435/2	435/2	0.25	3/8	3/8	4/4	2	1	1/16	1/16	1		0	60	C4	4	1065
55	55	435/2	435/2	0.5	3/8	3/8	4/4	1	2	1/8	1/8	1		-2	70	Bb4	4	1056
55	55	871/4	871/4	0.25	7/16	7/16	4/4	2	1	1/16	1/16	1		-2	58	Bb3	3	1066
55	55	218	218	1.0	1/2	1/2	4/4	2	1	1/4	1/4	1		0	60	C4	4	1067
55	55	218	218	0.5	1/2	1/2	4/4	1	2	1/8	1/8	1		-3	75	Eb5	5	1057
55	55	437/2	437/2	0.5	5/8	5/8	4/4	1	2	1/8	1/8	1		-3	75	Eb5	5	1058
55	55	219	219	0.5	3/4	3/4	4/4	1	2	1/8	1/8	1		-3	75	Eb5	5	1059
55	55	219	219	1.0	3/4	3/4	4/4	1	1	1/4	1/4	1	1	-4	80	Ab5	5	1054
55	55	439/2	439/2	0.5	7/8	7/8	4/4	2	1	1/8	1/8	1		-4	56	Ab3	3	1068
55	55	439/2	439/2	0.25	7/8	7/8	4/4	1	2	1/16	1/16	1		-5	73	Db5	5	1060
55	55	879/4	879/4	0.25	15/16	15/16	4/4	1	2	1/16	1/16	1		0	72	C5	5	1061
56	56	220	220	0.5	0	0	4/4	2	1	1/8	1/8	1		-2	58	Bb3	3	1079
56	56	220	220	1.0	0	0	4/4	1	2	1/4	1/4	1		-5	73	Db5	5	1072
56	56	220	220	1.0	0	0	4/4	1	1	1/4	1/4	1	-1	-4	80	Ab5	5	1069
56	56	441/2	441/2	0.5	1/8	1/8	4/4	2	1	1/8	1/8	1		-2	58	Bb3	3	1080
56	56	221	221	0.5	1/4	1/4	4/4	2	1	1/8	1/8	1		-2	58	Bb3	3	1081
56	56	221	221	2.0	1/4	1/4	4/4	1	1	1/2	1/2	1		1	79	G5	5	1070
56	56	443/2	443/2	0.25	3/8	3/8	4/4	2	1	1/16	1/16	1		-4	56	Ab3	3	1082
56	56	443/2	443/2	0.5	3/8	3/8	4/4	1	2	1/8	1/8	1		1	67	G4	4	1073
56	56	887/4	887/4	0.25	7/16	7/16	4/4	2	1	1/16	1/16	1		1	55	G3	3	1083
56	56	222	222	1.0	1/2	1/2	4/4	2	1	1/4	1/4	1		-4	56	Ab3	3	1084
56	56	222	222	0.5	1/2	1/2	4/4	1	2	1/8	1/8	1		0	72	C5	5	1074
56	56	445/2	445/2	0.5	5/8	5/8	4/4	1	2	1/8	1/8	1		0	72	C5	5	1075
56	56	223	223	0.5	3/4	3/4	4/4	1	2	1/8	1/8	1		0	72	C5	5	1076
56	56	223	223	1.0	3/4	3/4	4/4	1	1	1/4	1/4	1	1	-1	77	F5	5	1071
56	56	447/2	447/2	0.5	7/8	7/8	4/4	2	1	1/8	1/8	1		-1	53	F3	3	1085
56	56	447/2	447/2	0.25	7/8	7/8	4/4	1	2	1/16	1/16	1		-2	70	Bb4	4	1077
56	56	895/4	895/4	0.25	15/16	15/16	4/4	1	2	1/16	1/16	1		-4	68	Ab4	4	1078
57	57	224	224	0.5	0	0	4/4	2	1	1/8	1/8	1		1	55	G3	3	1096
57	57	224	224	1.0	0	0	4/4	1	2	1/4	1/4	1		-2	70	Bb4	4	1089
57	57	224	224	1.0	0	0	4/4	1	1	1/4	1/4	1	-1	-1	77	F5	5	1086
57	57	449/2	449/2	0.5	1/8	1/8	4/4	2	1	1/8	1/8	1		1	55	G3	3	1097
57	57	225	225	0.5	1/4	1/4	4/4	2	1	1/8	1/8	1		1	55	G3	3	1098
57	57	225	225	2.0	1/4	1/4	4/4	1	1	1/2	1/2	1		-3	75	Eb5	5	1087
57	57	451/2	451/2	0.25	3/8	3/8	4/4	2	1	1/16	1/16	1		-1	53	F3	3	1099
57	57	451/2	451/2	0.5	3/8	3/8	4/4	1	2	1/8	1/8	1		1	67	G4	4	1090
57	57	903/4	903/4	0.25	7/16	7/16	4/4	2	1	1/16	1/16	1		-3	51	Eb3	3	1100
57	57	226	226	1.0	1/2	1/2	4/4	2	1	1/4	1/4	1		-1	53	F3	3	1101
57	57	226	226	0.5	1/2	1/2	4/4	1	2	1/8	1/8	1		-4	68	Ab4	4	1091
57	57	453/2	453/2	0.5	5/8	5/8	4/4	1	2	1/8	1/8	1		-4	68	Ab4	4	1092
57	57	227	227	1.0	3/4	3/4	4/4	2	1	1/4	1/4	1		-2	58	Bb3	3	1102
57	57	227	227	0.5	3/4	3/4	4/4	1	2	1/8	1/8	1		-4	68	Ab4	4	1093
57	57	227	227	1.0	3/4	3/4	4/4	1	1	1/4	1/4	1		2	74	D5	5	1088
57	57	455/2	455/2	0.25	7/8	7/8	4/4	1	2	1/16	1/16	1		1	67	G4	4	1094
57	57	911/4	911/4	0.25	15/16	15/16	4/4	1	2	1/16	1/16	1		-1	65	F4	4	1095
58	58	228	228	0.5	0	0	4/4	2	1	1/8	1/8	1		-3	51	Eb3	3	1108
58	58	228	228	1.0	0	0	4/4	1	2	1/4	1/4	1		-3	63	Eb4	4	1104
58	58	228	228	1.0	0	0	4/4	1	1	1/4	1/4	1		1	67	G4	4	1103
58	58	228	228	1.0	0	0	4/4	1	1	1/4	1/4	1		-3	75	Eb5	5	1103
58	58	457/2	457/2	0.25	1/8	1/8	4/4	2	1	1/16	1/16	1		-2	58	Bb3	3	1109
58	58	915/4	915/4	0.25	3/16	3/16	4/4	2	1	1/16	1/16	1		-4	56	Ab3	3	1110
58	58	229	229	0.5	1/4	1/4	4/4	2	1	1/8	1/8	1		1	55	G3	3	1111
58	58	229	229	1.0	1/4	1/4	4/4	1	2	1/4	1/4	1		1	67	G4	4	1105
58	58	459/2	459/2	0.25	3/8	3/8	4/4	2	1	1/16	1/16	1		1	55	G3	3	1112
58	58	919/4	919/4	0.25	7/16	7/16	4/4	2	1	1/16	1/16	1		-1	53	F3	3	1113
58	58	230	230	0.5	1/2	1/2	4/4	2	1	1/8	1/8	1		-3	51	Eb3	3	1114
58	58	230	230	1.0	1/2	1/2	4/4	1	2	1/4	1/4	1		-2	70	Bb4	4	1106
58	58	461/2	461/2	0.25	5/8	5/8	4/4	2	1	1/16	1/16	1		-3	51	Eb3	3	1115
58	58	923/4	923/4	0.25	11/16	11/16	4/4	2	1	1/16	1/16	1		-1	53	F3	3	1116
58	58	231	231	0.25	3/4	3/4	4/4	2	1	1/16	1/16	1		-3	51	Eb3	3	1117
58	58	925/4	925/4	0.25	13/16	13/16	4/4	2	1	1/16	1/16	1		-5	49	Db3	3	1118
58	58	463/2	463/2	0.25	7/8	7/8	4/4	2	1	1/16	1/16	1		0	48	C3	3	1119
58	58	463/2	463/2	0.5	7/8	7/8	4/4	1	2	1/8	1/8	1		-3	63	Eb4	4	1107
58	58	927/4	927/4	0.25	15/16	15/16	4/4	2	1	1/16	1/16	1		-2	46	Bb2	2	1120
59	59	232	232	1.0	0	0	4/4	2	1	1/4	1/4	1		-4	44	Ab2	2	1133
59	59	232	232	0.5	0	0	4/4	1	2	1/8	1/8	1		0	72	C5	5	1125
59	59	232	232	1.0	0	0	4/4	1	1	1/4	1/4	1		0	72	C5	5	1121
59	59	465/2	465/2	0.5	1/8	1/8	4/4	1	2	1/8	1/8	1		0	72	C5	5	1126
59	59	233	233	1.0	1/4	1/4	4/4	2	1	1/4	1/4	1		0	48	C3	3	1134
59	59	233	233	0.5	1/4	1/4	4/4	1	2	1/8	1/8	1		0	72	C5	5	1127
59	59	233	233	1.0	1/4	1/4	4/4	1	1	1/4	1/4	1		-3	75	Eb5	5	1122
59	59	467/2	467/2	0.25	3/8	3/8	4/4	1	2	1/16	1/16	1		-2	70	Bb4	4	1128
59	59	935/4	935/4	0.25	7/16	7/16	4/4	1	2	1/16	1/16	1		-4	68	Ab4	4	1129
59	59	234	234	1.0	1/2	1/2	4/4	2	1	1/4	1/4	1		-3	51	Eb3	3	1135
59	59	234	234	0.5	1/2	1/2	4/4	1	2	1/8	1/8	1		-2	70	Bb4	4	1130
59	59	234	234	1.5	1/2	1/2	4/4	1	1	3/8	1/4	3/2		1	79	G5	5	1123
59	59	469/2	469/2	0.5	5/8	5/8	4/4	1	2	1/8	1/8	1		-3	63	Eb4	4	1131
59	59	235	235	1.0	3/4	3/4	4/4	1	2	1/4	1/4	1	1	-3	75	Eb5	5	1132
59	59	471/2	471/2	0.5	7/8	7/8	4/4	1	1	1/8	1/8	1		0	72	C5	5	1124
60	60	236	236	1.0	0	0	4/4	2	1	1/4	1/4	1		-1	53	F3	3	1150
60	60	236	236	0.5	0	0	4/4	1	2	1/8	1/8	1	-1	-3	75	Eb5	5	1144
60	60	236	236	0.5	0	0	4/4	1	1	1/8	1/8	1		-4	80	Ab5	5	1136
60	60	473/2	473/2	0.5	1/8	1/8	4/4	1	2	1/8	1/8	1		2	74	D5	5	1145
60	60	473/2	473/2	0.5	1/8	1/8	4/4	1	1	1/8	1/8	1		-4	80	Ab5	5	1137
60	60	237	237	1.0	1/4	1/4	4/4	2	1	1/4	1/4	1		-4	56	Ab3	3	1151
60	60	237	237	0.5	1/4	1/4	4/4	1	2	1/8	1/8	1		0	72	C5	5	1146
60	60	237	237	0.5	1/4	1/4	4/4	1	1	1/8	1/8	1		-4	80	Ab5	5	1138
60	60	475/2	475/2	0.5	3/8	3/8	4/4	1	2	1/8	1/8	1		2	74	D5	5	1147
60	60	475/2	475/2	0.25	3/8	3/8	4/4	1	1	1/16	1/16	1		1	79	G5	5	1139
60	60	951/4	951/4	0.25	7/16	7/16	4/4	1	1	1/16	1/16	1		-1	77	F5	5	1140
60	60	238	238	1.0	1/2	1/2	4/4	2	1	1/4	1/4	1		0	60	C4	4	1152
60	60	238	238	1.0	1/2	1/2	4/4	1	2	1/4	1/4	1		-3	75	Eb5	5	1148
60	60	238	238	0.5	1/2	1/2	4/4	1	1	1/8	1/8	1		1	79	G5	5	1141
60	60	477/2	477/2	0.5	5/8	5/8	4/4	1	1	1/8	1/8	1		0	72	C5	5	1142
60	60	239	239	1.0	3/4	3/4	4/4	1	1	1/4	1/4	1	1	0	84	C6	6	1143
60	60	479/2	479/2	0.5	7/8	7/8	4/4	2	1	1/8	1/8	1		-1	53	F3	3	1153
60	60	479/2	479/2	0.5	7/8	7/8	4/4	1	2	1/8	1/8	1		-4	80	Ab5	5	1149
61	61	240	240	0.5	0	0	4/4	2	1	1/8	1/8	1		-5	61	Db4	4	1160
61	61	240	240	2.0	0	0	4/4	1	2	1/2	1/2	1		-1	77	F5	5	1157
61	61	240	240	1.0	0	0	4/4	1	1	1/4	1/4	1	-1	0	84	C6	6	1154
61	61	481/2	481/2	0.5	1/8	1/8	4/4	2	1	1/8	1/8	1		-5	61	Db4	4	1161
61	61	241	241	0.5	1/4	1/4	4/4	2	1	1/8	1/8	1		-5	61	Db4	4	1162
61	61	241	241	2.0	1/4	1/4	4/4	1	1	1/2	1/2	1		-2	82	Bb5	5	1155
61	61	483/2	483/2	0.25	3/8	3/8	4/4	2	1	1/16	1/16	1		0	60	C4	4	1163
61	61	967/4	967/4	0.25	7/16	7/16	4/4	2	1	1/16	1/16	1		-2	58	Bb3	3	1164
61	61	242	242	0.5	1/2	1/2	4/4	2	1	1/8	1/8	1		0	60	C4	4	1165
61	61	242	242	1.5	1/2	1/2	4/4	1	2	3/8	1/4	3/2		-3	75	Eb5	5	1158
61	61	485/2	485/2	0.25	5/8	5/8	4/4	2	1	1/16	1/16	1		0	60	C4	4	1166
61	61	971/4	971/4	0.25	11/16	11/16	4/4	2	1	1/16	1/16	1		-2	58	Bb3	3	1167
61	61	243	243	0.5	3/4	3/4	4/4	2	1	1/8	1/8	1		0	60	C4	4	1168
61	61	243	243	1.0	3/4	3/4	4/4	1	1	1/4	1/4	1		-4	80	Ab5	5	1156
61	61	487/2	487/2	0.5	7/8	7/8	4/4	2	1	1/8	1/8	1		2	62	D4	4	1169
61	61	487/2	487/2	0.5	7/8	7/8	4/4	1	2	1/8	1/8	1		-1	77	F5	5	1159
62	62	244	244	1.0	0	0	4/4	2	1	1/4	1/4	1		-3	39	Eb2	2	1196
62	62	244	244	1.0	0	0	4/4	2	1	1/4	1/4	1		-3	51	Eb3	3	1196
62	62	244	244	0.5	0	0	4/4	1	2	1/8	1/8	1		-3	75	Eb5	5	1183
62	62	244	244	0.5	0	0	4/4	1	1	1/8	1/8	1		1	79	G5	5	1170
62	62	489/2	489/2	0.25	1/8	1/8	4/4	1	2	1/16	1/16	1		1	79	G5	5	1184
62	62	489/2	489/2	0.25	1/8	1/8	4/4	1	1	1/16	1/16	1		-2	82	Bb5	5	1171
62	62	979/4	979/4	0.25	3/16	3/16	4/4	1	2	1/16	1/16	1		-1	77	F5	5	1185
62	62	979/4	979/4	0.25	3/16	3/16	4/4	1	1	1/16	1/16	1		-4	80	Ab5	5	1172
62	62	245	245	1.0	1/4	1/4	4/4	2	1	1/4	1/4	1		1	43	G2	2	1197
62	62	245	245	1.0	1/4	1/4	4/4	2	1	1/4	1/4	1		1	55	G3	3	1197
62	62	245	245	0.5	1/4	1/4	4/4	1	2	1/8	1/8	1		-3	75	Eb5	5	1186
62	62	245	245	0.5	1/4	1/4	4/4	1	1	1/8	1/8	1		1	79	G5	5	1173
62	62	491/2	491/2	0.25	3/8	3/8	4/4	1	2	1/16	1/16	1		-1	77	F5	5	1187
62	62	491/2	491/2	0.25	3/8	3/8	4/4	1	1	1/16	1/16	1		-4	80	Ab5	5	1174
62	62	983/4	983/4	0.25	7/16	7/16	4/4	1	2	1/16	1/16	1		-3	75	Eb5	5	1188
62	62	983/4	983/4	0.25	7/16	7/16	4/4	1	1	1/16	1/16	1		1	79	G5	5	1175
62	62	246	246	1.0	1/2	1/2	4/4	2	1	1/4	1/4	1		-2	46	Bb2	2	1198
62	62	246	246	1.0	1/2	1/2	4/4	2	1	1/4	1/4	1		-2	58	Bb3	3	1198
62	62	246	246	0.5	1/2	1/2	4/4	1	2	1/8	1/8	1		2	74	D5	5	1189
62	62	246	246	0.5	1/2	1/2	4/4	1	1	1/8	1/8	1		-1	77	F5	5	1176
62	62	493/2	493/2	0.25	5/8	5/8	4/4	1	2	1/16	1/16	1		-2	70	Bb4	4	1190
62	62	493/2	493/2	0.25	5/8	5/8	4/4	1	1	1/16	1/16	1		2	74	D5	5	1177
62	62	987/4	987/4	0.25	11/16	11/16	4/4	1	2	1/16	1/16	1		0	72	C5	5	1191
62	62	987/4	987/4	0.25	11/16	11/16	4/4	1	1	1/16	1/16	1		-3	75	Eb5	5	1178
62	62	247	247	0.25	3/4	3/4	4/4	1	2	1/16	1/16	1		2	74	D5	5	1192
62	62	247	247	0.25	3/4	3/4	4/4	1	1	1/16	1/16	1		-1	77	F5	5	1179
62	62	989/4	989/4	0.25	13/16	13/16	4/4	1	2	1/16	1/16	1		-2	70	Bb4	4	1193
62	62	989/4	989/4	0.25	13/16	13/16	4/4	1	1	1/16	1/16	1		2	74	D5	5	1180
62	62	495/2	495/2	0.25	7/8	7/8	4/4	1	2	1/16	1/16	1		0	72	C5	5	1194
62	62	495/2	495/2	0.25	7/8	7/8	4/4	1	1	1/16	1/16	1		-3	75	Eb5	5	1181
62	62	991/4	991/4	0.25	15/16	15/16	4/4	1	2	1/16	1/16	1		2	74	D5	5	1195
62	62	991/4	991/4	0.25	15/16	15/16	4/4	1	1	1/16	1/16	1		-1	77	F5	5	1182
63	63	248	248	1.0	0	0	4/4	2	1	1/4	1/4	1		-3	51	Eb3	3	1225
63	63	248	248	0.5	0	0	4/4	1	2	1/8	1/8	1		-3	75	Eb5	5	1212
63	63	248	248	0.5	0	0	4/4	1	1	1/8	1/8	1		1	79	G5	5	1199
63	63	497/2	497/2	0.25	1/8	1/8	4/4	1	2	1/16	1/16	1		1	79	G5	5	1213
63	63	497/2	497/2	0.25	1/8	1/8	4/4	1	1	1/16	1/16	1		-2	82	Bb5	5	1200
63	63	995/4	995/4	0.25	3/16	3/16	4/4	1	2	1/16	1/16	1		-1	77	F5	5	1214
63	63	995/4	995/4	0.25	3/16	3/16	4/4	1	1	1/16	1/16	1		-4	80	Ab5	5	1201
63	63	249	249	1.0	1/4	1/4	4/4	2	1	1/4	1/4	1		1	55	G3	3	1226
63	63	249	249	0.5	1/4	1/4	4/4	1	2	1/8	1/8	1		-3	75	Eb5	5	1215
63	63	249	249	0.5	1/4	1/4	4/4	1	1	1/8	1/8	1		1	79	G5	5	1202
63	63	499/2	499/2	0.25	3/8	3/8	4/4	1	2	1/16	1/16	1		-1	77	F5	5	1216
63	63	499/2	499/2	0.25	3/8	3/8	4/4	1	1	1/16	1/16	1		-4	80	Ab5	5	1203
63	63	999/4	999/4	0.25	7/16	7/16	4/4	1	2	1/16	1/16	1		-3	75	Eb5	5	1217
63	63	999/4	999/4	0.25	7/16	7/16	4/4	1	1	1/16	1/16	1		1	79	G5	5	1204
63	63	250	250	1.0	1/2	1/2	4/4	2	1	1/4	1/4	1		-2	58	Bb3	3	1227
63	63	250	250	0.5	1/2	1/2	4/4	1	2	1/8	1/8	1		2	74	D5	5	1218
63	63	250	250	0.5	1/2	1/2	4/4	1	1	1/8	1/8	1		-1	77	F5	5	1205
63	63	501/2	501/2	0.25	5/8	5/8	4/4	1	2	1/16	1/16	1		-2	70	Bb4	4	1219
63	63	501/2	501/2	0.25	5/8	5/8	4/4	1	1	1/16	1/16	1		2	74	D5	5	1206
63	63	1003/4	1003/4	0.25	11/16	11/16	4/4	1	2	1/16	1/16	1		0	72	C5	5	1220
63	63	1003/4	1003/4	0.25	11/16	11/16	4/4	1	1	1/16	1/16	1		-3	75	Eb5	5	1207
63	63	251	251	0.25	3/4	3/4	4/4	1	2	1/16	1/16	1		2	74	D5	5	1221
63	63	251	251	0.25	3/4	3/4	4/4	1	1	1/16	1/16	1		-1	77	F5	5	1208
63	63	1005/4	1005/4	0.25	13/16	13/16	4/4	1	2	1/16	1/16	1		-3	75	Eb5	5	1222
63	63	1005/4	1005/4	0.25	13/16	13/16	4/4	1	1	1/16	1/16	1		1	79	G5	5	1209
63	63	503/2	503/2	0.25	7/8	7/8	4/4	1	2	1/16	1/16	1		-1	77	F5	5	1223
63	63	503/2	503/2	0.25	7/8	7/8	4/4	1	1	1/16	1/16	1		-4	80	Ab5	5	1210
63	63	1007/4	1007/4	0.25	15/16	15/16	4/4	1	2	1/16	1/16	1		2	74	D5	5	1224
63	63	1007/4	1007/4	0.25	15/16	15/16	4/4	1	1	1/16	1/16	1		-1	77	F5	5	1211
64	64	252	252	1.0	0	0	4/4	2	1	1/4	1/4	1		0	36	C2	2	1254
64	64	252	252	1.0	0	0	4/4	2	1	1/4	1/4	1		0	48	C3	3	1254
64	64	252	252	0.5	0	0	4/4	1	2	1/8	1/8	1		0	72	C5	5	1241
64	64	252	252	0.5	0	0	4/4	1	1	1/8	1/8	1		-3	75	Eb5	5	1228
64	64	505/2	505/2	0.25	1/8	1/8	4/4	1	2	1/16	1/16	1		-3	75	Eb5	5	1242
64	64	505/2	505/2	0.25	1/8	1/8	4/4	1	1	1/16	1/16	1		1	79	G5	5	1229
64	64	1011/4	1011/4	0.25	3/16	3/16	4/4	1	2	1/16	1/16	1		2	74	D5	5	1243
64	64	1011/4	1011/4	0.25	3/16	3/16	4/4	1	1	1/16	1/16	1		-1	77	F5	5	1230
64	64	253	253	1.0	1/4	1/4	4/4	2	1	1/4	1/4	1		-3	39	Eb2	2	1255
64	64	253	253	1.0	1/4	1/4	4/4	2	1	1/4	1/4	1		-3	51	Eb3	3	1255
64	64	253	253	0.5	1/4	1/4	4/4	1	2	1/8	1/8	1		0	72	C5	5	1244
64	64	253	253	0.5	1/4	1/4	4/4	1	1	1/8	1/8	1		-3	75	Eb5	5	1231
64	64	507/2	507/2	0.25	3/8	3/8	4/4	1	2	1/16	1/16	1		2	74	D5	5	1245
64	64	507/2	507/2	0.25	3/8	3/8	4/4	1	1	1/16	1/16	1		-1	77	F5	5	1232
64	64	1015/4	1015/4	0.25	7/16	7/16	4/4	1	2	1/16	1/16	1		0	72	C5	5	1246
64	64	1015/4	1015/4	0.25	7/16	7/16	4/4	1	1	1/16	1/16	1		-3	75	Eb5	5	1233
64	64	254	254	1.0	1/2	1/2	4/4	2	1	1/4	1/4	1		1	43	G2	2	1256
64	64	254	254	1.0	1/2	1/2	4/4	2	1	1/4	1/4	1		1	55	G3	3	1256
64	64	254	254	0.5	1/2	1/2	4/4	1	2	1/8	1/8	1		5	71	B4	4	1247
64	64	254	254	0.5	1/2	1/2	4/4	1	1	1/8	1/8	1		2	74	D5	5	1234
64	64	509/2	509/2	0.25	5/8	5/8	4/4	1	2	1/16	1/16	1		1	67	G4	4	1248
64	64	509/2	509/2	0.25	5/8	5/8	4/4	1	1	1/16	1/16	1		5	71	B4	4	1235
64	64	1019/4	1019/4	0.25	11/16	11/16	4/4	1	2	1/16	1/16	1		3	69	A4	4	1249
64	64	1019/4	1019/4	0.25	11/16	11/16	4/4	1	1	1/16	1/16	1		0	72	C5	5	1236
64	64	255	255	0.25	3/4	3/4	4/4	1	2	1/16	1/16	1		5	71	B4	4	1250
64	64	255	255	0.25	3/4	3/4	4/4	1	1	1/16	1/16	1		2	74	D5	5	1237
64	64	1021/4	1021/4	0.25	13/16	13/16	4/4	1	2	1/16	1/16	1		1	67	G4	4	1251
64	64	1021/4	1021/4	0.25	13/16	13/16	4/4	1	1	1/16	1/16	1		5	71	B4	4	1238
64	64	511/2	511/2	0.25	7/8	7/8	4/4	1	2	1/16	1/16	1		3	69	A4	4	1252
64	64	511/2	511/2	0.25	7/8	7/8	4/4	1	1	1/16	1/16	1		0	72	C5	5	1239
64	64	1023/4	1023/4	0.25	15/16	15/16	4/4	1	2	1/16	1/16	1		5	71	B4	4	1253
64	64	1023/4	1023/4	0.25	15/16	15/16	4/4	1	1	1/16	1/16	1		2	74	D5	5	1240
65	65	256	256	1.0	0	0	4/4	2	1	1/4	1/4	1		0	48	C3	3	1283
65	65	256	256	0.5	0	0	4/4	1	2	1/8	1/8	1		0	72	C5	5	1270
65	65	256	256	0.5	0	0	4/4	1	1	1/8	1/8	1		-3	75	Eb5	5	1257
65	65	513/2	513/2	0.25	1/8	1/8	4/4	1	2	1/16	1/16	1		-3	75	Eb5	5	1271
65	65	513/2	513/2	0.25	1/8	1/8	4/4	1	1	1/16	1/16	1		1	79	G5	5	1258
65	65	1027/4	1027/4	0.25	3/16	3/16	4/4	1	2	1/16	1/16	1		2	74	D5	5	1272
65	65	1027/4	1027/4	0.25	3/16	3/16	4/4	1	1	1/16	1/16	1		-1	77	F5	5	1259
65	65	257	257	1.0	1/4	1/4	4/4	2	1	1/4	1/4	1		-3	51	Eb3	3	1284
65	65	257	257	0.5	1/4	1/4	4/4	1	2	1/8	1/8	1		0	72	C5	5	1273
65	65	257	257	0.5	1/4	1/4	4/4	1	1	1/8	1/8	1		-3	75	Eb5	5	1260
65	65	515/2	515/2	0.25	3/8	3/8	4/4	1	2	1/16	1/16	1		2	74	D5	5	1274
65	65	515/2	515/2	0.25	3/8	3/8	4/4	1	1	1/16	1/16	1		-1	77	F5	5	1261
65	65	1031/4	1031/4	0.25	7/16	7/16	4/4	1	2	1/16	1/16	1		0	72	C5	5	1275
65	65	1031/4	1031/4	0.25	7/16	7/16	4/4	1	1	1/16	1/16	1		-3	75	Eb5	5	1262
65	65	258	258	1.0	1/2	1/2	4/4	2	1	1/4	1/4	1		1	55	G3	3	1285
65	65	258	258	0.5	1/2	1/2	4/4	1	2	1/8	1/8	1		5	71	B4	4	1276
65	65	258	258	0.5	1/2	1/2	4/4	1	1	1/8	1/8	1		2	74	D5	5	1263
65	65	517/2	517/2	0.25	5/8	5/8	4/4	1	2	1/16	1/16	1		1	67	G4	4	1277
65	65	517/2	517/2	0.25	5/8	5/8	4/4	1	1	1/16	1/16	1		5	71	B4	4	1264
65	65	1035/4	1035/4	0.25	11/16	11/16	4/4	1	2	1/16	1/16	1		-4	68	Ab4	4	1278
65	65	1035/4	1035/4	0.25	11/16	11/16	4/4	1	1	1/16	1/16	1		0	72	C5	5	1265
65	65	259	259	0.25	3/4	3/4	4/4	1	2	1/16	1/16	1		5	71	B4	4	1279
65	65	259	259	0.25	3/4	3/4	4/4	1	1	1/16	1/16	1		2	74	D5	5	1266
65	65	1037/4	1037/4	0.25	13/16	13/16	4/4	1	2	1/16	1/16	1		1	67	G4	4	1280
65	65	1037/4	1037/4	0.25	13/16	13/16	4/4	1	1	1/16	1/16	1		5	71	B4	4	1267
65	65	519/2	519/2	0.25	7/8	7/8	4/4	1	2	1/16	1/16	1		-4	68	Ab4	4	1281
65	65	519/2	519/2	0.25	7/8	7/8	4/4	1	1	1/16	1/16	1		0	72	C5	5	1268
65	65	1039/4	1039/4	0.25	15/16	15/16	4/4	1	2	1/16	1/16	1		5	71	B4	4	1282
65	65	1039/4	1039/4	0.25	15/16	15/16	4/4	1	1	1/16	1/16	1		2	74	D5	5	1269
66	66	260	260	1.0	0	0	4/4	1	1	1/4	1/4	1		0	72	C5	5	1286
66	66	260	260	1.0	0	0	4/4	1	1	1/4	1/4	1		-3	75	Eb5	5	1286
66	66	521/2	521/2	0.5	1/8	1/8	4/4	2	1	1/8	1/8	1		0	48	C3	3	1292
66	66	261	261	2.0	1/4	1/4	4/4	2	1	1/2	1/2	1		0	60	C4	4	1293
66	66	523/2	523/2	0.5	3/8	3/8	4/4	1	1	1/8	1/8	1		-3	75	Eb5	5	1287
66	66	262	262	0.5	1/2	1/2	4/4	1	1	1/8	1/8	1		2	74	D5	5	1288
66	66	525/2	525/2	0.5	5/8	5/8	4/4	1	1	1/8	1/8	1		1	67	G4	4	1289
66	66	263	263	1.0	3/4	3/4	4/4	2	1	1/4	1/4	1		-2	58	Bb3	3	1294
66	66	263	263	1.0	3/4	3/4	4/4	1	1	1/4	1/4	1	1	1	79	G5	5	1290
66	66	527/2	527/2	0.5	7/8	7/8	4/4	1	2	1/8	1/8	1		-2	70	Bb4	4	1291
67	67	264	264	1.0	0	0	4/4	2	1	1/4	1/4	1		-4	56	Ab3	3	1310
67	67	264	264	0.5	0	0	4/4	1	2	1/8	1/8	1		0	72	C5	5	1302
67	67	264	264	0.5	0	0	4/4	1	1	1/8	1/8	1	-1	1	79	G5	5	1295
67	67	529/2	529/2	0.5	1/8	1/8	4/4	1	2	1/8	1/8	1		-1	65	F4	4	1303
67	67	529/2	529/2	0.25	1/8	1/8	4/4	1	1	1/16	1/16	1		-1	77	F5	5	1296
67	67	1059/4	1059/4	0.25	3/16	3/16	4/4	1	1	1/16	1/16	1		-3	75	Eb5	5	1297
67	67	265	265	1.0	1/4	1/4	4/4	2	1	1/4	1/4	1		-1	53	F3	3	1311
67	67	265	265	0.5	1/4	1/4	4/4	1	1	1/8	1/8	1		2	74	D5	5	1298
67	67	265	265	1.0	1/4	1/4	4/4	1	2	1/4	1/4	1	1	-1	77	F5	5	1304
67	67	531/2	531/2	0.5	3/8	3/8	4/4	1	1	1/8	1/8	1		0	72	C5	5	1299
67	67	266	266	1.0	1/2	1/2	4/4	2	1	1/4	1/4	1		1	55	G3	3	1312
67	67	266	266	1.0	1/2	1/2	4/4	1	1	1/4	1/4	1		5	71	B4	4	1300
67	67	266	266	0.5	1/2	1/2	4/4	1	2	1/8	1/8	1	-1	-1	77	F5	5	1305
67	67	533/2	533/2	0.25	5/8	5/8	4/4	1	2	1/16	1/16	1		1	79	G5	5	1306
67	67	1067/4	1067/4	0.25	11/16	11/16	4/4	1	2	1/16	1/16	1		-1	77	F5	5	1307
67	67	267	267	0.5	3/4	3/4	4/4	1	2	1/8	1/8	1		-3	75	Eb5	5	1308
67	67	535/2	535/2	0.5	7/8	7/8	4/4	2	1	1/8	1/8	1		1	55	G3	3	1313
67	67	535/2	535/2	0.5	7/8	7/8	4/4	1	1	1/8	1/8	1		5	71	B4	4	1301
67	67	535/2	535/2	0.5	7/8	7/8	4/4	1	2	1/8	1/8	1		2	74	D5	5	1309
68	68	268	268	0.5	0	0	4/4	2	1	1/8	1/8	1		0	60	C4	4	1323
68	68	268	268	2.0	0	0	4/4	1	2	1/2	1/2	1		0	72	C5	5	1321
68	68	268	268	1.0	0	0	4/4	1	1	1/4	1/4	1		-3	75	Eb5	5	1314
68	68	537/2	537/2	0.5	1/8	1/8	4/4	2	1	1/8	1/8	1		0	60	C4	4	1324
68	68	269	269	0.5	1/4	1/4	4/4	2	1	1/8	1/8	1		0	60	C4	4	1325
68	68	539/2	539/2	0.25	3/8	3/8	4/4	2	1	1/16	1/16	1		-2	58	Bb3	3	1326
68	68	539/2	539/2	0.5	3/8	3/8	4/4	1	1	1/8	1/8	1		-3	75	Eb5	5	1315
68	68	1079/4	1079/4	0.25	7/16	7/16	4/4	2	1	1/16	1/16	1		-4	56	Ab3	3	1327
68	68	270	270	1.0	1/2	1/2	4/4	2	1	1/4	1/4	1		-2	58	Bb3	3	1328
68	68	270	270	0.5	1/2	1/2	4/4	1	1	1/8	1/8	1		2	74	D5	5	1316
68	68	541/2	541/2	0.5	5/8	5/8	4/4	1	1	1/8	1/8	1		2	74	D5	5	1317
68	68	271	271	1.0	3/4	3/4	4/4	1	2	1/4	1/4	1		1	67	G4	4	1322
68	68	271	271	0.5	3/4	3/4	4/4	1	1	1/8	1/8	1		2	74	D5	5	1318
68	68	543/2	543/2	0.5	7/8	7/8	4/4	2	1	1/8	1/8	1		1	55	G3	3	1329
68	68	543/2	543/2	0.5	7/8	7/8	4/4	2	2	1/8	1/8	1		2	62	D4	4	1330
68	68	543/2	543/2	0.25	7/8	7/8	4/4	1	1	1/16	1/16	1		0	72	C5	5	1319
68	68	1087/4	1087/4	0.25	15/16	15/16	4/4	1	1	1/16	1/16	1		5	71	B4	4	1320
69	69	272	272	4.0	0	0	4/4	2	2	1	1	1		-4	56	Ab3	3	1342
69	69	272	272	2.0	0	0	4/4	2	1	1/2	1/2	1	1	0	60	C4	4	1337
69	69	272	272	0.5	0	0	4/4	1	2	1/8	1/8	1		1	67	G4	4	1332
69	69	272	272	4.0	0	0	4/4	1	1	1	1	1	1	0	72	C5	5	1331
69	69	545/2	545/2	0.5	1/8	1/8	4/4	1	2	1/8	1/8	1		1	67	G4	4	1333
69	69	273	273	0.5	1/4	1/4	4/4	1	2	1/8	1/8	1		-4	68	Ab4	4	1334
69	69	547/2	547/2	0.5	3/8	3/8	4/4	1	2	1/8	1/8	1		1	67	G4	4	1335
69	69	274	274	0.5	1/2	1/2	4/4	2	1	1/8	1/8	1	-1	0	60	C4	4	1338
69	69	274	274	2.0	1/2	1/2	4/4	1	2	1/2	1/2	1		6	66	F#4	4	1336
69	69	549/2	549/2	0.5	5/8	5/8	4/4	2	1	1/8	1/8	1		0	60	C4	4	1339
69	69	275	275	0.5	3/4	3/4	4/4	2	1	1/8	1/8	1		2	62	D4	4	1340
69	69	551/2	551/2	0.5	7/8	7/8	4/4	2	1	1/8	1/8	1		0	60	C4	4	1341
70	70	276	276	2.0	0	0	4/4	2	2	1/2	1/2	1	1	1	55	G3	3	1351
70	70	276	276	2.0	0	0	4/4	2	1	1/2	1/2	1	1	2	62	D4	4	1349
70	70	276	276	2.0	0	0	4/4	1	2	1/2	1/2	1	1	1	67	G4	4	1347
70	70	276	276	1.0	0	0	4/4	1	1	1/4	1/4	1	-1	0	72	C5	5	1343
70	70	277	277	0.5	1/4	1/4	4/4	1	1	1/8	1/8	1		5	71	B4	4	1344
70	70	555/2	555/2	0.5	3/8	3/8	4/4	1	1	1/8	1/8	1		3	69	A4	4	1345
70	70	278	278	1.0	1/2	1/2	4/4	2	2	1/4	1/4	1	-1	1	55	G3	3	1352
70	70	278	278	1.0	1/2	1/2	4/4	2	1	1/4	1/4	1	-1	2	62	D4	4	1350
70	70	278	278	1.0	1/2	1/2	4/4	1	2	1/4	1/4	1	-1	1	67	G4	4	1348
70	70	278	278	1.0	1/2	1/2	4/4	1	1	1/4	1/4	1		5	71	B4	4	1346
71	71	280	280	1.0	0	0	4/4	2	1	1/4	1/4	1		0	48	C3	3	1356
71	71	281	281	1.0	1/4	1/4	4/4	2	1	1/4	1/4	1		-3	51	Eb3	3	1357
71	71	281	281	1.0	1/4	1/4	4/4	1	1	1/4	1/4	1		0	60	C4	4	1353
71	71	282	282	1.0	1/2	1/2	4/4	2	1	1/4	1/4	1		1	55	G3	3	1358
71	71	282	282	1.0	1/2	1/2	4/4	1	1	1/4	1/4	1		-3	63	Eb4	4	1354
71	71	283	283	1.0	3/4	3/4	4/4	1	1	1/4	1/4	1		1	67	G4	4	1355
71	71	567/2	567/2	0.5	7/8	7/8	4/4	2	1	1/8	1/8	1		0	48	C3	3	1359
72	72	284	284	0.5	0	0	4/4	2	1	1/8	1/8	1		-4	56	Ab3	3	1370
72	72	569/2	569/2	0.5	1/8	1/8	4/4	2	1	1/8	1/8	1		-4	56	Ab3	3	1371
72	72	569/2	569/2	0.5	1/8	1/8	4/4	1	1	1/8	1/8	1		0	60	C4	4	1360
72	72	285	285	0.5	1/4	1/4	4/4	2	1	1/8	1/8	1		-4	56	Ab3	3	1372
72	72	285	285	0.5	1/4	1/4	4/4	1	1	1/8	1/8	1		-4	68	Ab4	4	1361
72	72	571/2	571/2	0.25	3/8	3/8	4/4	2	1	1/16	1/16	1		1	55	G3	3	1373
72	72	571/2	571/2	0.5	3/8	3/8	4/4	1	1	1/8	1/8	1		-4	68	Ab4	4	1362
72	72	1143/4	1143/4	0.25	7/16	7/16	4/4	2	1	1/16	1/16	1		-1	53	F3	3	1374
72	72	286	286	1.5	1/2	1/2	4/4	2	1	3/8	1/4	3/2		0	60	C4	4	1375
72	72	286	286	0.5	1/2	1/2	4/4	1	1	1/8	1/8	1		-4	68	Ab4	4	1363
72	72	286	286	1.0	1/2	1/2	4/4	1	2	1/4	1/4	1		0	72	C5	5	1368
72	72	573/2	573/2	0.25	5/8	5/8	4/4	1	1	1/16	1/16	1		1	67	G4	4	1364
72	72	1147/4	1147/4	0.25	11/16	11/16	4/4	1	1	1/16	1/16	1		-1	65	F4	4	1365
72	72	287	287	0.5	3/4	3/4	4/4	1	1	1/8	1/8	1		1	67	G4	4	1366
72	72	287	287	1.0	3/4	3/4	4/4	1	2	1/4	1/4	1		-3	75	Eb5	5	1369
72	72	575/2	575/2	0.5	7/8	7/8	4/4	2	1	1/8	1/8	1		0	48	C3	3	1376
72	72	575/2	575/2	0.5	7/8	7/8	4/4	1	1	1/8	1/8	1		0	60	C4	4	1367
73	73	288	288	0.5	0	0	4/4	2	1	1/8	1/8	1		-3	51	Eb3	3	1386
73	73	288	288	2.0	0	0	4/4	1	2	1/2	1/2	1		0	72	C5	5	1384
73	73	288	288	1.0	0	0	4/4	1	1	1/4	1/4	1		1	79	G5	5	1377
73	73	577/2	577/2	0.5	1/8	1/8	4/4	2	1	1/8	1/8	1		-3	51	Eb3	3	1387
73	73	289	289	0.5	1/4	1/4	4/4	2	1	1/8	1/8	1		-3	51	Eb3	3	1388
73	73	579/2	579/2	0.25	3/8	3/8	4/4	2	1	1/16	1/16	1		2	50	D3	3	1389
73	73	579/2	579/2	0.5	3/8	3/8	4/4	1	1	1/8	1/8	1		0	72	C5	5	1378
73	73	1159/4	1159/4	0.25	7/16	7/16	4/4	2	1	1/16	1/16	1		0	48	C3	3	1390
73	73	290	290	1.0	1/2	1/2	4/4	2	1	1/4	1/4	1		-1	53	F3	3	1391
73	73	290	290	0.5	1/2	1/2	4/4	1	1	1/8	1/8	1		-4	80	Ab5	5	1379
73	73	581/2	581/2	0.5	5/8	5/8	4/4	1	1	1/8	1/8	1		-4	80	Ab5	5	1380
73	73	291	291	1.0	3/4	3/4	4/4	2	1	1/4	1/4	1		-2	58	Bb3	3	1392
73	73	291	291	1.0	3/4	3/4	4/4	1	2	1/4	1/4	1	1	2	74	D5	5	1385
73	73	291	291	0.5	3/4	3/4	4/4	1	1	1/8	1/8	1		-4	80	Ab5	5	1381
73	73	583/2	583/2	0.25	7/8	7/8	4/4	1	1	1/16	1/16	1		1	79	G5	5	1382
73	73	1167/4	1167/4	0.25	15/16	15/16	4/4	1	1	1/16	1/16	1		-1	77	F5	5	1383
74	74	292	292	1.5	0	0	4/4	2	1	3/8	1/4	3/2		-3	51	Eb3	3	1407
74	74	292	292	0.5	0	0	4/4	1	2	1/8	1/8	1	-1	2	74	D5	5	1399
74	74	292	292	2.0	0	0	4/4	1	1	1/2	1/2	1	1	1	79	G5	5	1393
74	74	585/2	585/2	0.5	1/8	1/8	4/4	1	2	1/8	1/8	1		2	74	D5	5	1400
74	74	293	293	0.5	1/4	1/4	4/4	1	2	1/8	1/8	1		2	74	D5	5	1401
74	74	587/2	587/2	0.5	3/8	3/8	4/4	2	1	1/8	1/8	1		-3	51	Eb3	3	1408
74	74	587/2	587/2	0.25	3/8	3/8	4/4	1	2	1/16	1/16	1		0	72	C5	5	1402
74	74	1175/4	1175/4	0.25	7/16	7/16	4/4	1	2	1/16	1/16	1		-2	70	Bb4	4	1403
74	74	294	294	2.0	1/2	1/2	4/4	2	1	1/2	1/2	1		-4	56	Ab3	3	1409
74	74	294	294	1.5	1/2	1/2	4/4	1	2	3/8	1/4	3/2		0	72	C5	5	1404
74	74	294	294	0.5	1/2	1/2	4/4	1	1	1/8	1/8	1	-1	1	79	G5	5	1394
74	74	589/2	589/2	0.25	5/8	5/8	4/4	1	1	1/16	1/16	1		-1	77	F5	5	1395
74	74	1179/4	1179/4	0.25	11/16	11/16	4/4	1	1	1/16	1/16	1		-3	75	Eb5	5	1396
74	74	295	295	0.5	3/4	3/4	4/4	1	1	1/8	1/8	1		-1	77	F5	5	1397
74	74	591/2	591/2	0.25	7/8	7/8	4/4	1	2	1/16	1/16	1		2	74	D5	5	1405
74	74	591/2	591/2	0.5	7/8	7/8	4/4	1	1	1/8	1/8	1		6	78	F#5	5	1398
74	74	1183/4	1183/4	0.25	15/16	15/16	4/4	1	2	1/16	1/16	1		0	72	C5	5	1406
75	75	296	296	0.5	0	0	4/4	2	1	1/8	1/8	1		1	55	G3	3	1414
75	75	296	296	1.0	0	0	4/4	1	1	1/4	1/4	1		2	62	D4	4	1410
75	75	296	296	1.0	0	0	4/4	1	1	1/4	1/4	1		5	71	B4	4	1410
75	75	593/2	593/2	0.25	1/8	1/8	4/4	2	1	1/16	1/16	1		1	55	G3	3	1415
75	75	1187/4	1187/4	0.25	3/16	3/16	4/4	2	1	1/16	1/16	1		3	57	A3	3	1416
75	75	297	297	0.5	1/4	1/4	4/4	2	1	1/8	1/8	1		5	59	B3	3	1417
75	75	595/2	595/2	0.25	3/8	3/8	4/4	2	1	1/16	1/16	1		3	57	A3	3	1418
75	75	595/2	595/2	0.5	3/8	3/8	4/4	1	1	1/8	1/8	1		1	67	G4	4	1411
75	75	595/2	595/2	0.5	3/8	3/8	4/4	1	1	1/8	1/8	1		2	74	D5	5	1411
75	75	595/2	595/2	0.5	3/8	3/8	4/4	1	1	1/8	1/8	1		-1	77	F5	5	1411
75	75	1191/4	1191/4	0.25	7/16	7/16	4/4	2	1	1/16	1/16	1		5	59	B3	3	1419
75	75	298	298	0.5	1/2	1/2	4/4	2	1	1/8	1/8	1		0	60	C4	4	1420
75	75	298	298	1.0	1/2	1/2	4/4	1	1	1/4	1/4	1		1	67	G4	4	1412
75	75	298	298	1.0	1/2	1/2	4/4	1	1	1/4	1/4	1		0	72	C5	5	1412
75	75	298	298	1.0	1/2	1/2	4/4	1	1	1/4	1/4	1		-3	75	Eb5	5	1412
75	75	597/2	597/2	0.25	5/8	5/8	4/4	2	1	1/16	1/16	1		0	60	C4	4	1421
75	75	1195/4	1195/4	0.25	11/16	11/16	4/4	2	1	1/16	1/16	1		5	59	B3	3	1422
75	75	299	299	0.5	3/4	3/4	4/4	2	1	1/8	1/8	1		-4	56	Ab3	3	1423
75	75	599/2	599/2	0.25	7/8	7/8	4/4	2	1	1/16	1/16	1		1	55	G3	3	1424
75	75	599/2	599/2	0.5	7/8	7/8	4/4	1	1	1/8	1/8	1		-3	63	Eb4	4	1413
75	75	599/2	599/2	0.5	7/8	7/8	4/4	1	1	1/8	1/8	1		3	69	A4	4	1413
75	75	599/2	599/2	0.5	7/8	7/8	4/4	1	1	1/8	1/8	1		0	72	C5	5	1413
75	75	1199/4	1199/4	0.25	15/16	15/16	4/4	2	1	1/16	1/16	1		6	54	F#3	3	1425
76	76	300	300	2.0	0	0	4/4	2	2	1/2	1/2	1		1	43	G2	2	1430
76	76	300	300	2.0	0	0	4/4	2	1	1/2	1/2	1		0	48	C3	3	1428
76	76	300	300	2.0	0	0	4/4	2	1	1/2	1/2	1		-3	51	Eb3	3	1428
76	76	300	300	2.0	0	0	4/4	2	1	1/2	1/2	1		1	55	G3	3	1428
76	76	300	300	2.0	0	0	4/4	1	1	1/2	1/2	1		0	60	C4	4	1426
76	76	300	300	2.0	0	0	4/4	1	1	1/2	1/2	1		-3	63	Eb4	4	1426
76	76	300	300	2.0	0	0	4/4	1	1	1/2	1/2	1		1	67	G4	4	1426
76	76	300	300	2.0	0	0	4/4	1	1	1/2	1/2	1		0	72	C5	5	1426
76	76	302	302	2.0	1/2	1/2	4/4	2	2	1/2	1/2	1		1	43	G2	2	1431
76	76	302	302	2.0	1/2	1/2	4/4	2	1	1/2	1/2	1		5	47	B2	2	1429
76	76	302	302	2.0	1/2	1/2	4/4	2	1	1/2	1/2	1		2	50	D3	3	1429
76	76	302	302	2.0	1/2	1/2	4/4	2	1	1/2	1/2	1		1	55	G3	3	1429
76	76	302	302	2.0	1/2	1/2	4/4	1	1	1/2	1/2	1		2	62	D4	4	1427
76	76	302	302	2.0	1/2	1/2	4/4	1	1	1/2	1/2	1		-1	65	F4	4	1427
76	76	302	302	2.0	1/2	1/2	4/4	1	1	1/2	1/2	1		5	71	B4	4	1427
77	77	304	304	4.0	0	0	4/4	2	1	1	1	1		0	48	C3	3	1433
77	77	304	304	4.0	0	0	4/4	2	1	1	1	1		-3	51	Eb3	3	1433
77	77	304	304	4.0	0	0	4/4	2	1	1	1	1		1	55	G3	3	1433
77	77	304	304	4.0	0	0	4/4	1	1	1	1	1		0	60	C4	4	1432
77	77	304	304	4.0	0	0	4/4	1	1	1	1	1		-3	63	Eb4	4	1432
77	77	304	304	4.0	0	0	4/4	1	1	1	1	1		1	67	G4	4	1432
77	77	304	304	4.0	0	0	4/4	1	1	1	1	1		0	72	C5	5	1432
