mc	mn	onset	duration	gracenote	nominal_duration	scalar	tied	tpc	midi	staff	voice	volta
1	1	0	1/8		1/8	1		3	69	2	1	
1	1	1/24	1/24		1/16	2/3		7	73	1	1	
1	1	1/12	1/24		1/16	2/3		4	76	1	1	
1	1	1/8	1/8		1/8	1		8	68	2	1	
1	1	1/6	1/24		1/16	2/3		5	71	1	1	
1	1	5/24	1/24		1/16	2/3		4	76	1	1	
1	1	1/4	1/8		1/8	1		6	66	2	1	
1	1	7/24	1/24		1/16	2/3		3	69	1	1	
1	1	1/3	1/24		1/16	2/3		4	76	1	1	
2	2	0	1/8		1/8	1		4	64	2	1	
2	2	1/24	1/24		1/16	2/3		8	68	1	1	
2	2	1/12	1/24		1/16	2/3		4	76	1	1	
2	2	1/8	1/8		1/8	1		2	62	2	1	
2	2	1/6	1/24		1/16	2/3		6	66	1	1	
2	2	5/24	1/24		1/16	2/3		4	76	1	1	
2	2	1/4	1/8		1/8	1		7	61	2	1	
2	2	7/24	1/24		1/16	2/3		4	64	1	1	
2	2	1/3	1/24		1/16	2/3		4	76	1	1	
3	3	0	1/8		1/8	1		6	66	2	1	
3	3	1/24	1/24		1/16	2/3		3	69	1	1	
3	3	1/12	1/24		1/16	2/3		3	81	1	1	
3	3	1/8	1/8		1/8	1		4	64	2	1	
3	3	1/6	1/24		1/16	2/3		3	69	1	1	
3	3	5/24	1/24		1/16	2/3		8	80	1	1	
3	3	1/4	1/8		1/8	1		2	62	2	1	
3	3	7/24	1/24		1/16	2/3		3	69	1	1	
3	3	1/3	1/24		1/16	2/3		6	78	1	1	
4	4	0	1/8		1/8	1		7	61	2	1	
4	4	1/24	1/24		1/16	2/3		3	69	1	1	
4	4	1/12	1/24		1/16	2/3		4	76	1	1	
4	4	1/8	1/8		1/8	1		5	59	2	1	
4	4	1/6	1/24		1/16	2/3		8	68	1	1	
4	4	5/24	1/24		1/16	2/3		2	74	1	1	
4	4	1/4	1/8		1/8	1		3	57	2	1	
4	4	7/24	1/24		1/16	2/3		3	69	1	1	
4	4	1/3	1/24		1/16	2/3		7	73	1	1	
5	5	0	1/24		1/16	2/3		2	50	2	1	
5	5	0	1/8		1/8	1	1	6	78	1	1	
5	5	1/24	1/24		1/16	2/3		6	54	2	1	
5	5	1/12	1/24		1/16	2/3		3	57	2	1	
5	5	1/8	1/4		1/4	1		2	62	2	1	
5	5	1/8	1/24		1/16	2/3	-1	6	78	1	1	
5	5	1/6	1/24		1/16	2/3		3	81	1	1	
5	5	5/24	1/24		1/16	2/3		8	80	1	1	
5	5	1/4	1/24		1/16	2/3		6	78	1	1	
5	5	7/24	1/24		1/16	2/3		4	76	1	1	
5	5	1/3	1/24		1/16	2/3		2	74	1	1	
6	6	0	1/24		1/16	2/3		7	49	2	1	
6	6	0	1/8		1/8	1	1	4	76	1	1	
6	6	1/24	1/24		1/16	2/3		4	52	2	1	
6	6	1/12	1/24		1/16	2/3		3	57	2	1	
6	6	1/8	1/4		1/4	1		7	61	2	1	
6	6	1/8	1/24		1/16	2/3	-1	4	76	1	1	
6	6	1/6	1/24		1/16	2/3		1	79	1	1	
6	6	5/24	1/24		1/16	2/3		6	78	1	1	
6	6	1/4	1/24		1/16	2/3		4	76	1	1	
6	6	7/24	1/24		1/16	2/3		2	74	1	1	
6	6	1/3	1/24		1/16	2/3		7	73	1	1	
7	7	0	1/8		1/8	1		5	59	2	1	
7	7	0	1/24		1/16	2/3		2	74	1	1	
7	7	1/24	1/24		1/16	2/3		6	78	1	1	
7	7	1/12	1/24		1/16	2/3		4	76	1	1	
7	7	1/8	1/8		1/8	1		8	56	2	1	
7	7	1/8	1/24		1/16	2/3		2	74	1	1	
7	7	1/6	1/24		1/16	2/3		7	73	1	1	
7	7	5/24	1/24		1/16	2/3		5	71	1	1	
7	7	1/4	1/8		1/8	1		3	57	2	1	
7	7	1/4	1/24		1/16	2/3		7	73	1	1	
7	7	7/24	1/24		1/16	2/3		5	71	1	1	
7	7	1/3	1/24		1/16	2/3		3	69	1	1	
8	8	0	1/4		1/4	1		4	52	2	1	
8	8	0	1/24		1/16	2/3		8	68	1	1	
8	8	1/24	1/24		1/16	2/3		5	71	1	1	
8	8	1/12	1/24		1/16	2/3		3	69	1	1	
8	8	1/8	1/24		1/16	2/3		8	68	1	1	
8	8	1/6	1/24		1/16	2/3		6	66	1	1	
8	8	5/24	1/24		1/16	2/3		4	64	1	1	
8	8	1/4	1/8		1/8	1		8	56	2	1	
8	8	1/4	1/24		1/16	2/3		2	62	1	1	
8	8	7/24	1/24		1/16	2/3		7	61	1	1	
8	8	1/3	1/24		1/16	2/3		5	59	1	1	
9	9	0	1/8		1/8	1		3	45	2	1	
9	9	0	1/8		1/8	1		3	57	2	1	
9	9	1/24	1/24		1/16	2/3		7	73	1	1	
9	9	1/12	1/24		1/16	2/3		4	76	1	1	
9	9	1/8	1/8		1/8	1		8	68	2	1	
9	9	1/6	1/24		1/16	2/3		5	71	1	1	
9	9	5/24	1/24		1/16	2/3		4	76	1	1	
9	9	1/4	1/8		1/8	1		6	66	2	1	
9	9	7/24	1/24		1/16	2/3		3	69	1	1	
9	9	1/3	1/24		1/16	2/3		4	76	1	1	
10	10	0	1/8		1/8	1		4	64	2	1	
10	10	1/24	1/24		1/16	2/3		8	68	1	1	
10	10	1/12	1/24		1/16	2/3		4	76	1	1	
10	10	1/8	1/8		1/8	1		2	62	2	1	
10	10	1/6	1/24		1/16	2/3		6	66	1	1	
10	10	5/24	1/24		1/16	2/3		4	76	1	1	
10	10	1/4	1/8		1/8	1		7	61	2	1	
10	10	7/24	1/24		1/16	2/3		4	64	1	1	
10	10	1/3	1/24		1/16	2/3		4	76	1	1	
11	11	0	1/8		1/8	1		6	66	2	1	
11	11	1/24	1/24		1/16	2/3		3	69	1	1	
11	11	1/12	1/24		1/16	2/3		3	81	1	1	
11	11	1/8	1/8		1/8	1		4	64	2	1	
11	11	1/6	1/24		1/16	2/3		3	69	1	1	
11	11	5/24	1/24		1/16	2/3		8	80	1	1	
11	11	1/4	1/8		1/8	1		2	62	2	1	
11	11	7/24	1/24		1/16	2/3		3	69	1	1	
11	11	1/3	1/24		1/16	2/3		6	78	1	1	
12	12	0	1/8		1/8	1		7	61	2	1	
12	12	1/24	1/24		1/16	2/3		3	69	1	1	
12	12	1/12	1/24		1/16	2/3		4	76	1	1	
12	12	1/8	1/8		1/8	1		5	59	2	1	
12	12	1/6	1/24		1/16	2/3		8	68	1	1	
12	12	5/24	1/24		1/16	2/3		2	74	1	1	
12	12	1/4	1/8		1/8	1		3	57	2	1	
12	12	7/24	1/24		1/16	2/3		3	69	1	1	
12	12	1/3	1/24		1/16	2/3		7	73	1	1	
13	13	0	1/24		1/16	2/3		2	50	2	1	
13	13	0	1/8		1/8	1	1	6	78	1	1	
13	13	1/24	1/24		1/16	2/3		6	54	2	1	
13	13	1/12	1/24		1/16	2/3		3	57	2	1	
13	13	1/8	1/4		1/4	1		2	62	2	1	
13	13	1/8	1/24		1/16	2/3	-1	6	78	1	1	
13	13	1/6	1/24		1/16	2/3		3	81	1	1	
13	13	5/24	1/24		1/16	2/3		8	80	1	1	
13	13	1/4	1/24		1/16	2/3		6	78	1	1	
13	13	7/24	1/24		1/16	2/3		4	76	1	1	
13	13	1/3	1/24		1/16	2/3		2	74	1	1	
14	14	0	1/24		1/16	2/3		7	49	2	1	
14	14	0	1/8		1/8	1	1	4	76	1	1	
14	14	1/24	1/24		1/16	2/3		4	52	2	1	
14	14	1/12	1/24		1/16	2/3		3	57	2	1	
14	14	1/8	1/4		1/4	1		7	61	2	1	
14	14	1/8	1/24		1/16	2/3	-1	4	76	1	1	
14	14	1/6	1/24		1/16	2/3		1	79	1	1	
14	14	5/24	1/24		1/16	2/3		6	78	1	1	
14	14	1/4	1/24		1/16	2/3		4	76	1	1	
14	14	7/24	1/24		1/16	2/3		2	74	1	1	
14	14	1/3	1/24		1/16	2/3		7	73	1	1	
15	15	0	1/8		1/8	1		5	59	2	1	
15	15	0	1/24		1/16	2/3		2	74	1	1	
15	15	1/24	1/24		1/16	2/3		6	78	1	1	
15	15	1/12	1/24		1/16	2/3		4	76	1	1	
15	15	1/8	1/8		1/8	1		8	56	2	1	
15	15	1/8	1/24		1/16	2/3		2	74	1	1	
15	15	1/6	1/24		1/16	2/3		7	73	1	1	
15	15	5/24	1/24		1/16	2/3		5	71	1	1	
15	15	1/4	1/8		1/8	1		3	57	2	1	
15	15	1/4	1/24		1/16	2/3		7	73	1	1	
15	15	7/24	1/24		1/16	2/3		5	71	1	1	
15	15	1/3	1/24		1/16	2/3		3	69	1	1	
16	16	0	1/4		1/4	1		4	52	2	1	
16	16	0	1/24		1/16	2/3		8	68	1	1	
16	16	1/24	1/24		1/16	2/3		4	76	1	1	
16	16	1/12	1/24		1/16	2/3		5	71	1	1	
16	16	1/8	1/24		1/16	2/3		8	68	1	1	
16	16	1/6	1/24		1/16	2/3		5	71	1	1	
16	16	5/24	1/24		1/16	2/3		8	68	1	1	
16	16	1/4	1/8		1/8	1		8	56	2	1	
16	16	1/4	1/24		1/16	2/3		4	64	1	1	
16	16	7/24	1/24		1/16	2/3		5	71	1	1	
16	16	1/3	1/24		1/16	2/3		2	74	1	1	
17	17	0	1/24		1/16	2/3		3	45	2	1	
17	17	0	1/8		1/8	1	1	7	73	1	1	
17	17	1/24	1/24		1/16	2/3		7	49	2	1	
17	17	1/12	1/24		1/16	2/3		6	54	2	1	
17	17	1/8	1/4		1/4	1		3	57	2	1	
17	17	1/8	1/24		1/16	2/3	-1	7	73	1	1	
17	17	1/6	1/24		1/16	2/3		9	75	1	1	
17	17	5/24	1/24		1/16	2/3		4	76	1	1	
17	17	1/4	1/24		1/16	2/3		6	78	1	1	
17	17	7/24	1/24		1/16	2/3		8	80	1	1	
17	17	1/3	1/24		1/16	2/3		3	81	1	1	
18	18	0	1/24		1/16	2/3		5	47	2	1	
18	18	0	1/8		1/8	1	1	9	75	1	1	
18	18	1/24	1/24		1/16	2/3		9	51	2	1	
18	18	1/12	1/24		1/16	2/3		6	54	2	1	
18	18	1/8	1/4		1/4	1		5	59	2	1	
18	18	1/8	1/24		1/16	2/3	-1	9	75	1	1	
18	18	1/6	1/24		1/16	2/3		4	76	1	1	
18	18	5/24	1/24		1/16	2/3		6	78	1	1	
18	18	1/4	1/24		1/16	2/3		8	80	1	1	
18	18	7/24	1/24		1/16	2/3		3	81	1	1	
18	18	1/3	1/24		1/16	2/3		5	83	1	1	
19	19	0	1/24		1/16	2/3		7	49	2	1	
19	19	0	1/8		1/8	1	1	4	76	1	1	
19	19	1/24	1/24		1/16	2/3		4	52	2	1	
19	19	1/12	1/24		1/16	2/3		3	57	2	1	
19	19	1/8	1/4		1/4	1		7	61	2	1	
19	19	1/8	1/24		1/16	2/3	-1	4	76	1	1	
19	19	1/6	1/24		1/16	2/3		6	78	1	1	
19	19	5/24	1/24		1/16	2/3		8	80	1	1	
19	19	1/4	1/24		1/16	2/3		3	81	1	1	
19	19	7/24	1/24		1/16	2/3		5	83	1	1	
19	19	1/3	1/24		1/16	2/3		7	85	1	1	
20	20	0	1/24		1/16	2/3		9	51	2	1	
20	20	0	1/8		1/8	1	1	5	83	1	1	
20	20	1/24	1/24		1/16	2/3		6	54	2	1	
20	20	1/12	1/24		1/16	2/3		5	59	2	1	
20	20	1/8	1/4		1/4	1		9	63	2	1	
20	20	1/8	1/24		1/16	2/3	-1	5	83	1	1	
20	20	1/6	1/24		1/16	2/3		3	81	1	1	
20	20	5/24	1/24		1/16	2/3		8	80	1	1	
20	20	1/4	1/24		1/16	2/3		3	81	1	1	
20	20	7/24	1/24		1/16	2/3		8	80	1	1	
20	20	1/3	1/24		1/16	2/3		6	78	1	1	
21	21	0	1/8		1/8	1		4	64	2	1	
21	21	0	1/24		1/16	2/3		8	80	1	1	
21	21	1/24	1/24		1/16	2/3		5	83	1	1	
21	21	1/12	1/24		1/16	2/3		8	80	1	1	
21	21	1/8	1/8		1/8	1		9	63	2	1	
21	21	1/8	1/24		1/16	2/3		6	78	1	1	
21	21	1/6	1/24		1/16	2/3		5	83	1	1	
21	21	5/24	1/24		1/16	2/3		6	78	1	1	
21	21	1/4	1/8		1/8	1		7	61	2	1	
21	21	1/4	1/24		1/16	2/3		4	76	1	1	
21	21	7/24	1/24		1/16	2/3		5	83	1	1	
21	21	1/3	1/24		1/16	2/3		4	76	1	1	
22	22	0	1/8		1/8	1		5	59	2	1	
22	22	0	1/24		1/16	2/3		9	75	1	1	
22	22	1/24	1/24		1/16	2/3		5	83	1	1	
22	22	1/12	1/24		1/16	2/3		9	75	1	1	
22	22	1/8	1/8		1/8	1		7	61	2	1	
22	22	1/8	1/24		1/16	2/3		4	76	1	1	
22	22	1/6	1/24		1/16	2/3		5	83	1	1	
22	22	5/24	1/24		1/16	2/3		4	76	1	1	
22	22	1/4	1/8		1/8	1		9	63	2	1	
22	22	1/4	1/24		1/16	2/3		6	78	1	1	
22	22	7/24	1/24		1/16	2/3		5	83	1	1	
22	22	1/3	1/24		1/16	2/3		6	78	1	1	
23	23	0	1/8		1/8	1		4	64	2	1	
23	23	0	1/24		1/16	2/3		1	79	1	1	
23	23	1/24	1/24		1/16	2/3		5	83	1	1	
23	23	1/12	1/24		1/16	2/3		1	79	1	1	
23	23	1/8	1/8		1/8	1		2	62	2	1	
23	23	1/8	1/24		1/16	2/3		6	78	1	1	
23	23	1/6	1/24		1/16	2/3		5	83	1	1	
23	23	5/24	1/24		1/16	2/3		6	78	1	1	
23	23	1/4	1/8		1/8	1		0	60	2	1	
23	23	1/4	1/24		1/16	2/3		4	76	1	1	
23	23	7/24	1/24		1/16	2/3		5	83	1	1	
23	23	1/3	1/24		1/16	2/3		4	76	1	1	
24	24	0	1/4		1/4	1		5	59	2	1	
24	24	0	1/24		1/16	2/3		2	74	1	1	
24	24	1/24	1/24		1/16	2/3		5	83	1	1	
24	24	1/12	1/24		1/16	2/3		6	78	1	1	
24	24	1/8	1/24		1/16	2/3		2	74	1	1	
24	24	1/6	1/24		1/16	2/3		6	78	1	1	
24	24	5/24	1/24		1/16	2/3		2	74	1	1	
24	24	1/4	1/8		1/8	1		9	51	2	1	
24	24	1/4	1/24		1/16	2/3		3	69	1	1	
24	24	7/24	1/24		1/16	2/3		8	68	1	1	
24	24	1/3	1/24		1/16	2/3		6	66	1	1	
25	25	0	1/8		1/8	1		8	68	1	1	
25	25	1/24	1/24		1/16	2/3		4	52	2	1	
25	25	1/12	1/24		1/16	2/3		5	59	2	1	
25	25	1/8	1/8		1/8	1		6	66	1	1	
25	25	1/6	1/24		1/16	2/3		9	51	2	1	
25	25	5/24	1/24		1/16	2/3		5	59	2	1	
25	25	1/4	1/8		1/8	1		4	64	1	1	
25	25	7/24	1/24		1/16	2/3		7	49	2	1	
25	25	1/3	1/24		1/16	2/3		5	59	2	1	
26	26	0	1/8		1/8	1		9	63	1	1	
26	26	1/24	1/24		1/16	2/3		5	47	2	1	
26	26	1/12	1/24		1/16	2/3		5	59	2	1	
26	26	1/8	1/8		1/8	1		11	65	1	1	
26	26	1/6	1/24		1/16	2/3		7	49	2	1	
26	26	5/24	1/24		1/16	2/3		5	59	2	1	
26	26	1/4	1/8		1/8	1		6	66	1	1	
26	26	1/4	1/8		1/8	1		5	71	1	1	
26	26	7/24	1/24		1/16	2/3		9	51	2	1	
26	26	1/3	1/24		1/16	2/3		5	59	2	1	
27	27	0	1/8		1/8	1		8	68	1	1	
27	27	0	1/8		1/8	1		5	71	1	1	
27	27	1/24	1/24		1/16	2/3		4	52	2	1	
27	27	1/12	1/24		1/16	2/3		5	59	2	1	
27	27	1/8	1/8		1/8	1		6	66	1	1	
27	27	1/8	1/8		1/8	1		5	71	1	1	
27	27	1/6	1/24		1/16	2/3		2	50	2	1	
27	27	5/24	1/24		1/16	2/3		5	59	2	1	
27	27	1/4	1/8		1/8	1		4	64	1	1	
27	27	1/4	1/8		1/8	1		5	71	1	1	
27	27	7/24	1/24		1/16	2/3		0	48	2	1	
27	27	1/3	1/24		1/16	2/3		5	59	2	1	
28	28	0	1/24		1/16	2/3		5	47	2	1	
28	28	0	1/4		1/4	1		9	63	1	1	
28	28	0	1/4		1/4	1		5	71	1	1	
28	28	1/24	1/24		1/16	2/3		9	51	2	1	
28	28	1/12	1/24		1/16	2/3		6	54	2	1	
28	28	1/8	1/24		1/16	2/3		3	57	2	1	
28	28	1/6	1/24		1/16	2/3		6	54	2	1	
28	28	5/24	1/24		1/16	2/3		9	51	2	1	
28	28	1/4	1/8		1/8	1		5	47	2	1	
28	28	1/4	1/24		1/16	2/3		3	69	1	1	
28	28	7/24	1/24		1/16	2/3		8	68	1	1	
28	28	1/3	1/24		1/16	2/3		6	66	1	1	
29	29	0	1/24		1/16	2/3		4	52	2	1	
29	29	0	1/24		1/16	2/3		8	68	1	1	
29	29	1/24	1/24		1/16	2/3		6	54	2	1	
29	29	1/24	1/24		1/16	2/3		3	69	1	1	
29	29	1/12	1/24		1/16	2/3		8	56	2	1	
29	29	1/12	1/24		1/16	2/3		5	71	1	1	
29	29	1/8	1/24		1/16	2/3		6	54	2	1	
29	29	1/8	1/24		1/16	2/3		3	69	1	1	
29	29	1/6	1/24		1/16	2/3		8	56	2	1	
29	29	1/6	1/24		1/16	2/3		5	71	1	1	
29	29	5/24	1/24		1/16	2/3		3	57	2	1	
29	29	5/24	1/24		1/16	2/3		7	73	1	1	
29	29	1/4	1/24		1/16	2/3		8	56	2	1	
29	29	1/4	1/24		1/16	2/3		5	71	1	1	
29	29	7/24	1/24		1/16	2/3		3	57	2	1	
29	29	7/24	1/24		1/16	2/3		7	73	1	1	
29	29	1/3	1/24		1/16	2/3		5	59	2	1	
29	29	1/3	1/24		1/16	2/3		2	74	1	1	
30	30	0	1/24		1/16	2/3		3	57	2	1	
30	30	0	1/24		1/16	2/3		7	73	1	1	
30	30	1/24	1/24		1/16	2/3		5	59	2	1	
30	30	1/24	1/24		1/16	2/3		9	75	1	1	
30	30	1/12	1/24		1/16	2/3		7	61	2	1	
30	30	1/12	1/24		1/16	2/3		4	76	1	1	
30	30	1/8	1/24		1/16	2/3		6	54	2	1	
30	30	1/8	1/24		1/16	2/3		9	75	1	1	
30	30	1/6	1/24		1/16	2/3		8	56	2	1	
30	30	1/6	1/24		1/16	2/3		4	76	1	1	
30	30	5/24	1/24		1/16	2/3		3	57	2	1	
30	30	5/24	1/24		1/16	2/3		6	78	1	1	
30	30	1/4	1/8		1/8	1		8	56	2	1	
30	30	1/4	1/24		1/16	2/3		4	76	1	1	
30	30	7/24	1/24		1/16	2/3		5	71	1	1	
30	30	1/3	1/24		1/16	2/3		2	74	1	1	
31	31	0	1/8		1/8	1		3	57	2	1	
31	31	0	1/24		1/16	2/3		7	73	1	1	
31	31	1/24	1/24		1/16	2/3		5	71	1	1	
31	31	1/12	1/24		1/16	2/3		3	69	1	1	
31	31	1/8	1/8		1/8	1		5	59	2	1	
31	31	1/8	1/8		1/8	1		8	68	1	1	
31	31	1/4	1/8		1/8	1		5	47	2	1	
31	31	1/4	1/8		1/8	1		6	66	1	1	
32	32	0	1/24		1/16	2/3		4	52	2	1	
32	32	0	1/24		1/16	2/3		8	68	1	1	
32	32	1/24	1/24		1/16	2/3		6	54	2	1	
32	32	1/24	1/24		1/16	2/3		3	69	1	1	
32	32	1/12	1/24		1/16	2/3		8	56	2	1	
32	32	1/12	1/24		1/16	2/3		5	71	1	1	
32	32	1/8	1/24		1/16	2/3		6	54	2	1	
32	32	1/8	1/24		1/16	2/3		3	69	1	1	
32	32	1/6	1/24		1/16	2/3		8	56	2	1	
32	32	1/6	1/24		1/16	2/3		5	71	1	1	
32	32	5/24	1/24		1/16	2/3		3	57	2	1	
32	32	5/24	1/24		1/16	2/3		7	73	1	1	
32	32	1/4	1/24		1/16	2/3		8	56	2	1	
32	32	1/4	1/24		1/16	2/3		5	71	1	1	
32	32	7/24	1/24		1/16	2/3		3	57	2	1	
32	32	7/24	1/24		1/16	2/3		7	73	1	1	
32	32	1/3	1/24		1/16	2/3		5	59	2	1	
32	32	1/3	1/24		1/16	2/3		2	74	1	1	
33	33	0	1/24		1/16	2/3		3	57	2	1	
33	33	0	1/24		1/16	2/3		7	73	1	1	
33	33	1/24	1/24		1/16	2/3		5	59	2	1	
33	33	1/24	1/24		1/16	2/3		9	75	1	1	
33	33	1/12	1/24		1/16	2/3		7	61	2	1	
33	33	1/12	1/24		1/16	2/3		4	76	1	1	
33	33	1/8	1/24		1/16	2/3		6	54	2	1	
33	33	1/8	1/24		1/16	2/3		9	75	1	1	
33	33	1/6	1/24		1/16	2/3		8	56	2	1	
33	33	1/6	1/24		1/16	2/3		4	76	1	1	
33	33	5/24	1/24		1/16	2/3		3	57	2	1	
33	33	5/24	1/24		1/16	2/3		6	78	1	1	
33	33	1/4	1/8		1/8	1		8	56	2	1	
33	33	1/4	1/24		1/16	2/3		4	76	1	1	
33	33	7/24	1/24		1/16	2/3		5	71	1	1	
33	33	1/3	1/24		1/16	2/3		2	74	1	1	
34	34	0	1/8		1/8	1		3	57	2	1	
34	34	0	1/24		1/16	2/3		7	73	1	1	
34	34	1/24	1/24		1/16	2/3		5	71	1	1	
34	34	1/12	1/24		1/16	2/3		3	69	1	1	
34	34	1/8	1/8		1/8	1		5	59	2	1	
34	34	1/8	1/8		1/8	1		8	68	1	1	
34	34	1/4	1/8		1/8	1		5	47	2	1	
34	34	1/4	1/8		1/8	1		6	66	1	1	
35	35	0	1/24		1/16	2/3		4	52	2	1	
35	35	0	1/4		1/4	1		4	64	1	1	
35	35	1/24	1/24		1/16	2/3		5	47	2	1	
35	35	1/12	1/24		1/16	2/3		8	44	2	1	
35	35	1/8	1/24		1/16	2/3		4	40	2	1	
35	35	1/6	1/24		1/16	2/3		8	44	2	1	
35	35	5/24	1/24		1/16	2/3		5	47	2	1	
35	35	1/4	1/8		1/8	1		4	52	2	1	
35	35	5/16	1/16		1/16	1		5	71	1	1	
36	36	0	3/32		1/16	3/2		4	76	1	1	
36	36	3/32	1/32		1/32	1		9	75	1	1	
36	36	1/8	1/16		1/16	1		4	76	1	1	
36	36	3/16	1/16		1/16	1		5	59	2	1	
36	36	3/16	1/16		1/16	1		9	75	1	1	
36	36	1/4	1/16		1/16	1		7	61	2	1	
36	36	1/4	1/16		1/16	1		4	76	1	1	
36	36	5/16	1/16		1/16	1		9	63	2	1	
36	36	5/16	1/16		1/16	1		6	78	1	1	
37	37	0	3/32		1/16	3/2		4	64	2	1	
37	37	0	3/32		1/16	3/2		8	80	1	1	
37	37	3/32	1/32		1/32	1		9	63	2	1	
37	37	3/32	1/32		1/32	1		6	78	1	1	
37	37	1/8	3/32		1/16	3/2		4	64	2	1	
37	37	1/8	3/32		1/16	3/2		8	80	1	1	
37	37	7/32	1/32		1/32	1		9	63	2	1	
37	37	7/32	1/32		1/32	1		6	78	1	1	
37	37	1/4	3/32		1/16	3/2		4	64	2	1	
37	37	1/4	3/32		1/16	3/2		8	80	1	1	
37	37	11/32	1/32		1/32	1		6	66	2	1	
37	37	11/32	1/32		1/32	1		3	81	1	1	
38	38	0	1/4		1/4	1		8	68	2	1	
38	38	0	1/24		1/16	2/3		5	83	1	1	
38	38	1/24	1/24		1/16	2/3		8	80	1	1	
38	38	1/12	1/24		1/16	2/3		4	76	1	1	
38	38	1/8	1/24		1/16	2/3		8	80	1	1	
38	38	1/6	1/24		1/16	2/3		4	76	1	1	
38	38	5/24	1/24		1/16	2/3		5	71	1	1	
38	38	1/4	1/24		1/16	2/3		4	76	1	1	
38	38	7/24	1/24		1/16	2/3		5	71	1	1	
38	38	1/3	1/24		1/16	2/3		8	68	1	1	
39	39	0	1/8		1/8	1		3	57	2	1	
39	39	0	1/24		1/16	2/3		7	73	1	1	
39	39	1/24	1/24		1/16	2/3		5	71	1	1	
39	39	1/12	1/24		1/16	2/3		3	69	1	1	
39	39	1/8	1/8		1/8	1		5	59	2	1	
39	39	1/8	1/24		1/16	2/3		8	68	1	1	
39	39	1/6	1/24		1/16	2/3		5	71	1	1	
39	39	5/24	1/24		1/16	2/3		4	64	1	1	
39	39	1/4	1/8		1/8	1		5	47	2	1	
39	39	1/4	1/24		1/16	2/3		6	66	1	1	
39	39	7/24	1/24		1/16	2/3		3	69	1	1	
39	39	1/3	1/24		1/16	2/3		9	63	1	1	
40	40	0	1/24		1/16	2/3		8	44	2	1	
40	40	0	1/4		1/4	1		4	64	1	1	
40	40	1/24	1/24		1/16	2/3		5	47	2	1	
40	40	1/12	1/24		1/16	2/3		4	52	2	1	
40	40	1/8	1/24		1/16	2/3		5	47	2	1	
40	40	1/6	1/24		1/16	2/3		4	52	2	1	
40	40	5/24	1/24		1/16	2/3		8	56	2	1	
40	40	1/4	1/24		1/16	2/3		4	52	2	1	
40	40	7/24	1/24		1/16	2/3		8	56	2	1	
40	40	1/3	1/24		1/16	2/3		5	59	2	1	
41	41	0	1/8		1/8	1		3	57	2	1	
41	41	0	1/24		1/16	2/3		7	73	1	1	
41	41	1/24	1/24		1/16	2/3		5	71	1	1	
41	41	1/12	1/24		1/16	2/3		3	69	1	1	
41	41	1/8	1/8		1/8	1		5	59	2	1	
41	41	1/8	1/24		1/16	2/3		8	68	1	1	
41	41	1/6	1/24		1/16	2/3		5	71	1	1	
41	41	5/24	1/24		1/16	2/3		4	64	1	1	
41	41	1/4	1/8		1/8	1		5	47	2	1	
41	41	1/4	1/24		1/16	2/3		6	66	1	1	
41	41	7/24	1/24		1/16	2/3		3	69	1	1	
41	41	1/3	1/24		1/16	2/3		9	63	1	1	
42	42	0	1/24		1/16	2/3		8	44	2	1	
42	42	0	1/4		1/4	1		4	64	1	1	
42	42	1/24	1/24		1/16	2/3		5	47	2	1	
42	42	1/12	1/24		1/16	2/3		4	52	2	1	
42	42	1/8	1/24		1/16	2/3		5	47	2	1	
42	42	1/6	1/24		1/16	2/3		4	52	2	1	
42	42	5/24	1/24		1/16	2/3		8	56	2	1	
42	42	1/4	1/24		1/16	2/3		4	52	2	1	
42	42	7/24	1/24		1/16	2/3		8	56	2	1	
42	42	1/3	1/24		1/16	2/3		5	59	2	1	
43	43	0	1/8		1/8	1		3	57	2	1	
43	43	0	1/24		1/16	2/3		7	73	1	1	
43	43	1/24	1/24		1/16	2/3		5	71	1	1	
43	43	1/12	1/24		1/16	2/3		3	69	1	1	
43	43	1/8	1/8		1/8	1		5	59	2	1	
43	43	1/8	1/24		1/16	2/3		8	68	1	1	
43	43	1/6	1/24		1/16	2/3		5	71	1	1	
43	43	5/24	1/24		1/16	2/3		4	64	1	1	
43	43	1/4	1/8		1/8	1		5	47	2	1	
43	43	1/4	1/24		1/16	2/3		6	66	1	1	
43	43	7/24	1/24		1/16	2/3		3	69	1	1	
43	43	1/3	1/24		1/16	2/3		9	63	1	1	
44	44	0	1/4		1/4	1		4	52	2	1	
44	44	0	1/8		1/8	1		8	68	1	1	
44	44	0	1/8		1/8	1		4	76	1	1	
44	44	1/8	1/8		1/8	1		4	64	1	1	
45	45	0	1/24		1/16	2/3		4	64	2	1	
45	45	0	3/8		1/4	3/2		4	76	1	1	
45	45	1/24	1/24		1/16	2/3		8	68	2	1	
45	45	1/12	1/24		1/16	2/3		5	71	2	1	
45	45	1/8	1/24		1/16	2/3		4	64	2	1	
45	45	1/6	1/24		1/16	2/3		8	68	2	1	
45	45	5/24	1/24		1/16	2/3		5	71	2	1	
45	45	1/4	1/24		1/16	2/3		4	64	2	1	
45	45	7/24	1/24		1/16	2/3		8	68	2	1	
45	45	1/3	1/24		1/16	2/3		5	71	2	1	
46	46	0	1/24		1/16	2/3		9	63	2	1	
46	46	0	1/4		1/4	1		5	83	1	1	
46	46	1/24	1/24		1/16	2/3		6	66	2	1	
46	46	1/12	1/24		1/16	2/3		5	71	2	1	
46	46	1/8	1/24		1/16	2/3		9	63	2	1	
46	46	1/6	1/24		1/16	2/3		6	66	2	1	
46	46	5/24	1/24		1/16	2/3		5	71	2	1	
46	46	1/4	1/24		1/16	2/3		9	63	2	1	
46	46	9/32	1/32		1/32	1		3	81	1	1	
46	46	7/24	1/24		1/16	2/3		6	66	2	1	
46	46	5/16	1/32		1/32	1		8	80	1	1	
46	46	1/3	1/24		1/16	2/3		5	71	2	1	
46	46	11/32	1/32		1/32	1		6	78	1	1	
47	47	0	1/24		1/16	2/3		7	61	2	1	
47	47	0	1/8		1/8	1		4	76	1	1	
47	47	1/24	1/24		1/16	2/3		4	64	2	1	
47	47	1/12	1/24		1/16	2/3		8	68	2	1	
47	47	1/8	1/24		1/16	2/3		7	61	2	1	
47	47	1/8	1/8		1/8	1		4	76	1	1	
47	47	1/6	1/24		1/16	2/3		4	64	2	1	
47	47	5/24	1/24		1/16	2/3		8	68	2	1	
47	47	1/4	1/24		1/16	2/3		7	61	2	1	
47	47	1/4	1/8		1/8	1		4	76	1	1	
47	47	7/24	1/24		1/16	2/3		4	64	2	1	
47	47	1/3	1/24		1/16	2/3		8	68	2	1	
48	48	0	1/24		1/16	2/3		8	56	2	1	
48	48	0	3/8		1/4	3/2		4	76	1	1	
48	48	1/24	1/24		1/16	2/3		5	59	2	1	
48	48	1/12	1/24		1/16	2/3		4	64	2	1	
48	48	1/8	1/24		1/16	2/3		8	56	2	1	
48	48	1/6	1/24		1/16	2/3		5	59	2	1	
48	48	5/24	1/24		1/16	2/3		4	64	2	1	
48	48	1/4	1/24		1/16	2/3		8	56	2	1	
48	48	7/24	1/24		1/16	2/3		5	59	2	1	
48	48	1/3	1/24		1/16	2/3		4	64	2	1	
49	49	0	0	appoggiatura	1/8	1		5	71	1	1	
49	49	0	1/24		1/16	2/3		3	57	2	1	
49	49	0	3/8		1/4	3/2		7	73	1	1	
49	49	1/24	1/24		1/16	2/3		7	61	2	1	
49	49	1/12	1/24		1/16	2/3		4	64	2	1	
49	49	1/8	1/24		1/16	2/3		3	57	2	1	
49	49	1/6	1/24		1/16	2/3		7	61	2	1	
49	49	5/24	1/24		1/16	2/3		4	64	2	1	
49	49	1/4	1/24		1/16	2/3		3	57	2	1	
49	49	7/24	1/24		1/16	2/3		7	61	2	1	
49	49	1/3	1/24		1/16	2/3		4	64	2	1	
50	50	0	1/24		1/16	2/3		8	56	2	1	
50	50	0	1/4		1/4	1		5	71	1	1	
50	50	1/24	1/24		1/16	2/3		5	59	2	1	
50	50	1/12	1/24		1/16	2/3		4	64	2	1	
50	50	1/8	1/24		1/16	2/3		8	56	2	1	
50	50	1/6	1/24		1/16	2/3		5	59	2	1	
50	50	5/24	1/24		1/16	2/3		4	64	2	1	
50	50	1/4	1/24		1/16	2/3		8	56	2	1	
50	50	1/4	1/24		1/16	2/3		8	80	1	1	
50	50	7/24	1/24		1/16	2/3		5	59	2	1	
50	50	7/24	1/24		1/16	2/3		4	76	1	1	
50	50	1/3	1/24		1/16	2/3		4	64	2	1	
50	50	1/3	1/24		1/16	2/3		5	71	1	1	
51	51	0	1/24		1/16	2/3		6	54	2	1	
51	51	0	1/4		1/4	1		4	76	1	1	
51	51	1/24	1/24		1/16	2/3		3	57	2	1	
51	51	1/12	1/24		1/16	2/3		9	63	2	1	
51	51	1/8	1/24		1/16	2/3		6	54	2	1	
51	51	1/6	1/24		1/16	2/3		3	57	2	1	
51	51	5/24	1/24		1/16	2/3		9	63	2	1	
51	51	1/4	1/24		1/16	2/3		6	54	2	1	
51	51	1/4	1/8		1/8	1		3	69	1	1	
51	51	7/24	1/24		1/16	2/3		3	57	2	1	
51	51	1/3	1/24		1/16	2/3		9	63	2	1	
52	52	0	1/4		1/4	1		4	52	2	1	
52	52	0	1/24		1/16	2/3		8	68	1	1	
52	52	1/24	1/24		1/16	2/3		5	71	1	1	
52	52	1/12	1/24		1/16	2/3		3	69	1	1	
52	52	1/8	1/24		1/16	2/3		8	68	1	1	
52	52	1/6	1/24		1/16	2/3		6	66	1	1	
52	52	5/24	1/24		1/16	2/3		4	64	1	1	
52	52	1/4	1/24		1/16	2/3		5	71	1	1	
52	52	7/24	1/24		1/16	2/3		8	68	1	1	
52	52	1/3	1/24		1/16	2/3		4	64	1	1	
53	53	0	1/24		1/16	2/3		5	47	2	1	
53	53	0	1/8		1/8	1		6	66	1	1	
53	53	1/24	1/24		1/16	2/3		9	51	2	1	
53	53	1/12	1/24		1/16	2/3		5	59	2	1	
53	53	1/8	1/24		1/16	2/3		5	47	2	1	
53	53	1/8	1/8		1/8	1		8	68	1	1	
53	53	1/6	1/24		1/16	2/3		4	52	2	1	
53	53	5/24	1/24		1/16	2/3		5	59	2	1	
53	53	1/4	1/24		1/16	2/3		5	47	2	1	
53	53	1/4	1/8		1/8	1		3	69	1	1	
53	53	7/24	1/24		1/16	2/3		6	54	2	1	
53	53	1/3	1/24		1/16	2/3		5	59	2	1	
54	54	0	1/4		1/4	1		5	47	2	1	
54	54	0	1/4		1/4	1		4	52	2	1	
54	54	0	1/24		1/16	2/3		8	68	1	1	
54	54	1/24	1/24		1/16	2/3		5	71	1	1	
54	54	1/12	1/24		1/16	2/3		9	75	1	1	
54	54	1/8	1/24		1/16	2/3		4	76	1	1	
54	54	1/6	1/24		1/16	2/3		9	75	1	1	
54	54	5/24	1/24		1/16	2/3		7	73	1	1	
54	54	1/4	1/24		1/16	2/3		5	71	1	1	
54	54	7/24	1/24		1/16	2/3		3	69	1	1	
54	54	1/3	1/24		1/16	2/3		8	68	1	1	
55	55	0	1/24		1/16	2/3		5	47	2	1	
55	55	0	1/8		1/8	1		6	66	1	1	
55	55	1/24	1/24		1/16	2/3		9	51	2	1	
55	55	1/12	1/24		1/16	2/3		5	59	2	1	
55	55	1/8	1/24		1/16	2/3		5	47	2	1	
55	55	1/8	1/8		1/8	1		8	68	1	1	
55	55	1/6	1/24		1/16	2/3		4	52	2	1	
55	55	5/24	1/24		1/16	2/3		5	59	2	1	
55	55	1/4	1/24		1/16	2/3		5	47	2	1	
55	55	1/4	1/8		1/8	1		3	69	1	1	
55	55	7/24	1/24		1/16	2/3		6	54	2	1	
55	55	1/3	1/24		1/16	2/3		5	59	2	1	
56	56	0	1/4		1/4	1		5	47	2	1	
56	56	0	1/4		1/4	1		4	52	2	1	
56	56	0	1/24		1/16	2/3		8	68	1	1	
56	56	1/24	1/24		1/16	2/3		5	71	1	1	
56	56	1/12	1/24		1/16	2/3		9	75	1	1	
56	56	1/8	1/24		1/16	2/3		4	76	1	1	
56	56	1/6	1/24		1/16	2/3		9	75	1	1	
56	56	5/24	1/24		1/16	2/3		7	73	1	1	
56	56	1/4	1/24		1/16	2/3		5	71	1	1	
56	56	7/24	1/24		1/16	2/3		3	69	1	1	
56	56	1/3	1/24		1/16	2/3		8	68	1	1	
57	57	0	1/24		1/16	2/3		5	47	2	1	
57	57	0	1/8		1/8	1		6	66	1	1	
57	57	1/24	1/24		1/16	2/3		9	51	2	1	
57	57	1/12	1/24		1/16	2/3		5	59	2	1	
57	57	1/8	1/24		1/16	2/3		5	47	2	1	
57	57	1/8	1/8		1/8	1		8	68	1	1	
57	57	1/6	1/24		1/16	2/3		4	52	2	1	
57	57	5/24	1/24		1/16	2/3		5	59	2	1	
57	57	1/4	1/24		1/16	2/3		5	47	2	1	
57	57	1/4	1/8		1/8	1		3	69	1	1	
57	57	7/24	1/24		1/16	2/3		6	54	2	1	
57	57	1/3	1/24		1/16	2/3		5	59	2	1	
58	58	0	1/8		1/8	1		4	52	2	1	
58	58	0	1/24		1/16	2/3		8	68	1	1	
58	58	1/24	1/24		1/16	2/3		9	75	1	1	
58	58	1/12	1/24		1/16	2/3		4	76	1	1	
58	58	1/8	1/8		1/8	1		6	54	2	1	
58	58	1/8	1/24		1/16	2/3		3	69	1	1	
58	58	1/6	1/24		1/16	2/3		9	75	1	1	
58	58	5/24	1/24		1/16	2/3		4	76	1	1	
58	58	1/4	1/8		1/8	1		8	56	2	1	
58	58	1/4	1/24		1/16	2/3		5	71	1	1	
58	58	7/24	1/24		1/16	2/3		9	75	1	1	
58	58	1/3	1/24		1/16	2/3		4	76	1	1	
59	59	0	1/16		1/16	1		3	57	2	1	
59	59	0	1/24		1/16	2/3		7	73	1	1	
59	59	1/24	1/24		1/16	2/3		9	75	1	1	
59	59	1/16	1/16		1/16	1		10	58	2	1	
59	59	1/12	1/24		1/16	2/3		4	76	1	1	
59	59	1/8	1/8		1/8	1		5	59	2	1	
59	59	1/8	1/24		1/16	2/3		9	75	1	1	
59	59	1/6	1/24		1/16	2/3		7	73	1	1	
59	59	5/24	1/24		1/16	2/3		5	71	1	1	
59	59	1/4	1/8		1/8	1		5	47	2	1	
59	59	1/4	1/24		1/16	2/3		3	69	1	1	
59	59	7/24	1/24		1/16	2/3		8	68	1	1	
59	59	1/3	1/24		1/16	2/3		6	66	1	1	
60	60	0	1/4		1/4	1		4	52	2	1	
60	60	0	1/24		1/16	2/3		8	68	1	1	
60	60	1/24	1/24		1/16	2/3		5	71	1	1	
60	60	1/12	1/24		1/16	2/3		3	69	1	1	
60	60	1/8	1/24		1/16	2/3		8	68	1	1	
60	60	1/6	1/24		1/16	2/3		6	66	1	1	
60	60	5/24	1/24		1/16	2/3		4	64	1	1	
60	60	1/4	1/24		1/16	2/3		2	62	2	1	
60	60	7/24	1/24		1/16	2/3		7	61	2	1	
60	60	1/3	1/24		1/16	2/3		5	59	2	1	
61	61	0	1/8		1/8	1		3	45	2	1	
61	61	0	1/8		1/8	1		3	57	2	1	
61	61	1/24	1/24		1/16	2/3		7	73	1	1	
61	61	1/12	1/24		1/16	2/3		4	76	1	1	
61	61	1/8	1/8		1/8	1		8	68	2	1	
61	61	1/6	1/24		1/16	2/3		5	71	1	1	
61	61	5/24	1/24		1/16	2/3		4	76	1	1	
61	61	1/4	1/8		1/8	1		6	66	2	1	
61	61	7/24	1/24		1/16	2/3		3	69	1	1	
61	61	1/3	1/24		1/16	2/3		4	76	1	1	
62	62	0	1/8		1/8	1		4	64	2	1	
62	62	1/24	1/24		1/16	2/3		8	68	1	1	
62	62	1/12	1/24		1/16	2/3		4	76	1	1	
62	62	1/8	1/8		1/8	1		2	62	2	1	
62	62	1/6	1/24		1/16	2/3		6	66	1	1	
62	62	5/24	1/24		1/16	2/3		4	76	1	1	
62	62	1/4	1/8		1/8	1		7	61	2	1	
62	62	7/24	1/24		1/16	2/3		4	64	1	1	
62	62	1/3	1/24		1/16	2/3		4	76	1	1	
63	63	0	1/8		1/8	1		6	66	2	1	
63	63	1/24	1/24		1/16	2/3		3	69	1	1	
63	63	1/12	1/24		1/16	2/3		3	81	1	1	
63	63	1/8	1/8		1/8	1		4	64	2	1	
63	63	1/6	1/24		1/16	2/3		3	69	1	1	
63	63	5/24	1/24		1/16	2/3		8	80	1	1	
63	63	1/4	1/8		1/8	1		2	62	2	1	
63	63	7/24	1/24		1/16	2/3		3	69	1	1	
63	63	1/3	1/24		1/16	2/3		6	78	1	1	
64	64	0	1/8		1/8	1		7	61	2	1	
64	64	1/24	1/24		1/16	2/3		3	69	1	1	
64	64	1/12	1/24		1/16	2/3		4	76	1	1	
64	64	1/8	1/8		1/8	1		5	59	2	1	
64	64	1/6	1/24		1/16	2/3		8	68	1	1	
64	64	5/24	1/24		1/16	2/3		2	74	1	1	
64	64	1/4	1/8		1/8	1		3	57	2	1	
64	64	7/24	1/24		1/16	2/3		3	69	1	1	
64	64	1/3	1/24		1/16	2/3		7	73	1	1	
65	65	0	1/24		1/16	2/3		7	49	2	1	
65	65	0	1/8		1/8	1	1	1	79	1	1	
65	65	1/24	1/24		1/16	2/3		4	52	2	1	
65	65	1/12	1/24		1/16	2/3		3	57	2	1	
65	65	1/8	1/4		1/4	1		7	61	2	1	
65	65	1/8	1/24		1/16	2/3	-1	1	79	1	1	
65	65	1/6	1/24		1/16	2/3		5	83	1	1	
65	65	5/24	1/24		1/16	2/3		3	81	1	1	
65	65	1/4	1/24		1/16	2/3		1	79	1	1	
65	65	7/24	1/24		1/16	2/3		6	78	1	1	
65	65	1/3	1/24		1/16	2/3		4	76	1	1	
66	66	0	1/24		1/16	2/3		2	50	2	1	
66	66	0	1/8		1/8	1	1	6	78	1	1	
66	66	1/24	1/24		1/16	2/3		6	54	2	1	
66	66	1/12	1/24		1/16	2/3		3	57	2	1	
66	66	1/8	1/8		1/8	1		2	62	2	1	
66	66	1/8	1/24		1/16	2/3	-1	6	78	1	1	
66	66	1/6	1/24		1/16	2/3		3	81	1	1	
66	66	5/24	1/24		1/16	2/3		1	79	1	1	
66	66	1/4	1/8		1/8	1		8	56	2	1	
66	66	1/4	1/24		1/16	2/3		6	78	1	1	
66	66	7/24	1/24		1/16	2/3		4	76	1	1	
66	66	1/3	1/24		1/16	2/3		2	74	1	1	
67	67	0	1/8		1/8	1		3	57	2	1	
67	67	0	1/24		1/16	2/3		7	73	1	1	
67	67	1/24	1/24		1/16	2/3		4	76	1	1	
67	67	1/12	1/24		1/16	2/3		2	74	1	1	
67	67	1/8	1/8		1/8	1		3	45	2	1	
67	67	1/8	1/24		1/16	2/3		7	73	1	1	
67	67	1/6	1/24		1/16	2/3		5	71	1	1	
67	67	5/24	1/24		1/16	2/3		3	69	1	1	
67	67	1/4	1/8		1/8	1		7	49	2	1	
67	67	1/4	1/24		1/16	2/3		1	67	1	1	
67	67	7/24	1/24		1/16	2/3		6	66	1	1	
67	67	1/3	1/24		1/16	2/3		4	64	1	1	
68	68	0	1/8		1/8	1		2	50	2	1	
68	68	0	1/24		1/16	2/3		6	66	1	1	
68	68	1/24	1/24		1/16	2/3		3	69	1	1	
68	68	1/12	1/24		1/16	2/3		8	68	1	1	
68	68	1/8	1/8		1/8	1		2	38	2	1	
68	68	1/8	1/24		1/16	2/3		6	66	1	1	
68	68	1/6	1/24		1/16	2/3		4	64	1	1	
68	68	5/24	1/24		1/16	2/3		2	62	1	1	
68	68	1/4	1/24		1/16	2/3		3	69	1	1	
68	68	7/24	1/24		1/16	2/3		6	66	1	1	
68	68	1/3	1/24		1/16	2/3		2	62	1	1	
69	69	0	1/24		1/16	2/3		3	45	2	1	
69	69	0	1/8		1/8	1	1	4	76	1	1	
69	69	1/24	1/24		1/16	2/3		7	49	2	1	
69	69	1/12	1/24		1/16	2/3		6	54	2	1	
69	69	1/8	1/4		1/4	1		10	58	2	1	
69	69	1/8	1/24		1/16	2/3	-1	4	76	1	1	
69	69	1/6	1/24		1/16	2/3		1	79	1	1	
69	69	5/24	1/24		1/16	2/3		6	78	1	1	
69	69	1/4	1/24		1/16	2/3		4	76	1	1	
69	69	7/24	1/24		1/16	2/3		2	74	1	1	
69	69	1/3	1/24		1/16	2/3		7	73	1	1	
70	70	0	1/24		1/16	2/3		5	47	2	1	
70	70	0	1/8		1/8	1	1	2	74	1	1	
70	70	1/24	1/24		1/16	2/3		2	50	2	1	
70	70	1/12	1/24		1/16	2/3		6	54	2	1	
70	70	1/8	1/8		1/8	1		5	59	2	1	
70	70	1/8	1/24		1/16	2/3	-1	2	74	1	1	
70	70	1/6	1/24		1/16	2/3		6	78	1	1	
70	70	5/24	1/24		1/16	2/3		4	76	1	1	
70	70	1/4	1/8		1/8	1		11	53	2	1	
70	70	1/4	1/24		1/16	2/3		2	74	1	1	
70	70	7/24	1/24		1/16	2/3		7	73	1	1	
70	70	1/3	1/24		1/16	2/3		5	71	1	1	
71	71	0	1/8		1/8	1		6	54	2	1	
71	71	0	1/24		1/16	2/3		10	70	1	1	
71	71	1/24	1/24		1/16	2/3		7	73	1	1	
71	71	1/12	1/24		1/16	2/3		5	71	1	1	
71	71	1/8	1/8		1/8	1		6	42	2	1	
71	71	1/8	1/24		1/16	2/3		10	70	1	1	
71	71	1/6	1/24		1/16	2/3		8	68	1	1	
71	71	5/24	1/24		1/16	2/3		6	66	1	1	
71	71	1/4	1/8		1/8	1		10	46	2	1	
71	71	1/4	1/24		1/16	2/3		4	64	1	1	
71	71	7/24	1/24		1/16	2/3		2	62	1	1	
71	71	1/3	1/24		1/16	2/3		7	61	1	1	
72	72	0	1/4		1/4	1		5	47	2	1	
72	72	0	1/24		1/16	2/3		2	62	1	1	
72	72	1/24	1/24		1/16	2/3		6	66	1	1	
72	72	1/12	1/24		1/16	2/3		4	64	1	1	
72	72	1/8	1/24		1/16	2/3		2	62	1	1	
72	72	1/6	1/24		1/16	2/3		7	61	1	1	
72	72	5/24	1/24		1/16	2/3		5	59	1	1	
72	72	1/4	1/24		1/16	2/3		6	66	1	1	
72	72	7/24	1/24		1/16	2/3		2	62	1	1	
72	72	1/3	1/24		1/16	2/3		5	59	1	1	
73	73	0	1/8		1/8	1		8	44	2	1	
73	73	1/24	1/24		1/16	2/3		10	58	1	1	
73	73	1/12	1/24		1/16	2/3		6	66	1	1	
73	73	1/8	1/8		1/8	1		10	58	2	1	
73	73	1/6	1/24		1/16	2/3		7	61	1	1	
73	73	5/24	1/24		1/16	2/3		6	66	1	1	
73	73	1/4	1/8		1/8	1		5	59	2	1	
73	73	7/24	1/24		1/16	2/3		2	62	1	1	
73	73	1/3	1/24		1/16	2/3		6	66	1	1	
74	74	0	1/8		1/8	1		7	61	2	1	
74	74	1/24	1/24		1/16	2/3		4	64	1	1	
74	74	1/12	1/24		1/16	2/3		6	66	1	1	
74	74	1/8	1/8		1/8	1		5	59	2	1	
74	74	1/6	1/24		1/16	2/3		2	62	1	1	
74	74	5/24	1/24		1/16	2/3		6	66	1	1	
74	74	1/4	1/8		1/8	1		10	58	2	1	
74	74	7/24	1/24		1/16	2/3		7	61	1	1	
74	74	1/3	1/24		1/16	2/3		6	66	1	1	
75	75	0	1/8		1/8	1		5	47	2	1	
75	75	1/24	1/24		1/16	2/3		2	62	1	1	
75	75	1/12	1/24		1/16	2/3		6	66	1	1	
75	75	1/8	1/8		1/8	1		5	59	2	1	
75	75	1/6	1/24		1/16	2/3		6	66	1	1	
75	75	5/24	1/24		1/16	2/3		2	74	1	1	
75	75	1/4	1/8		1/8	1		7	61	2	1	
75	75	7/24	1/24		1/16	2/3		6	66	1	1	
75	75	1/3	1/24		1/16	2/3		7	73	1	1	
76	76	0	1/8		1/8	1		2	62	2	1	
76	76	1/24	1/24		1/16	2/3		6	66	1	1	
76	76	1/12	1/24		1/16	2/3		5	71	1	1	
76	76	1/8	1/8		1/8	1		4	64	2	1	
76	76	1/6	1/24		1/16	2/3		6	66	1	1	
76	76	5/24	1/24		1/16	2/3		10	70	1	1	
76	76	1/4	1/8		1/8	1		2	62	2	1	
76	76	7/24	1/24		1/16	2/3		6	66	1	1	
76	76	1/3	1/24		1/16	2/3		5	71	1	1	
77	77	0	1/8		1/8	1		6	42	2	1	
77	77	1/24	1/24		1/16	2/3		10	58	1	1	
77	77	1/12	1/24		1/16	2/3		6	66	1	1	
77	77	1/8	1/8		1/8	1		10	58	2	1	
77	77	1/6	1/24		1/16	2/3		7	61	1	1	
77	77	5/24	1/24		1/16	2/3		6	66	1	1	
77	77	1/4	1/8		1/8	1		5	59	2	1	
77	77	7/24	1/24		1/16	2/3		2	62	1	1	
77	77	1/3	1/24		1/16	2/3		6	66	1	1	
78	78	0	1/8		1/8	1		7	61	2	1	
78	78	1/24	1/24		1/16	2/3		4	64	1	1	
78	78	1/12	1/24		1/16	2/3		6	66	1	1	
78	78	1/8	1/8		1/8	1		5	59	2	1	
78	78	1/6	1/24		1/16	2/3		2	62	1	1	
78	78	5/24	1/24		1/16	2/3		6	66	1	1	
78	78	1/4	1/8		1/8	1		10	58	2	1	
78	78	7/24	1/24		1/16	2/3		7	61	1	1	
78	78	1/3	1/24		1/16	2/3		6	66	1	1	
79	79	0	1/8		1/8	1		5	47	2	1	
79	79	1/24	1/24		1/16	2/3		2	62	1	1	
79	79	1/12	1/24		1/16	2/3		6	66	1	1	
79	79	1/8	1/8		1/8	1		5	59	2	1	
79	79	1/6	1/24		1/16	2/3		6	66	1	1	
79	79	5/24	1/24		1/16	2/3		2	74	1	1	
79	79	1/4	1/8		1/8	1		7	61	2	1	
79	79	7/24	1/24		1/16	2/3		6	66	1	1	
79	79	1/3	1/24		1/16	2/3		7	73	1	1	
80	80	0	1/8		1/8	1		2	62	2	1	
80	80	1/24	1/24		1/16	2/3		6	66	1	1	
80	80	1/12	1/24		1/16	2/3		5	71	1	1	
80	80	1/8	1/8		1/8	1		4	64	2	1	
80	80	1/6	1/24		1/16	2/3		6	66	1	1	
80	80	5/24	1/24		1/16	2/3		10	70	1	1	
80	80	1/4	1/8		1/8	1		2	62	2	1	
80	80	7/24	1/24		1/16	2/3		6	66	1	1	
80	80	1/3	1/24		1/16	2/3		5	71	1	1	
81	81	0	1/24		1/16	2/3		5	59	2	1	
81	81	0	1/4		1/4	1		2	74	1	1	
81	81	1/24	1/24		1/16	2/3		2	62	2	1	
81	81	1/12	1/24		1/16	2/3		6	66	2	1	
81	81	1/8	1/24		1/16	2/3		5	59	2	1	
81	81	1/6	1/24		1/16	2/3		2	62	2	1	
81	81	5/24	1/24		1/16	2/3		6	66	2	1	
81	81	1/4	1/24		1/16	2/3		5	59	2	1	
81	81	1/4	1/8		1/8	1		11	77	1	1	
81	81	7/24	1/24		1/16	2/3		2	62	2	1	
81	81	1/3	1/24		1/16	2/3		6	66	2	1	
82	82	0	1/24		1/16	2/3		10	58	2	1	
82	82	0	1/8		1/8	1		6	78	1	1	
82	82	1/24	1/24		1/16	2/3		7	61	2	1	
82	82	1/12	1/24		1/16	2/3		6	66	2	1	
82	82	1/8	1/24		1/16	2/3		10	58	2	1	
82	82	1/8	1/8		1/8	1		7	73	1	1	
82	82	1/6	1/24		1/16	2/3		7	61	2	1	
82	82	5/24	1/24		1/16	2/3		6	66	2	1	
82	82	1/4	1/24		1/16	2/3		10	58	2	1	
82	82	7/24	1/24		1/16	2/3		7	61	2	1	
82	82	1/3	1/24		1/16	2/3		6	66	2	1	
83	83	0	1/24		1/16	2/3		3	57	2	1	
83	83	0	1/4		1/4	1		7	73	1	1	
83	83	1/24	1/24		1/16	2/3		7	61	2	1	
83	83	1/12	1/24		1/16	2/3		6	66	2	1	
83	83	1/8	1/24		1/16	2/3		3	57	2	1	
83	83	1/6	1/24		1/16	2/3		7	61	2	1	
83	83	5/24	1/24		1/16	2/3		6	66	2	1	
83	83	1/4	1/24		1/16	2/3		3	57	2	1	
83	83	1/4	1/8		1/8	1		9	75	1	1	
83	83	7/24	1/24		1/16	2/3		7	61	2	1	
83	83	1/3	1/24		1/16	2/3		6	66	2	1	
84	84	0	1/24		1/16	2/3		8	56	2	1	
84	84	0	1/8		1/8	1		4	76	1	1	
84	84	1/24	1/24		1/16	2/3		5	59	2	1	
84	84	1/12	1/24		1/16	2/3		4	64	2	1	
84	84	1/8	1/24		1/16	2/3		8	56	2	1	
84	84	1/8	1/8		1/8	1		5	71	1	1	
84	84	1/6	1/24		1/16	2/3		5	59	2	1	
84	84	5/24	1/24		1/16	2/3		4	64	2	1	
84	84	1/4	1/24		1/16	2/3		8	56	2	1	
84	84	7/24	1/24		1/16	2/3		5	59	2	1	
84	84	1/3	1/24		1/16	2/3		4	64	2	1	
85	85	0	1/24		1/16	2/3		1	55	2	1	
85	85	0	1/4		1/4	1		5	71	1	1	
85	85	1/24	1/24		1/16	2/3		5	59	2	1	
85	85	1/12	1/24		1/16	2/3		4	64	2	1	
85	85	1/8	1/24		1/16	2/3		1	55	2	1	
85	85	1/6	1/24		1/16	2/3		5	59	2	1	
85	85	5/24	1/24		1/16	2/3		4	64	2	1	
85	85	1/4	1/24		1/16	2/3		1	55	2	1	
85	85	1/4	1/8		1/8	1		7	73	1	1	
85	85	7/24	1/24		1/16	2/3		5	59	2	1	
85	85	1/3	1/24		1/16	2/3		4	64	2	1	
86	86	0	1/24		1/16	2/3		6	54	2	1	
86	86	0	1/8		1/8	1		2	74	1	1	
86	86	1/24	1/24		1/16	2/3		3	57	2	1	
86	86	1/12	1/24		1/16	2/3		2	62	2	1	
86	86	1/8	1/24		1/16	2/3		6	54	2	1	
86	86	1/8	1/8		1/8	1		3	69	1	1	
86	86	1/6	1/24		1/16	2/3		3	57	2	1	
86	86	5/24	1/24		1/16	2/3		2	62	2	1	
86	86	1/4	1/24		1/16	2/3		4	52	2	1	
86	86	1/4	1/8		1/8	1		7	73	1	1	
86	86	7/24	1/24		1/16	2/3		8	56	2	1	
86	86	1/3	1/24		1/16	2/3		7	61	2	1	
87	87	0	1/24		1/16	2/3		2	50	2	1	
87	87	0	1/8		1/8	1		5	71	1	1	
87	87	1/24	1/24		1/16	2/3		6	54	2	1	
87	87	1/12	1/24		1/16	2/3		5	59	2	1	
87	87	1/8	1/24		1/16	2/3		2	50	2	1	
87	87	1/8	1/8		1/8	1		6	66	1	1	
87	87	1/6	1/24		1/16	2/3		6	54	2	1	
87	87	5/24	1/24		1/16	2/3		5	59	2	1	
87	87	1/4	1/24		1/16	2/3		7	49	2	1	
87	87	1/4	1/8		1/8	1		3	69	1	1	
87	87	7/24	1/24		1/16	2/3		4	52	2	1	
87	87	1/3	1/24		1/16	2/3		3	57	2	1	
88	88	0	1/24		1/16	2/3		5	47	2	1	
88	88	0	1/8		1/8	1		8	68	1	1	
88	88	1/24	1/24		1/16	2/3		2	50	2	1	
88	88	1/12	1/24		1/16	2/3		8	56	2	1	
88	88	1/8	1/24		1/16	2/3		5	47	2	1	
88	88	1/8	1/8		1/8	1		2	62	1	1	
88	88	1/6	1/24		1/16	2/3		2	50	2	1	
88	88	5/24	1/24		1/16	2/3		8	56	2	1	
88	88	1/4	1/24		1/16	2/3		3	45	2	1	
88	88	1/4	1/8		1/8	1		6	66	1	1	
88	88	7/24	1/24		1/16	2/3		7	49	2	1	
88	88	1/3	1/24		1/16	2/3		6	54	2	1	
89	89	0	1/24		1/16	2/3		8	44	2	1	
89	89	0	3/8		1/4	3/2		4	64	1	1	
89	89	1/24	1/24		1/16	2/3		5	47	2	1	
89	89	1/12	1/24		1/16	2/3		4	52	2	1	
89	89	1/8	1/24		1/16	2/3		8	44	2	1	
89	89	1/8	1/8		1/8	1		2	62	1	2	
89	89	1/6	1/24		1/16	2/3		5	47	2	1	
89	89	5/24	1/24		1/16	2/3		4	52	2	1	
89	89	1/4	1/24		1/16	2/3		3	45	2	1	
89	89	1/4	1/8		1/8	1		7	61	1	2	
89	89	7/24	1/24		1/16	2/3		7	49	2	1	
89	89	1/3	1/24		1/16	2/3		4	52	2	1	
90	90	0	1/4		1/4	1		4	40	2	1	
90	90	0	1/24		1/16	2/3		4	64	1	1	
90	90	1/24	1/24		1/16	2/3		8	68	1	1	
90	90	1/12	1/24		1/16	2/3		3	69	1	1	
90	90	1/8	1/24		1/16	2/3		5	71	1	1	
90	90	1/6	1/24		1/16	2/3		8	68	1	1	
90	90	5/24	1/24		1/16	2/3		4	64	1	1	
90	90	1/4	1/24		1/16	2/3		9	63	1	1	
90	90	7/24	1/24		1/16	2/3		6	66	1	1	
90	90	1/3	1/24		1/16	2/3		4	64	1	1	
91	91	0	1/24		1/16	2/3		8	44	2	1	
91	91	0	3/8		1/4	3/2		4	64	1	1	
91	91	1/24	1/24		1/16	2/3		5	47	2	1	
91	91	1/12	1/24		1/16	2/3		4	52	2	1	
91	91	1/8	1/24		1/16	2/3		8	44	2	1	
91	91	1/8	1/8		1/8	1		2	62	1	2	
91	91	1/6	1/24		1/16	2/3		5	47	2	1	
91	91	5/24	1/24		1/16	2/3		4	52	2	1	
91	91	1/4	1/24		1/16	2/3		3	45	2	1	
91	91	1/4	1/8		1/8	1		7	61	1	2	
91	91	7/24	1/24		1/16	2/3		7	49	2	1	
91	91	1/3	1/24		1/16	2/3		4	52	2	1	
92	92	0	1/4		1/4	1		4	40	2	1	
92	92	0	1/24		1/16	2/3		4	64	1	1	
92	92	1/24	1/24		1/16	2/3		8	68	1	1	
92	92	1/12	1/24		1/16	2/3		3	69	1	1	
92	92	1/8	1/24		1/16	2/3		5	71	1	1	
92	92	1/6	1/24		1/16	2/3		8	68	1	1	
92	92	5/24	1/24		1/16	2/3		4	64	1	1	
92	92	1/4	1/24		1/16	2/3		9	63	1	1	
92	92	7/24	1/24		1/16	2/3		6	66	1	1	
92	92	1/3	1/24		1/16	2/3		4	64	1	1	
93	93	0	1/24		1/16	2/3		8	44	2	1	
93	93	0	1/8		1/8	1		4	64	1	1	
93	93	1/24	1/24		1/16	2/3		5	47	2	1	
93	93	1/12	1/24		1/16	2/3		4	52	2	1	
93	93	1/8	1/24		1/16	2/3		8	44	2	1	
93	93	1/8	1/8		1/8	1		2	62	1	1	
93	93	1/6	1/24		1/16	2/3		5	47	2	1	
93	93	5/24	1/24		1/16	2/3		4	52	2	1	
93	93	1/4	1/24		1/16	2/3		3	45	2	1	
93	93	1/4	1/8		1/8	1		7	61	1	1	
93	93	7/24	1/24		1/16	2/3		7	49	2	1	
93	93	1/3	1/24		1/16	2/3		4	52	2	1	
94	94	0	3/8		1/4	3/2		4	40	2	1	
94	94	0	3/8		1/4	3/2		3	57	1	1	
94	94	0	3/8		1/4	3/2		7	61	1	1	
95	95	0	1/8		1/8	1		4	40	2	1	
95	95	0	1/8		1/8	1		8	56	1	1	
95	95	0	1/8		1/8	1		5	59	1	1	
96	96	0	1/8		1/8	1		3	45	2	1	
96	96	0	1/8		1/8	1		3	57	2	1	
96	96	1/24	1/24		1/16	2/3		7	73	1	1	
96	96	1/12	1/24		1/16	2/3		4	76	1	1	
96	96	1/8	1/8		1/8	1		8	68	2	1	
96	96	1/6	1/24		1/16	2/3		5	71	1	1	
96	96	5/24	1/24		1/16	2/3		4	76	1	1	
96	96	1/4	1/8		1/8	1		6	66	2	1	
96	96	7/24	1/24		1/16	2/3		3	69	1	1	
96	96	1/3	1/24		1/16	2/3		4	76	1	1	
97	97	0	1/8		1/8	1		4	64	2	1	
97	97	1/24	1/24		1/16	2/3		8	68	1	1	
97	97	1/12	1/24		1/16	2/3		4	76	1	1	
97	97	1/8	1/8		1/8	1		2	62	2	1	
97	97	1/6	1/24		1/16	2/3		6	66	1	1	
97	97	5/24	1/24		1/16	2/3		4	76	1	1	
97	97	1/4	1/8		1/8	1		7	61	2	1	
97	97	7/24	1/24		1/16	2/3		4	64	1	1	
97	97	1/3	1/24		1/16	2/3		4	76	1	1	
98	98	0	1/8		1/8	1		6	66	2	1	
98	98	1/24	1/24		1/16	2/3		3	69	1	1	
98	98	1/12	1/24		1/16	2/3		3	81	1	1	
98	98	1/8	1/8		1/8	1		4	64	2	1	
98	98	1/6	1/24		1/16	2/3		3	69	1	1	
98	98	5/24	1/24		1/16	2/3		8	80	1	1	
98	98	1/4	1/8		1/8	1		2	62	2	1	
98	98	7/24	1/24		1/16	2/3		3	69	1	1	
98	98	1/3	1/24		1/16	2/3		6	78	1	1	
99	99	0	1/8		1/8	1		7	61	2	1	
99	99	1/24	1/24		1/16	2/3		3	69	1	1	
99	99	1/12	1/24		1/16	2/3		4	76	1	1	
99	99	1/8	1/8		1/8	1		5	59	2	1	
99	99	1/6	1/24		1/16	2/3		8	68	1	1	
99	99	5/24	1/24		1/16	2/3		2	74	1	1	
99	99	1/4	1/8		1/8	1		3	57	2	1	
99	99	7/24	1/24		1/16	2/3		3	69	1	1	
99	99	1/3	1/24		1/16	2/3		7	73	1	1	
100	100	0	1/24		1/16	2/3		2	50	2	1	
100	100	0	1/8		1/8	1	1	6	78	1	1	
100	100	1/24	1/24		1/16	2/3		6	54	2	1	
100	100	1/12	1/24		1/16	2/3		3	57	2	1	
100	100	1/8	1/4		1/4	1		2	62	2	1	
100	100	1/8	1/24		1/16	2/3	-1	6	78	1	1	
100	100	1/6	1/24		1/16	2/3		3	81	1	1	
100	100	5/24	1/24		1/16	2/3		8	80	1	1	
100	100	1/4	1/24		1/16	2/3		6	78	1	1	
100	100	7/24	1/24		1/16	2/3		4	76	1	1	
100	100	1/3	1/24		1/16	2/3		2	74	1	1	
101	101	0	1/24		1/16	2/3		7	49	2	1	
101	101	0	1/8		1/8	1	1	4	76	1	1	
101	101	1/24	1/24		1/16	2/3		4	52	2	1	
101	101	1/12	1/24		1/16	2/3		3	57	2	1	
101	101	1/8	1/4		1/4	1		7	61	2	1	
101	101	1/8	1/24		1/16	2/3	-1	4	76	1	1	
101	101	1/6	1/24		1/16	2/3		1	79	1	1	
101	101	5/24	1/24		1/16	2/3		6	78	1	1	
101	101	1/4	1/24		1/16	2/3		4	76	1	1	
101	101	7/24	1/24		1/16	2/3		2	74	1	1	
101	101	1/3	1/24		1/16	2/3		7	73	1	1	
102	102	0	1/8		1/8	1		5	59	2	1	
102	102	0	1/24		1/16	2/3		2	74	1	1	
102	102	1/24	1/24		1/16	2/3		6	78	1	1	
102	102	1/12	1/24		1/16	2/3		4	76	1	1	
102	102	1/8	1/8		1/8	1		8	56	2	1	
102	102	1/8	1/24		1/16	2/3		2	74	1	1	
102	102	1/6	1/24		1/16	2/3		7	73	1	1	
102	102	5/24	1/24		1/16	2/3		5	71	1	1	
102	102	1/4	1/8		1/8	1		3	57	2	1	
102	102	1/4	1/24		1/16	2/3		7	73	1	1	
102	102	7/24	1/24		1/16	2/3		5	71	1	1	
102	102	1/3	1/24		1/16	2/3		3	69	1	1	
103	103	0	1/4		1/4	1		4	52	2	1	
103	103	0	1/24		1/16	2/3		8	68	1	1	
103	103	1/24	1/24		1/16	2/3		5	71	1	1	
103	103	1/12	1/24		1/16	2/3		3	69	1	1	
103	103	1/8	1/24		1/16	2/3		8	68	1	1	
103	103	1/6	1/24		1/16	2/3		6	66	1	1	
103	103	5/24	1/24		1/16	2/3		4	64	1	1	
103	103	1/4	1/8		1/8	1		8	56	2	1	
103	103	1/4	1/24		1/16	2/3		2	62	1	1	
103	103	7/24	1/24		1/16	2/3		7	61	1	1	
103	103	1/3	1/24		1/16	2/3		5	59	1	1	
104	104	0	1/8		1/8	1		3	33	2	1	
104	104	0	1/8		1/8	1		3	45	2	1	
104	104	1/24	1/24		1/16	2/3		7	73	1	1	
104	104	1/12	1/24		1/16	2/3		4	76	1	1	
104	104	1/8	1/8		1/8	1		8	68	2	1	
104	104	1/6	1/24		1/16	2/3		5	71	1	1	
104	104	5/24	1/24		1/16	2/3		4	76	1	1	
104	104	1/4	1/8		1/8	1		6	66	2	1	
104	104	7/24	1/24		1/16	2/3		3	69	1	1	
104	104	1/3	1/24		1/16	2/3		4	76	1	1	
105	105	0	1/8		1/8	1		4	64	2	1	
105	105	1/24	1/24		1/16	2/3		8	68	1	1	
105	105	1/12	1/24		1/16	2/3		4	76	1	1	
105	105	1/8	1/8		1/8	1		2	62	2	1	
105	105	1/6	1/24		1/16	2/3		6	66	1	1	
105	105	5/24	1/24		1/16	2/3		4	76	1	1	
105	105	1/4	1/8		1/8	1		7	61	2	1	
105	105	7/24	1/24		1/16	2/3		4	64	1	1	
105	105	1/3	1/24		1/16	2/3		4	76	1	1	
106	106	0	1/8		1/8	1		6	66	2	1	
106	106	1/24	1/24		1/16	2/3		3	69	1	1	
106	106	1/12	1/24		1/16	2/3		3	81	1	1	
106	106	1/8	1/8		1/8	1		4	64	2	1	
106	106	1/6	1/24		1/16	2/3		3	69	1	1	
106	106	5/24	1/24		1/16	2/3		8	80	1	1	
106	106	1/4	1/8		1/8	1		2	62	2	1	
106	106	7/24	1/24		1/16	2/3		3	69	1	1	
106	106	1/3	1/24		1/16	2/3		6	78	1	1	
107	107	0	1/8		1/8	1		7	61	2	1	
107	107	1/24	1/24		1/16	2/3		3	69	1	1	
107	107	1/12	1/24		1/16	2/3		4	76	1	1	
107	107	1/8	1/8		1/8	1		5	59	2	1	
107	107	1/6	1/24		1/16	2/3		8	68	1	1	
107	107	5/24	1/24		1/16	2/3		2	74	1	1	
107	107	1/4	1/8		1/8	1		3	57	2	1	
107	107	7/24	1/24		1/16	2/3		3	69	1	1	
107	107	1/3	1/24		1/16	2/3		7	73	1	1	
108	108	0	1/24		1/16	2/3		2	50	2	1	
108	108	0	1/8		1/8	1	1	6	78	1	1	
108	108	1/24	1/24		1/16	2/3		6	54	2	1	
108	108	1/12	1/24		1/16	2/3		3	57	2	1	
108	108	1/8	1/4		1/4	1		2	62	2	1	
108	108	1/8	1/24		1/16	2/3	-1	6	78	1	1	
108	108	1/6	1/24		1/16	2/3		3	81	1	1	
108	108	5/24	1/24		1/16	2/3		8	80	1	1	
108	108	1/4	1/24		1/16	2/3		3	81	1	1	
108	108	7/24	1/24		1/16	2/3		6	78	1	1	
108	108	1/3	1/24		1/16	2/3		2	74	1	1	
109	109	0	1/24		1/16	2/3		7	49	2	1	
109	109	0	1/8		1/8	1	1	4	76	1	1	
109	109	1/24	1/24		1/16	2/3		4	52	2	1	
109	109	1/12	1/24		1/16	2/3		3	57	2	1	
109	109	1/8	1/4		1/4	1		7	61	2	1	
109	109	1/8	1/24		1/16	2/3	-1	4	76	1	1	
109	109	1/6	1/24		1/16	2/3		1	79	1	1	
109	109	5/24	1/24		1/16	2/3		6	78	1	1	
109	109	1/4	1/24		1/16	2/3		1	79	1	1	
109	109	7/24	1/24		1/16	2/3		4	76	1	1	
109	109	1/3	1/24		1/16	2/3		7	73	1	1	
110	110	0	1/8		1/8	1		5	59	2	1	
110	110	0	1/24		1/16	2/3		2	74	1	1	
110	110	1/24	1/24		1/16	2/3		6	78	1	1	
110	110	1/12	1/24		1/16	2/3		4	76	1	1	
110	110	1/8	1/8		1/8	1		8	56	2	1	
110	110	1/8	1/24		1/16	2/3		2	74	1	1	
110	110	1/6	1/24		1/16	2/3		7	73	1	1	
110	110	5/24	1/24		1/16	2/3		5	71	1	1	
110	110	1/4	1/8		1/8	1		3	57	2	1	
110	110	1/4	1/24		1/16	2/3		7	73	1	1	
110	110	7/24	1/24		1/16	2/3		5	71	1	1	
110	110	1/3	1/24		1/16	2/3		3	69	1	1	
111	111	0	1/4		1/4	1		4	52	2	1	
111	111	0	1/24		1/16	2/3		8	68	1	1	
111	111	1/24	1/24		1/16	2/3		4	76	1	1	
111	111	1/12	1/24		1/16	2/3		5	71	1	1	
111	111	1/8	1/24		1/16	2/3		8	68	1	1	
111	111	1/6	1/24		1/16	2/3		5	71	1	1	
111	111	5/24	1/24		1/16	2/3		8	68	1	1	
111	111	1/4	1/8		1/8	1		8	56	2	1	
111	111	1/4	1/24		1/16	2/3		4	64	1	1	
111	111	7/24	1/24		1/16	2/3		5	71	1	1	
111	111	1/3	1/24		1/16	2/3		4	76	1	1	
112	112	0	1/24		1/16	2/3		3	57	2	1	
112	112	0	1/24		1/16	2/3		7	73	1	1	
112	112	1/24	1/24		1/16	2/3		5	59	2	1	
112	112	1/24	1/24		1/16	2/3		2	74	1	1	
112	112	1/12	1/24		1/16	2/3		7	61	2	1	
112	112	1/12	1/24		1/16	2/3		4	76	1	1	
112	112	1/8	1/24		1/16	2/3		5	59	2	1	
112	112	1/8	1/24		1/16	2/3		2	74	1	1	
112	112	1/6	1/24		1/16	2/3		7	61	2	1	
112	112	1/6	1/24		1/16	2/3		4	76	1	1	
112	112	5/24	1/24		1/16	2/3		2	62	2	1	
112	112	5/24	1/24		1/16	2/3		6	78	1	1	
112	112	1/4	1/24		1/16	2/3		7	61	2	1	
112	112	1/4	1/24		1/16	2/3		4	76	1	1	
112	112	7/24	1/24		1/16	2/3		2	62	2	1	
112	112	7/24	1/24		1/16	2/3		6	78	1	1	
112	112	1/3	1/24		1/16	2/3		4	64	2	1	
112	112	1/3	1/24		1/16	2/3		1	79	1	1	
113	113	0	1/24		1/16	2/3		2	62	2	1	
113	113	0	1/24		1/16	2/3		6	78	1	1	
113	113	1/24	1/24		1/16	2/3		4	64	2	1	
113	113	1/24	1/24		1/16	2/3		8	80	1	1	
113	113	1/12	1/24		1/16	2/3		6	66	2	1	
113	113	1/12	1/24		1/16	2/3		3	81	1	1	
113	113	1/8	1/24		1/16	2/3		5	59	2	1	
113	113	1/8	1/24		1/16	2/3		8	80	1	1	
113	113	1/6	1/24		1/16	2/3		7	61	2	1	
113	113	1/6	1/24		1/16	2/3		3	81	1	1	
113	113	5/24	1/24		1/16	2/3		2	62	2	1	
113	113	5/24	1/24		1/16	2/3		5	83	1	1	
113	113	1/4	1/8		1/8	1		7	61	2	1	
113	113	1/4	1/24		1/16	2/3		3	81	1	1	
113	113	7/24	1/24		1/16	2/3		4	76	1	1	
113	113	1/3	1/24		1/16	2/3		1	79	1	1	
114	114	0	1/8		1/8	1		2	62	2	1	
114	114	0	1/24		1/16	2/3		6	78	1	1	
114	114	1/24	1/24		1/16	2/3		4	76	1	1	
114	114	1/12	1/24		1/16	2/3		2	74	1	1	
114	114	1/8	1/8		1/8	1		4	64	2	1	
114	114	1/8	1/8		1/8	1		7	73	1	1	
114	114	1/4	1/8		1/8	1		7	49	2	1	
114	114	1/4	1/8		1/8	1		5	71	1	1	
115	115	0	1/24		1/16	2/3		3	57	2	1	
115	115	0	1/24		1/16	2/3		7	73	1	1	
115	115	1/24	1/24		1/16	2/3		5	59	2	1	
115	115	1/24	1/24		1/16	2/3		2	74	1	1	
115	115	1/12	1/24		1/16	2/3		7	61	2	1	
115	115	1/12	1/24		1/16	2/3		4	76	1	1	
115	115	1/8	1/24		1/16	2/3		5	59	2	1	
115	115	1/8	1/24		1/16	2/3		2	74	1	1	
115	115	1/6	1/24		1/16	2/3		7	61	2	1	
115	115	1/6	1/24		1/16	2/3		4	76	1	1	
115	115	5/24	1/24		1/16	2/3		2	62	2	1	
115	115	5/24	1/24		1/16	2/3		6	78	1	1	
115	115	1/4	1/24		1/16	2/3		7	61	2	1	
115	115	1/4	1/24		1/16	2/3		4	76	1	1	
115	115	7/24	1/24		1/16	2/3		2	62	2	1	
115	115	7/24	1/24		1/16	2/3		6	78	1	1	
115	115	1/3	1/24		1/16	2/3		4	64	2	1	
115	115	1/3	1/24		1/16	2/3		1	79	1	1	
116	116	0	1/24		1/16	2/3		2	62	2	1	
116	116	0	1/24		1/16	2/3		6	78	1	1	
116	116	1/24	1/24		1/16	2/3		4	64	2	1	
116	116	1/24	1/24		1/16	2/3		8	80	1	1	
116	116	1/12	1/24		1/16	2/3		6	66	2	1	
116	116	1/12	1/24		1/16	2/3		3	81	1	1	
116	116	1/8	1/24		1/16	2/3		5	59	2	1	
116	116	1/8	1/24		1/16	2/3		8	80	1	1	
116	116	1/6	1/24		1/16	2/3		7	61	2	1	
116	116	1/6	1/24		1/16	2/3		3	81	1	1	
116	116	5/24	1/24		1/16	2/3		2	62	2	1	
116	116	5/24	1/24		1/16	2/3		5	83	1	1	
116	116	1/4	1/8		1/8	1		7	61	2	1	
116	116	1/4	1/24		1/16	2/3		3	81	1	1	
116	116	7/24	1/24		1/16	2/3		4	76	1	1	
116	116	1/3	1/24		1/16	2/3		1	79	1	1	
117	117	0	0	grace16	1/16	2/3		8	80	1	1	
117	117	0	1/8		1/8	1		2	62	2	1	
117	117	0	1/24		1/16	2/3		6	78	1	1	
117	117	1/24	1/24		1/16	2/3		4	76	1	1	
117	117	1/12	1/24		1/16	2/3		2	74	1	1	
117	117	1/8	1/8		1/8	1		4	64	2	1	
117	117	1/8	1/8		1/8	1		7	73	1	1	
117	117	1/4	1/8		1/8	1		7	49	2	1	
117	117	1/4	1/8		1/8	1		5	71	1	1	
118	118	0	1/24		1/16	2/3		3	45	2	1	
118	118	0	1/4		1/4	1		3	69	1	1	
118	118	1/24	1/24		1/16	2/3		7	49	2	1	
118	118	1/12	1/24		1/16	2/3		4	52	2	1	
118	118	1/8	1/24		1/16	2/3		3	57	2	1	
118	118	1/6	1/24		1/16	2/3		4	52	2	1	
118	118	5/24	1/24		1/16	2/3		7	49	2	1	
118	118	1/4	1/8		1/8	1		3	45	2	1	
118	118	5/16	1/16		1/16	1		4	64	1	1	
119	119	0	3/32		1/16	3/2		3	69	1	1	
119	119	3/32	1/32		1/32	1		8	68	1	1	
119	119	1/8	1/16		1/16	1		3	69	1	1	
119	119	3/16	1/16		1/16	1		4	52	2	1	
119	119	3/16	1/16		1/16	1		8	68	1	1	
119	119	1/4	1/16		1/16	1		6	54	2	1	
119	119	1/4	1/16		1/16	1		3	69	1	1	
119	119	5/16	1/16		1/16	1		8	56	2	1	
119	119	5/16	1/16		1/16	1		5	71	1	1	
120	120	0	3/32		1/16	3/2		3	57	2	1	
120	120	0	3/32		1/16	3/2		7	73	1	1	
120	120	3/32	1/32		1/32	1		8	56	2	1	
120	120	3/32	1/32		1/32	1		5	71	1	1	
120	120	1/8	1/16		1/16	1		3	57	2	1	
120	120	1/8	1/16		1/16	1		7	73	1	1	
120	120	3/16	1/16		1/16	1		8	56	2	1	
120	120	3/16	1/16		1/16	1		5	71	1	1	
120	120	1/4	1/16		1/16	1		3	57	2	1	
120	120	1/4	1/16		1/16	1		7	73	1	1	
120	120	5/16	1/16		1/16	1		5	59	2	1	
120	120	5/16	1/16		1/16	1		2	74	1	1	
121	121	0	1/4		1/4	1		7	61	2	1	
121	121	0	1/24		1/16	2/3		4	76	1	1	
121	121	1/24	1/24		1/16	2/3		3	69	1	1	
121	121	1/12	1/24		1/16	2/3		7	73	1	1	
121	121	1/8	1/24		1/16	2/3		4	76	1	1	
121	121	1/6	1/24		1/16	2/3		7	73	1	1	
121	121	5/24	1/24		1/16	2/3		4	76	1	1	
121	121	1/4	1/24		1/16	2/3		3	81	1	1	
121	121	7/24	1/24		1/16	2/3		4	76	1	1	
121	121	1/3	1/24		1/16	2/3		7	73	1	1	
122	122	0	1/8		1/8	1		2	50	2	1	
122	122	0	1/24		1/16	2/3		6	78	1	1	
122	122	1/24	1/24		1/16	2/3		4	76	1	1	
122	122	1/12	1/24		1/16	2/3		2	74	1	1	
122	122	1/8	1/8		1/8	1		4	52	2	1	
122	122	1/8	1/24		1/16	2/3		7	73	1	1	
122	122	1/6	1/24		1/16	2/3		4	76	1	1	
122	122	5/24	1/24		1/16	2/3		3	69	1	1	
122	122	1/4	1/8		1/8	1		2	50	2	1	
122	122	1/4	1/24		1/16	2/3		5	71	1	1	
122	122	7/24	1/24		1/16	2/3		2	74	1	1	
122	122	1/3	1/24		1/16	2/3		8	68	1	1	
123	123	0	1/24		1/16	2/3		7	49	2	1	
123	123	0	1/4		1/4	1		3	69	1	1	
123	123	1/24	1/24		1/16	2/3		4	52	2	1	
123	123	1/12	1/24		1/16	2/3		3	57	2	1	
123	123	1/8	1/24		1/16	2/3		4	52	2	1	
123	123	1/6	1/24		1/16	2/3		3	57	2	1	
123	123	5/24	1/24		1/16	2/3		7	61	2	1	
123	123	1/4	1/24		1/16	2/3		3	57	2	1	
123	123	7/24	1/24		1/16	2/3		7	61	2	1	
123	123	1/3	1/24		1/16	2/3		4	64	2	1	
124	124	0	1/8		1/8	1		2	50	2	1	
124	124	0	1/24		1/16	2/3		6	78	1	1	
124	124	1/24	1/24		1/16	2/3		4	76	1	1	
124	124	1/12	1/24		1/16	2/3		2	74	1	1	
124	124	1/8	1/8		1/8	1		4	52	2	1	
124	124	1/8	1/24		1/16	2/3		7	73	1	1	
124	124	1/6	1/24		1/16	2/3		4	76	1	1	
124	124	5/24	1/24		1/16	2/3		3	69	1	1	
124	124	1/4	1/8		1/8	1		2	50	2	1	
124	124	1/4	1/24		1/16	2/3		5	71	1	1	
124	124	7/24	1/24		1/16	2/3		2	74	1	1	
124	124	1/3	1/24		1/16	2/3		8	68	1	1	
125	125	0	1/24		1/16	2/3		7	49	2	1	
125	125	0	1/4		1/4	1		3	69	1	1	
125	125	1/24	1/24		1/16	2/3		4	52	2	1	
125	125	1/12	1/24		1/16	2/3		3	57	2	1	
125	125	1/8	1/24		1/16	2/3		4	52	2	1	
125	125	1/6	1/24		1/16	2/3		3	57	2	1	
125	125	5/24	1/24		1/16	2/3		7	61	2	1	
125	125	1/4	1/24		1/16	2/3		3	57	2	1	
125	125	7/24	1/24		1/16	2/3		7	61	2	1	
125	125	1/3	1/24		1/16	2/3		4	64	2	1	
126	126	0	1/8		1/8	1		2	50	2	1	
126	126	0	1/24		1/16	2/3		6	78	1	1	
126	126	1/24	1/24		1/16	2/3		4	76	1	1	
126	126	1/12	1/24		1/16	2/3		2	74	1	1	
126	126	1/8	1/8		1/8	1		4	52	2	1	
126	126	1/8	1/24		1/16	2/3		7	73	1	1	
126	126	1/6	1/24		1/16	2/3		4	76	1	1	
126	126	5/24	1/24		1/16	2/3		3	81	1	1	
126	126	1/4	1/8		1/8	1		2	50	2	1	
126	126	1/4	1/24		1/16	2/3		5	71	1	1	
126	126	7/24	1/24		1/16	2/3		2	74	1	1	
126	126	1/3	1/24		1/16	2/3		8	80	1	1	
127	127	0	1/4		1/4	1		3	45	2	1	
127	127	0	1/8		1/8	1		7	73	1	1	
127	127	0	1/8		1/8	1		3	81	1	1	
127	127	1/8	1/8		1/8	1		3	69	1	1	
