mc	mn	quarterbeats	duration_qb	mc_onset	mn_onset	timesig	staff	voice	duration	gracenote	tremolo	nominal_duration	scalar	tied	tpc	midi	name	octave	chord_id
1	1	0	1.0	0	0	4/4	1	1	1/4			1/4	1		1	67	G4	4	0
1	1	0	1.0	0	0	4/4	1	1	1/4			1/4	1		-2	70	Bb4	4	0
1	1	1/2	0.5	1/8	1/8	4/4	2	1	1/8			1/8	1		-3	51	Eb3	3	4
1	1	1	0.5	1/4	1/4	4/4	2	1	1/8			1/8	1		2	50	D3	3	5
1	1	1	2.0	1/4	1/4	4/4	1	1	1/2			1/2	1		-2	58	Bb3	3	1
1	1	1	2.0	1/4	1/4	4/4	1	1	1/2			1/2	1		1	67	G4	4	1
1	1	1	2.0	1/4	1/4	4/4	1	1	1/2			1/2	1		-2	70	Bb4	4	1
1	1	3/2	0.5	3/8	3/8	4/4	2	1	1/8			1/8	1		-3	51	Eb3	3	6
1	1	2	0.5	1/2	1/2	4/4	2	1	1/8			1/8	1		-2	46	Bb2	2	7
1	1	5/2	0.5	5/8	5/8	4/4	2	1	1/8			1/8	1		-3	51	Eb3	3	8
1	1	3	0.5	3/4	3/4	4/4	2	1	1/8			1/8	1		1	55	G3	3	9
1	1	3	0.75	3/4	3/4	4/4	1	1	3/16			1/8	3/2		1	67	G4	4	2
1	1	3	0.75	3/4	3/4	4/4	1	1	3/16			1/8	3/2		-2	70	Bb4	4	2
1	1	7/2	0.5	7/8	7/8	4/4	2	1	1/8			1/8	1		-2	58	Bb3	3	10
1	1	15/4	0.25	15/16	15/16	4/4	1	1	1/16			1/16	1		-4	68	Ab4	4	3
1	1	15/4	0.25	15/16	15/16	4/4	1	1	1/16			1/16	1		0	72	C5	5	3
2	2	4	1.0	0	0	4/4	1	1	1/4			1/4	1		-1	65	F4	4	11
2	2	4	1.0	0	0	4/4	1	1	1/4			1/4	1		-4	68	Ab4	4	11
2	2	9/2	0.5	1/8	1/8	4/4	2	1	1/8			1/8	1		-1	53	F3	3	15
2	2	5	0.5	1/4	1/4	4/4	2	1	1/8			1/8	1		4	52	E3	3	16
2	2	5	2.0	1/4	1/4	4/4	1	1	1/2			1/2	1		-2	58	Bb3	3	12
2	2	5	2.0	1/4	1/4	4/4	1	1	1/2			1/2	1		-1	65	F4	4	12
2	2	5	2.0	1/4	1/4	4/4	1	1	1/2			1/2	1		-4	68	Ab4	4	12
2	2	11/2	0.5	3/8	3/8	4/4	2	1	1/8			1/8	1		-1	53	F3	3	17
2	2	6	0.5	1/2	1/2	4/4	2	1	1/8			1/8	1		-2	46	Bb2	2	18
2	2	13/2	0.5	5/8	5/8	4/4	2	1	1/8			1/8	1		2	50	D3	3	19
2	2	7	0.5	3/4	3/4	4/4	2	1	1/8			1/8	1		-1	53	F3	3	20
2	2	7	0.75	3/4	3/4	4/4	1	1	3/16			1/8	3/2		-1	65	F4	4	13
2	2	7	0.75	3/4	3/4	4/4	1	1	3/16			1/8	3/2		-4	68	Ab4	4	13
2	2	15/2	0.5	7/8	7/8	4/4	2	1	1/8			1/8	1		-2	58	Bb3	3	21
2	2	31/4	0.25	15/16	15/16	4/4	1	1	1/16			1/16	1		1	67	G4	4	14
2	2	31/4	0.25	15/16	15/16	4/4	1	1	1/16			1/16	1		-2	70	Bb4	4	14
3	3	8	0.0	0	0	4/4	1	1	0	appoggiatura		1/8	1		-4	68	Ab4	4	22
3	3	8	1.0	0	0	4/4	1	1	1/4			1/4	1		-3	63	Eb4	4	23
3	3	8	1.0	0	0	4/4	1	1	1/4			1/4	1		1	67	G4	4	23
3	3	17/2	0.5	1/8	1/8	4/4	2	1	1/8			1/8	1		0	48	C3	3	29
3	3	9	0.5	1/4	1/4	4/4	2	1	1/8			1/8	1		5	47	B2	2	30
3	3	9	2.0	1/4	1/4	4/4	1	1	1/2			1/2	1		-3	63	Eb4	4	24
3	3	9	2.0	1/4	1/4	4/4	1	1	1/2			1/2	1		1	67	G4	4	24
3	3	19/2	0.5	3/8	3/8	4/4	2	1	1/8			1/8	1		0	48	C3	3	31
3	3	10	0.5	1/2	1/2	4/4	2	1	1/8			1/8	1		1	43	G2	2	32
3	3	21/2	0.5	5/8	5/8	4/4	2	1	1/8			1/8	1		-2	46	Bb2	2	33
3	3	11	0.0	3/4	3/4	4/4	1	1	0	grace16		1/16	1		0	72	C5	5	25
3	3	11	0.5	3/4	3/4	4/4	2	1	1/8			1/8	1		-3	51	Eb3	3	34
3	3	11	0.5	3/4	3/4	4/4	1	1	1/8			1/8	1		-2	70	Bb4	4	26
3	3	23/2	0.5	7/8	7/8	4/4	2	1	1/8			1/8	1		1	55	G3	3	35
3	3	23/2	0.25	7/8	7/8	4/4	1	1	1/16			1/16	1		-4	68	Ab4	4	27
3	3	47/4	0.25	15/16	15/16	4/4	1	1	1/16			1/16	1		1	67	G4	4	28
4	4	12	0.0	0	0	4/4	1	1	0	appoggiatura		1/8	1		1	67	G4	4	36
4	4	12	1.0	0	0	4/4	1	1	1/4			1/4	1		-1	65	F4	4	37
4	4	25/2	0.5	1/8	1/8	4/4	2	1	1/8			1/8	1		-4	44	Ab2	2	43
4	4	13	0.5	1/4	1/4	4/4	2	1	1/8			1/8	1		0	48	C3	3	44
4	4	13	2.0	1/4	1/4	4/4	1	1	1/2			1/2	1		-3	63	Eb4	4	38
4	4	27/2	0.5	3/8	3/8	4/4	2	1	1/8			1/8	1		-1	53	F3	3	45
4	4	14	2.0	1/2	1/2	4/4	2	2	1/2			1/2	1		-2	46	Bb2	2	49
4	4	29/2	0.5	5/8	5/8	4/4	2	1	1/8			1/8	1		1	55	G3	3	46
4	4	15	0.0	3/4	3/4	4/4	1	1	0	grace16		1/16	1		1	67	G4	4	39
4	4	15	0.5	3/4	3/4	4/4	2	1	1/8			1/8	1		-4	56	Ab3	3	47
4	4	15	0.5	3/4	3/4	4/4	1	1	1/8			1/8	1		-1	65	F4	4	40
4	4	31/2	0.5	7/8	7/8	4/4	2	1	1/8			1/8	1		1	55	G3	3	48
4	4	31/2	0.25	7/8	7/8	4/4	1	1	1/16			1/16	1		-3	63	Eb4	4	41
4	4	63/4	0.25	15/16	15/16	4/4	1	1	1/16			1/16	1		2	62	D4	4	42
5	5	16	2.0	0	0	4/4	1	2	1/2			1/2	1		1	67	G4	4	57
5	5	16	1.0	0	0	4/4	1	1	1/4			1/4	1	1	-2	70	Bb4	4	50
5	5	33/2	0.5	1/8	1/8	4/4	2	1	1/8			1/8	1		-3	51	Eb3	3	58
5	5	17	0.5	1/4	1/4	4/4	2	1	1/8			1/8	1		1	55	G3	3	59
5	5	17	0.25	1/4	1/4	4/4	1	1	1/16			1/16	1	-1	-2	70	Bb4	4	51
5	5	69/4	0.25	5/16	5/16	4/4	1	1	1/16			1/16	1		0	72	C5	5	52
5	5	35/2	0.5	3/8	3/8	4/4	2	1	1/8			1/8	1		-2	58	Bb3	3	60
5	5	35/2	0.25	3/8	3/8	4/4	1	1	1/16			1/16	1		2	74	D5	5	53
5	5	71/4	0.25	7/16	7/16	4/4	1	1	1/16			1/16	1		-3	75	Eb5	5	54
5	5	18	0.5	1/2	1/2	4/4	2	1	1/8			1/8	1		1	55	G3	3	61
5	5	18	1.0	1/2	1/2	4/4	1	1	1/4			1/4	1		1	67	G4	4	55
5	5	18	1.0	1/2	1/2	4/4	1	1	1/4			1/4	1		-2	70	Bb4	4	55
5	5	37/2	0.5	5/8	5/8	4/4	2	1	1/8			1/8	1		-3	51	Eb3	3	62
5	5	19	0.5	3/4	3/4	4/4	2	1	1/8			1/8	1		-2	46	Bb2	2	63
5	5	39/2	0.5	7/8	7/8	4/4	2	1	1/8			1/8	1		1	43	G2	2	64
5	5	79/4	0.25	15/16	15/16	4/4	1	1	1/16			1/16	1		1	67	G4	4	56
6	6	20	0.0	0	0	4/4	1	1	0	appoggiatura		1/8	1		1	67	G4	4	65
6	6	20	1.0	0	0	4/4	1	1	1/4			1/4	1		-1	65	F4	4	66
6	6	41/2	0.5	1/8	1/8	4/4	2	1	1/8			1/8	1		-4	44	Ab2	2	72
6	6	21	0.5	1/4	1/4	4/4	2	1	1/8			1/8	1		0	48	C3	3	73
6	6	21	2.0	1/4	1/4	4/4	1	1	1/2			1/2	1		-3	63	Eb4	4	67
6	6	43/2	0.5	3/8	3/8	4/4	2	1	1/8			1/8	1		-1	53	F3	3	74
6	6	22	2.0	1/2	1/2	4/4	2	2	1/2			1/2	1		-2	46	Bb2	2	78
6	6	45/2	0.5	5/8	5/8	4/4	2	1	1/8			1/8	1		1	55	G3	3	75
6	6	23	0.0	3/4	3/4	4/4	1	1	0	grace16		1/16	1		1	67	G4	4	68
6	6	23	0.5	3/4	3/4	4/4	2	1	1/8			1/8	1		-4	56	Ab3	3	76
6	6	23	0.5	3/4	3/4	4/4	1	1	1/8			1/8	1		-1	65	F4	4	69
6	6	47/2	0.5	7/8	7/8	4/4	2	1	1/8			1/8	1		1	55	G3	3	77
6	6	47/2	0.25	7/8	7/8	4/4	1	1	1/16			1/16	1		-3	63	Eb4	4	70
6	6	95/4	0.25	15/16	15/16	4/4	1	1	1/16			1/16	1		2	62	D4	4	71
7	7	24	0.75	0	0	4/4	1	1	3/16			1/8	3/2		-3	63	Eb4	4	79
7	7	49/2	0.5	1/8	1/8	4/4	2	1	1/8			1/8	1		-3	39	Eb2	2	83
7	7	99/4	0.25	3/16	3/16	4/4	1	1	1/16			1/16	1		2	62	D4	4	80
7	7	25	0.5	1/4	1/4	4/4	2	1	1/8			1/8	1		2	38	D2	2	84
7	7	25	1.0	1/4	1/4	4/4	1	1	1/4			1/4	1		-3	63	Eb4	4	81
7	7	51/2	0.5	3/8	3/8	4/4	2	1	1/8			1/8	1		-3	39	Eb2	2	85
7	7	26	0.5	1/2	1/2	4/4	2	1	1/8			1/8	1		1	43	G2	2	86
7	7	53/2	0.5	5/8	5/8	4/4	2	1	1/8			1/8	1		-2	46	Bb2	2	87
7	7	27	0.5	3/4	3/4	4/4	2	1	1/8			1/8	1		2	50	D3	3	88
7	7	55/2	0.5	7/8	7/8	4/4	2	1	1/8			1/8	1		-3	51	Eb3	3	89
7	7	111/4	0.25	15/16	15/16	4/4	1	1	1/16			1/16	1		1	67	G4	4	82
7	7	111/4	0.25	15/16	15/16	4/4	1	1	1/16			1/16	1		-2	70	Bb4	4	82
8	8	28	1.0	0	0	4/4	1	2	1/4			1/4	1		1	67	G4	4	94
8	8	28	0.75	0	0	4/4	1	1	3/16			1/8	3/2		-2	70	Bb4	4	90
8	8	57/2	0.5	1/8	1/8	4/4	2	1	1/8			1/8	1		-3	39	Eb2	2	95
8	8	115/4	0.25	3/16	3/16	4/4	1	1	1/16			1/16	1		5	71	B4	4	91
8	8	29	0.5	1/4	1/4	4/4	2	1	1/8			1/8	1		2	38	D2	2	96
8	8	29	0.5	1/4	1/4	4/4	1	1	1/8			1/8	1		-4	68	Ab4	4	92
8	8	29	0.5	1/4	1/4	4/4	1	1	1/8			1/8	1		0	72	C5	5	92
8	8	59/2	0.5	3/8	3/8	4/4	2	1	1/8			1/8	1		-3	39	Eb2	2	97
8	8	30	0.5	1/2	1/2	4/4	2	1	1/8			1/8	1		-4	44	Ab2	2	98
8	8	61/2	0.5	5/8	5/8	4/4	2	1	1/8			1/8	1		0	48	C3	3	99
8	8	31	0.5	3/4	3/4	4/4	2	1	1/8			1/8	1		2	50	D3	3	100
8	8	63/2	0.5	7/8	7/8	4/4	2	1	1/8			1/8	1		-3	51	Eb3	3	101
8	8	127/4	0.25	15/16	15/16	4/4	1	1	1/16			1/16	1		-1	65	F4	4	93
8	8	127/4	0.25	15/16	15/16	4/4	1	1	1/16			1/16	1		-4	68	Ab4	4	93
9	9	32	1.0	0	0	4/4	1	2	1/4			1/4	1		-1	65	F4	4	106
9	9	32	0.75	0	0	4/4	1	1	3/16			1/8	3/2		-4	68	Ab4	4	102
9	9	65/2	0.5	1/8	1/8	4/4	2	1	1/8			1/8	1		-3	39	Eb2	2	107
9	9	131/4	0.25	3/16	3/16	4/4	1	1	1/16			1/16	1		3	69	A4	4	103
9	9	33	0.5	1/4	1/4	4/4	2	1	1/8			1/8	1		2	38	D2	2	108
9	9	33	1.0	1/4	1/4	4/4	1	1	1/4			1/4	1		1	67	G4	4	104
9	9	33	1.0	1/4	1/4	4/4	1	1	1/4			1/4	1		-2	70	Bb4	4	104
9	9	67/2	0.5	3/8	3/8	4/4	2	1	1/8			1/8	1		-3	39	Eb2	2	109
9	9	34	0.5	1/2	1/2	4/4	2	1	1/8			1/8	1		1	43	G2	2	110
9	9	69/2	0.5	5/8	5/8	4/4	2	1	1/8			1/8	1		-2	46	Bb2	2	111
9	9	35	0.5	3/4	3/4	4/4	2	1	1/8			1/8	1		2	50	D3	3	112
9	9	71/2	0.5	7/8	7/8	4/4	2	1	1/8			1/8	1		-3	51	Eb3	3	113
9	9	143/4	0.25	15/16	15/16	4/4	1	1	1/16			1/16	1		1	67	G4	4	105
9	9	143/4	0.25	15/16	15/16	4/4	1	1	1/16			1/16	1		-2	70	Bb4	4	105
10	10	36	1.0	0	0	4/4	2	1	1/4			1/4	1		-1	53	F3	3	124
10	10	36	0.5	0	0	4/4	1	1	1/8			1/8	1		1	67	G4	4	114
10	10	36	0.5	0	0	4/4	1	1	1/8			1/8	1		-2	70	Bb4	4	114
10	10	73/2	0.5	1/8	1/8	4/4	1	1	1/8			1/8	1		-1	65	F4	4	115
10	10	73/2	0.5	1/8	1/8	4/4	1	1	1/8			1/8	1		-4	68	Ab4	4	115
10	10	37	1.0	1/4	1/4	4/4	2	1	1/4			1/4	1		2	50	D3	3	125
10	10	37	1.0	1/4	1/4	4/4	2	1	1/4			1/4	1		-2	58	Bb3	3	125
10	10	37	0.25	1/4	1/4	4/4	1	1	1/16			1/16	1		-1	77	F5	5	116
10	10	149/4	0.25	5/16	5/16	4/4	1	1	1/16			1/16	1		2	74	D5	5	117
10	10	75/2	0.25	3/8	3/8	4/4	1	1	1/16			1/16	1		-2	70	Bb4	4	118
10	10	151/4	0.25	7/16	7/16	4/4	1	1	1/16			1/16	1		-4	68	Ab4	4	119
10	10	38	1.0	1/2	1/2	4/4	2	1	1/4			1/4	1		-3	51	Eb3	3	126
10	10	38	1.0	1/2	1/2	4/4	2	1	1/4			1/4	1		-2	58	Bb3	3	126
10	10	38	0.5	1/2	1/2	4/4	1	1	1/8			1/8	1		-1	65	F4	4	120
10	10	38	0.5	1/2	1/2	4/4	1	1	1/8			1/8	1		-4	68	Ab4	4	120
10	10	77/2	0.5	5/8	5/8	4/4	1	1	1/8			1/8	1		-3	63	Eb4	4	121
10	10	77/2	0.5	5/8	5/8	4/4	1	1	1/8			1/8	1		1	67	G4	4	121
10	10	39	1.0	3/4	3/4	4/4	2	1	1/4			1/4	1		-3	51	Eb3	3	127
10	10	39	1.0	3/4	3/4	4/4	2	1	1/4			1/4	1		-2	58	Bb3	3	127
10	10	39	0.5	3/4	3/4	4/4	1	1	1/8			1/8	1		1	67	G4	4	122
10	10	39	0.5	3/4	3/4	4/4	1	1	1/8			1/8	1		-3	75	Eb5	5	122
10	10	79/2	0.5	7/8	7/8	4/4	1	1	1/8			1/8	1		-3	63	Eb4	4	123
10	10	79/2	0.5	7/8	7/8	4/4	1	1	1/8			1/8	1		1	67	G4	4	123
11	11	40	0.0	0	0	4/4	1	1	0	appoggiatura		1/8	1		-4	68	Ab4	4	128
11	11	40	1.0	0	0	4/4	2	1	1/4			1/4	1		-2	46	Bb2	2	131
11	11	40	1.0	0	0	4/4	2	1	1/4			1/4	1		-2	58	Bb3	3	131
11	11	40	1.0	0	0	4/4	1	1	1/4			1/4	1		-3	63	Eb4	4	129
11	11	40	1.0	0	0	4/4	1	1	1/4			1/4	1		1	67	G4	4	129
11	11	41	1.0	1/4	1/4	4/4	1	1	1/4			1/4	1		2	62	D4	4	130
11	11	41	1.0	1/4	1/4	4/4	1	1	1/4			1/4	1		-1	65	F4	4	130
11	11	83/2	0.5	3/8	3/8	4/4	2	1	1/8			1/8	1		-2	46	Bb2	2	132
11	11	42	0.5	1/2	1/2	4/4	2	1	1/8			1/8	1		2	50	D3	3	133
11	11	85/2	0.5	5/8	5/8	4/4	2	1	1/8			1/8	1		-2	46	Bb2	2	134
11	11	43	0.5	3/4	3/4	4/4	2	1	1/8			1/8	1		-1	53	F3	3	135
11	11	87/2	0.5	7/8	7/8	4/4	2	1	1/8			1/8	1		2	50	D3	3	136
12	12	44	1.0	0	0	4/4	2	1	1/4			1/4	1		-2	58	Bb3	3	146
12	12	44	1.0	0	0	4/4	2	1	1/4			1/4	1		2	62	D4	4	146
12	12	44	1.0	0	0	4/4	2	1	1/4			1/4	1		-1	65	F4	4	146
12	12	44	1.0	0	0	4/4	1	1	1/4			1/4	1	1	-1	77	F5	5	137
12	12	45	1.0	1/4	1/4	4/4	2	1	1/4			1/4	1		-2	58	Bb3	3	147
12	12	45	1.0	1/4	1/4	4/4	2	1	1/4			1/4	1		2	62	D4	4	147
12	12	45	1.0	1/4	1/4	4/4	2	1	1/4			1/4	1		-1	65	F4	4	147
12	12	45	0.25	1/4	1/4	4/4	1	1	1/16			1/16	1	-1	-1	77	F5	5	138
12	12	181/4	0.25	5/16	5/16	4/4	1	1	1/16			1/16	1		-2	82	Bb5	5	139
12	12	91/2	0.25	3/8	3/8	4/4	1	1	1/16			1/16	1		3	81	A5	5	140
12	12	183/4	0.25	7/16	7/16	4/4	1	1	1/16			1/16	1		1	79	G5	5	141
12	12	46	1.0	1/2	1/2	4/4	2	1	1/4			1/4	1		-2	58	Bb3	3	148
12	12	46	1.0	1/2	1/2	4/4	2	1	1/4			1/4	1		2	62	D4	4	148
12	12	46	1.0	1/2	1/2	4/4	2	1	1/4			1/4	1		-1	65	F4	4	148
12	12	46	0.5	1/2	1/2	4/4	1	1	1/8			1/8	1		-1	77	F5	5	142
12	12	93/2	0.5	5/8	5/8	4/4	1	1	1/8			1/8	1		-1	77	F5	5	143
12	12	47	1.0	3/4	3/4	4/4	2	1	1/4			1/4	1		-2	58	Bb3	3	149
12	12	47	1.0	3/4	3/4	4/4	2	1	1/4			1/4	1		2	62	D4	4	149
12	12	47	1.0	3/4	3/4	4/4	2	1	1/4			1/4	1		-1	65	F4	4	149
12	12	47	0.75	3/4	3/4	4/4	1	1	3/16			1/8	3/2		-1	77	F5	5	144
12	12	191/4	0.25	15/16	15/16	4/4	1	1	1/16			1/16	1		1	79	G5	5	145
13	13	48	1.0	0	0	4/4	1	1	1/4			1/4	1		-2	70	Bb4	4	150
13	13	49	1.0	1/4	1/4	4/4	2	1	1/4			1/4	1		0	60	C4	4	163
13	13	49	1.0	1/4	1/4	4/4	2	1	1/4			1/4	1		-3	63	Eb4	4	163
13	13	49	1.0	1/4	1/4	4/4	2	1	1/4			1/4	1		-1	65	F4	4	163
13	13	49	0.25	1/4	1/4	4/4	1	1	1/16			1/16	1		3	69	A4	4	151
13	13	197/4	0.25	5/16	5/16	4/4	1	1	1/16			1/16	1		0	72	C5	5	152
13	13	99/2	0.25	3/8	3/8	4/4	1	1	1/16			1/16	1		-2	70	Bb4	4	153
13	13	199/4	0.25	7/16	7/16	4/4	1	1	1/16			1/16	1		2	74	D5	5	154
13	13	50	1.0	1/2	1/2	4/4	2	1	1/4			1/4	1		3	57	A3	3	164
13	13	50	1.0	1/2	1/2	4/4	2	1	1/4			1/4	1		-3	63	Eb4	4	164
13	13	50	1.0	1/2	1/2	4/4	2	1	1/4			1/4	1		-1	65	F4	4	164
13	13	50	0.25	1/2	1/2	4/4	1	1	1/16			1/16	1		0	72	C5	5	155
13	13	201/4	0.25	9/16	9/16	4/4	1	1	1/16			1/16	1		-3	75	Eb5	5	156
13	13	101/2	0.25	5/8	5/8	4/4	1	1	1/16			1/16	1		2	74	D5	5	157
13	13	203/4	0.25	11/16	11/16	4/4	1	1	1/16			1/16	1		-1	77	F5	5	158
13	13	51	1.0	3/4	3/4	4/4	2	1	1/4			1/4	1		3	57	A3	3	165
13	13	51	1.0	3/4	3/4	4/4	2	1	1/4			1/4	1		0	60	C4	4	165
13	13	51	1.0	3/4	3/4	4/4	2	1	1/4			1/4	1		-1	65	F4	4	165
13	13	51	0.25	3/4	3/4	4/4	1	1	1/16			1/16	1		-3	75	Eb5	5	159
13	13	205/4	0.25	13/16	13/16	4/4	1	1	1/16			1/16	1		-3	75	Eb5	5	160
13	13	103/2	0.25	7/8	7/8	4/4	1	1	1/16			1/16	1		0	84	C6	6	161
13	13	207/4	0.25	15/16	15/16	4/4	1	1	1/16			1/16	1		-3	75	Eb5	5	162
14	14	52	0.25	0	0	4/4	1	1	1/16			1/16	1		-3	75	Eb5	5	166
14	14	209/4	0.25	1/16	1/16	4/4	1	1	1/16			1/16	1		2	74	D5	5	167
14	14	105/2	0.25	1/8	1/8	4/4	1	1	1/16			1/16	1		1	79	G5	5	168
14	14	211/4	0.25	3/16	3/16	4/4	1	1	1/16			1/16	1		-1	77	F5	5	169
14	14	53	1.0	1/4	1/4	4/4	2	1	1/4			1/4	1		-2	58	Bb3	3	178
14	14	53	1.0	1/4	1/4	4/4	2	1	1/4			1/4	1		2	62	D4	4	178
14	14	53	1.0	1/4	1/4	4/4	1	1	1/4			1/4	1		-1	77	F5	5	170
14	14	54	1.0	1/2	1/2	4/4	2	1	1/4			1/4	1		2	50	D3	3	179
14	14	54	1.0	1/2	1/2	4/4	2	1	1/4			1/4	1		-1	53	F3	3	179
14	14	217/4	0.25	9/16	9/16	4/4	1	1	1/16			1/16	1		-2	70	Bb4	4	171
14	14	109/2	0.25	5/8	5/8	4/4	1	1	1/16			1/16	1		3	69	A4	4	172
14	14	219/4	0.25	11/16	11/16	4/4	1	1	1/16			1/16	1		-2	70	Bb4	4	173
14	14	55	1.0	3/4	3/4	4/4	2	1	1/4			1/4	1		2	50	D3	3	180
14	14	55	1.0	3/4	3/4	4/4	2	1	1/4			1/4	1		-1	53	F3	3	180
14	14	55	0.25	3/4	3/4	4/4	1	1	1/16			1/16	1		2	74	D5	5	174
14	14	221/4	0.25	13/16	13/16	4/4	1	1	1/16			1/16	1		-2	70	Bb4	4	175
14	14	111/2	0.25	7/8	7/8	4/4	1	1	1/16			1/16	1		-1	77	F5	5	176
14	14	223/4	0.25	15/16	15/16	4/4	1	1	1/16			1/16	1		2	74	D5	5	177
15	15	56	0.0	0	0	4/4	1	1	0	appoggiatura		1/8	1		2	74	D5	5	181
15	15	56	1.0	0	0	4/4	2	2	1/4			1/4	1		-3	51	Eb3	3	195
15	15	56	1.0	0	0	4/4	2	1	1/4			1/4	1		-1	53	F3	3	191
15	15	56	1.0	0	0	4/4	1	1	1/4			1/4	1		3	69	A4	4	182
15	15	56	1.0	0	0	4/4	1	1	1/4			1/4	1		0	72	C5	5	182
15	15	57	1.0	1/4	1/4	4/4	2	2	1/4			1/4	1		2	50	D3	3	196
15	15	57	1.0	1/4	1/4	4/4	2	1	1/4			1/4	1		-1	53	F3	3	192
15	15	57	1.0	1/4	1/4	4/4	1	1	1/4			1/4	1		-2	70	Bb4	4	183
15	15	58	1.0	1/2	1/2	4/4	2	1	1/4			1/4	1		2	62	D4	4	193
15	15	58	1.0	1/2	1/2	4/4	2	1	1/4			1/4	1		-1	65	F4	4	193
15	15	233/4	0.25	9/16	9/16	4/4	1	1	1/16			1/16	1		-2	70	Bb4	4	184
15	15	117/2	0.25	5/8	5/8	4/4	1	1	1/16			1/16	1		3	69	A4	4	185
15	15	235/4	0.25	11/16	11/16	4/4	1	1	1/16			1/16	1		-2	70	Bb4	4	186
15	15	59	1.0	3/4	3/4	4/4	2	1	1/4			1/4	1		2	62	D4	4	194
15	15	59	1.0	3/4	3/4	4/4	2	1	1/4			1/4	1		-1	65	F4	4	194
15	15	59	0.25	3/4	3/4	4/4	1	1	1/16			1/16	1		2	74	D5	5	187
15	15	237/4	0.25	13/16	13/16	4/4	1	1	1/16			1/16	1		-1	77	F5	5	188
15	15	119/2	0.25	7/8	7/8	4/4	1	1	1/16			1/16	1		-2	82	Bb5	5	189
15	15	239/4	0.25	15/16	15/16	4/4	1	1	1/16			1/16	1		3	81	A5	5	190
16	16	60	1.0	0	0	4/4	2	1	1/4			1/4	1		-3	63	Eb4	4	203
16	16	60	0.5	0	0	4/4	1	1	1/8			1/8	1		-1	77	F5	5	197
16	16	60	0.5	0	0	4/4	1	1	1/8			1/8	1		3	81	A5	5	197
16	16	121/2	0.5	1/8	1/8	4/4	1	1	1/8			1/8	1		-3	75	Eb5	5	198
16	16	121/2	0.5	1/8	1/8	4/4	1	1	1/8			1/8	1		1	79	G5	5	198
16	16	61	1.0	1/4	1/4	4/4	2	1	1/4			1/4	1		-3	63	Eb4	4	204
16	16	123/2	0.5	3/8	3/8	4/4	1	1	1/8			1/8	1		2	74	D5	5	199
16	16	123/2	0.5	3/8	3/8	4/4	1	1	1/8			1/8	1		-1	77	F5	5	199
16	16	62	1.0	1/2	1/2	4/4	2	1	1/4			1/4	1		-3	63	Eb4	4	205
16	16	62	0.5	1/2	1/2	4/4	1	1	1/8			1/8	1		2	74	D5	5	200
16	16	62	0.5	1/2	1/2	4/4	1	1	1/8			1/8	1		-1	77	F5	5	200
16	16	125/2	0.5	5/8	5/8	4/4	1	1	1/8			1/8	1		0	72	C5	5	201
16	16	125/2	0.5	5/8	5/8	4/4	1	1	1/8			1/8	1		-3	75	Eb5	5	201
16	16	63	1.0	3/4	3/4	4/4	2	1	1/4			1/4	1		4	64	E4	4	206
16	16	127/2	0.5	7/8	7/8	4/4	1	1	1/8			1/8	1		-2	70	Bb4	4	202
16	16	127/2	0.5	7/8	7/8	4/4	1	1	1/8			1/8	1		2	74	D5	5	202
17	17	64	0.0	0	0	4/4	1	1	0	appoggiatura		1/8	1		-3	75	Eb5	5	207
17	17	64	1.0	0	0	4/4	2	1	1/4			1/4	1		-1	65	F4	4	210
17	17	64	1.0	0	0	4/4	1	1	1/4			1/4	1		-2	70	Bb4	4	208
17	17	64	1.0	0	0	4/4	1	1	1/4			1/4	1		2	74	D5	5	208
17	17	65	1.0	1/4	1/4	4/4	2	1	1/4			1/4	1		-1	53	F3	3	211
17	17	65	1.0	1/4	1/4	4/4	1	1	1/4			1/4	1		3	69	A4	4	209
17	17	65	1.0	1/4	1/4	4/4	1	1	1/4			1/4	1		0	72	C5	5	209
17	17	66	0.3333333333333333	1/2	1/2	4/4	2	1	1/12			1/8	2/3		-1	53	F3	3	212
17	17	199/3	0.3333333333333333	7/12	7/12	4/4	2	1	1/12			1/8	2/3		1	55	G3	3	213
17	17	200/3	0.3333333333333333	2/3	2/3	4/4	2	1	1/12			1/8	2/3		-1	53	F3	3	214
17	17	67	0.3333333333333333	3/4	3/4	4/4	2	1	1/12			1/8	2/3		-3	51	Eb3	3	215
17	17	202/3	0.3333333333333333	5/6	5/6	4/4	2	1	1/12			1/8	2/3		2	50	D3	3	216
17	17	203/3	0.3333333333333333	11/12	11/12	4/4	2	1	1/12			1/8	2/3		0	48	C3	3	217
18	18	68	4.0	0	0	4/4	2	1	1			1	1		-2	46	Bb2	2	229
18	18	273/4	0.25	1/16	1/16	4/4	1	1	1/16			1/16	1		-2	82	Bb5	5	218
18	18	273/4	0.25	1/16	1/16	4/4	1	1	1/16			1/16	1		2	86	D6	6	218
18	18	137/2	0.25	1/8	1/8	4/4	1	1	1/16			1/16	1		3	81	A5	5	219
18	18	137/2	0.25	1/8	1/8	4/4	1	1	1/16			1/16	1		0	84	C6	6	219
18	18	275/4	0.25	3/16	3/16	4/4	1	1	1/16			1/16	1		1	79	G5	5	220
18	18	275/4	0.25	3/16	3/16	4/4	1	1	1/16			1/16	1		-2	82	Bb5	5	220
18	18	69	0.25	1/4	1/4	4/4	1	1	1/16			1/16	1		-1	77	F5	5	221
18	18	69	0.25	1/4	1/4	4/4	1	1	1/16			1/16	1		3	81	A5	5	221
18	18	277/4	0.25	5/16	5/16	4/4	1	1	1/16			1/16	1		1	79	G5	5	222
18	18	277/4	0.25	5/16	5/16	4/4	1	1	1/16			1/16	1		-2	82	Bb5	5	222
18	18	139/2	0.25	3/8	3/8	4/4	1	1	1/16			1/16	1		-1	77	F5	5	223
18	18	139/2	0.25	3/8	3/8	4/4	1	1	1/16			1/16	1		3	81	A5	5	223
18	18	279/4	0.25	7/16	7/16	4/4	1	1	1/16			1/16	1		-3	75	Eb5	5	224
18	18	279/4	0.25	7/16	7/16	4/4	1	1	1/16			1/16	1		1	79	G5	5	224
18	18	70	0.5	1/2	1/2	4/4	1	1	1/8			1/8	1		2	74	D5	5	225
18	18	70	0.5	1/2	1/2	4/4	1	1	1/8			1/8	1		-1	77	F5	5	225
18	18	141/2	0.5	5/8	5/8	4/4	1	1	1/8			1/8	1		2	74	D5	5	226
18	18	141/2	0.5	5/8	5/8	4/4	1	1	1/8			1/8	1		-1	77	F5	5	226
18	18	71	0.5	3/4	3/4	4/4	1	1	1/8			1/8	1		2	74	D5	5	227
18	18	71	0.5	3/4	3/4	4/4	1	1	1/8			1/8	1		-1	77	F5	5	227
18	18	143/2	0.5	7/8	7/8	4/4	1	1	1/8			1/8	1		2	74	D5	5	228
18	18	143/2	0.5	7/8	7/8	4/4	1	1	1/8			1/8	1		-1	77	F5	5	228
19	19	72	2.0	0	0	4/4	2	1	1/2			1/2	1		0	36	C2	2	239
19	19	72	2.0	0	0	4/4	2	1	1/2			1/2	1		0	48	C3	3	239
19	19	72	2.0	0	0	4/4	1	2	1/2			1/2	1		1	67	G4	4	237
19	19	72	0.75	0	0	4/4	1	1	3/16			1/8	3/2		2	74	D5	5	230
19	19	72	0.75	0	0	4/4	1	1	3/16			1/8	3/2		-1	77	F5	5	230
19	19	291/4	0.25	3/16	3/16	4/4	1	1	1/16			1/16	1		0	72	C5	5	231
19	19	291/4	0.25	3/16	3/16	4/4	1	1	1/16			1/16	1		-3	75	Eb5	5	231
19	19	73	1.0	1/4	1/4	4/4	1	1	1/4			1/4	1		0	72	C5	5	232
19	19	73	1.0	1/4	1/4	4/4	1	1	1/4			1/4	1		-3	75	Eb5	5	232
19	19	74	2.0	1/2	1/2	4/4	2	1	1/2			1/2	1		2	38	D2	2	240
19	19	74	2.0	1/2	1/2	4/4	2	1	1/2			1/2	1		2	50	D3	3	240
19	19	74	2.0	1/2	1/2	4/4	1	2	1/2			1/2	1		-1	65	F4	4	238
19	19	74	0.5	1/2	1/2	4/4	1	1	1/8			1/8	1		0	72	C5	5	233
19	19	74	0.5	1/2	1/2	4/4	1	1	1/8			1/8	1		-3	75	Eb5	5	233
19	19	149/2	0.5	5/8	5/8	4/4	1	1	1/8			1/8	1		-2	70	Bb4	4	234
19	19	149/2	0.5	5/8	5/8	4/4	1	1	1/8			1/8	1		2	74	D5	5	234
19	19	75	0.5	3/4	3/4	4/4	1	1	1/8			1/8	1		-1	77	F5	5	235
19	19	151/2	0.5	7/8	7/8	4/4	1	1	1/8			1/8	1		2	74	D5	5	236
20	20	76	1.0	0	0	4/4	2	1	1/4			1/4	1		-3	39	Eb2	2	253
20	20	76	1.0	0	0	4/4	2	1	1/4			1/4	1		-3	51	Eb3	3	253
20	20	76	1.0	0	0	4/4	1	2	1/4			1/4	1		1	67	G4	4	251
20	20	76	0.25	0	0	4/4	1	1	1/16			1/16	1		2	74	D5	5	241
20	20	305/4	0.25	1/16	1/16	4/4	1	1	1/16			1/16	1		0	72	C5	5	242
20	20	153/2	0.25	1/8	1/8	4/4	1	1	1/16			1/16	1		5	71	B4	4	243
20	20	307/4	0.25	3/16	3/16	4/4	1	1	1/16			1/16	1		0	72	C5	5	244
20	20	77	1.0	1/4	1/4	4/4	2	1	1/4			1/4	1		-3	51	Eb3	3	254
20	20	77	1.0	1/4	1/4	4/4	2	1	1/4			1/4	1		0	60	C4	4	254
20	20	77	1.0	1/4	1/4	4/4	1	2	1/4			1/4	1		1	67	G4	4	252
20	20	77	0.25	1/4	1/4	4/4	1	1	1/16			1/16	1		-3	75	Eb5	5	245
20	20	309/4	0.25	5/16	5/16	4/4	1	1	1/16			1/16	1		0	72	C5	5	246
20	20	155/2	0.25	3/8	3/8	4/4	1	1	1/16			1/16	1		-3	75	Eb5	5	247
20	20	311/4	0.25	7/16	7/16	4/4	1	1	1/16			1/16	1		0	72	C5	5	248
20	20	78	1.0	1/2	1/2	4/4	2	1	1/4			1/4	1		-1	53	F3	3	255
20	20	78	1.0	1/2	1/2	4/4	2	1	1/4			1/4	1		2	62	D4	4	255
20	20	78	1.0	1/2	1/2	4/4	1	1	1/4			1/4	1		-2	70	Bb4	4	249
20	20	79	1.0	3/4	3/4	4/4	2	1	1/4			1/4	1		-1	53	F3	3	256
20	20	79	1.0	3/4	3/4	4/4	2	1	1/4			1/4	1		-3	63	Eb4	4	256
20	20	79	1.0	3/4	3/4	4/4	1	1	1/4			1/4	1		3	69	A4	4	250
21	21	80	1.0	0	0	4/4	2	1	1/4			1/4	1		-2	58	Bb3	3	261
21	21	80	1.0	0	0	4/4	2	1	1/4			1/4	1		2	62	D4	4	261
21	21	80	0.75	0	0	4/4	1	1	3/16			1/8	3/2		-2	70	Bb4	4	257
21	21	323/4	0.125	3/16	3/16	4/4	1	1	1/32			1/32	1		3	69	A4	4	258
21	21	647/8	0.125	7/32	7/32	4/4	1	1	1/32			1/32	1		1	67	G4	4	259
21	21	81	1.0	1/4	1/4	4/4	1	1	1/4			1/4	1		-1	65	F4	4	260
21	21	163/2	0.5	3/8	3/8	4/4	2	1	1/8			1/8	1		-2	58	Bb3	3	262
21	21	163/2	0.5	3/8	3/8	4/4	2	1	1/8			1/8	1		2	62	D4	4	262
21	21	82	0.5	1/2	1/2	4/4	2	1	1/8			1/8	1		-1	53	F3	3	263
21	21	82	0.5	1/2	1/2	4/4	2	1	1/8			1/8	1		-2	58	Bb3	3	263
21	21	165/2	0.5	5/8	5/8	4/4	2	1	1/8			1/8	1		-2	58	Bb3	3	264
21	21	165/2	0.5	5/8	5/8	4/4	2	1	1/8			1/8	1		2	62	D4	4	264
21	21	83	0.5	3/4	3/4	4/4	2	1	1/8			1/8	1		2	50	D3	3	265
21	21	83	0.5	3/4	3/4	4/4	2	1	1/8			1/8	1		-1	53	F3	3	265
21	21	167/2	0.5	7/8	7/8	4/4	2	1	1/8			1/8	1		-1	53	F3	3	266
21	21	167/2	0.5	7/8	7/8	4/4	2	1	1/8			1/8	1		-2	58	Bb3	3	266
22	22	84	1.0	0	0	4/4	2	1	1/4			1/4	1		-2	46	Bb2	2	278
22	22	84	1.0	0	0	4/4	2	1	1/4			1/4	1		2	50	D3	3	278
22	22	337/4	0.25	1/16	1/16	4/4	1	1	1/16			1/16	1		-2	70	Bb4	4	267
22	22	337/4	0.25	1/16	1/16	4/4	1	1	1/16			1/16	1		2	74	D5	5	267
22	22	169/2	0.25	1/8	1/8	4/4	1	1	1/16			1/16	1		3	69	A4	4	268
22	22	169/2	0.25	1/8	1/8	4/4	1	1	1/16			1/16	1		0	72	C5	5	268
22	22	339/4	0.25	3/16	3/16	4/4	1	1	1/16			1/16	1		1	67	G4	4	269
22	22	339/4	0.25	3/16	3/16	4/4	1	1	1/16			1/16	1		-2	70	Bb4	4	269
22	22	85	0.25	1/4	1/4	4/4	1	1	1/16			1/16	1		-1	65	F4	4	270
22	22	85	0.25	1/4	1/4	4/4	1	1	1/16			1/16	1		3	69	A4	4	270
22	22	341/4	0.25	5/16	5/16	4/4	1	1	1/16			1/16	1		1	67	G4	4	271
22	22	341/4	0.25	5/16	5/16	4/4	1	1	1/16			1/16	1		-2	70	Bb4	4	271
22	22	171/2	0.25	3/8	3/8	4/4	1	1	1/16			1/16	1		-1	65	F4	4	272
22	22	171/2	0.25	3/8	3/8	4/4	1	1	1/16			1/16	1		3	69	A4	4	272
22	22	343/4	0.25	7/16	7/16	4/4	1	1	1/16			1/16	1		-3	63	Eb4	4	273
22	22	343/4	0.25	7/16	7/16	4/4	1	1	1/16			1/16	1		1	67	G4	4	273
22	22	86	0.5	1/2	1/2	4/4	1	1	1/8			1/8	1		2	62	D4	4	274
22	22	86	0.5	1/2	1/2	4/4	1	1	1/8			1/8	1		-1	65	F4	4	274
22	22	173/2	0.5	5/8	5/8	4/4	1	1	1/8			1/8	1		2	62	D4	4	275
22	22	173/2	0.5	5/8	5/8	4/4	1	1	1/8			1/8	1		-1	65	F4	4	275
22	22	87	0.5	3/4	3/4	4/4	1	1	1/8			1/8	1		2	62	D4	4	276
22	22	87	0.5	3/4	3/4	4/4	1	1	1/8			1/8	1		-1	65	F4	4	276
22	22	175/2	0.5	7/8	7/8	4/4	1	1	1/8			1/8	1		2	62	D4	4	277
22	22	175/2	0.5	7/8	7/8	4/4	1	1	1/8			1/8	1		-1	65	F4	4	277
23	23	88	2.0	0	0	4/4	2	1	1/2			1/2	1		0	36	C2	2	288
23	23	88	2.0	0	0	4/4	2	1	1/2			1/2	1		0	48	C3	3	288
23	23	88	2.0	0	0	4/4	1	2	1/2			1/2	1		1	55	G3	3	286
23	23	88	0.75	0	0	4/4	1	1	3/16			1/8	3/2		2	62	D4	4	279
23	23	88	0.75	0	0	4/4	1	1	3/16			1/8	3/2		-1	65	F4	4	279
23	23	355/4	0.25	3/16	3/16	4/4	1	1	1/16			1/16	1		0	60	C4	4	280
23	23	355/4	0.25	3/16	3/16	4/4	1	1	1/16			1/16	1		-3	63	Eb4	4	280
23	23	89	1.0	1/4	1/4	4/4	1	1	1/4			1/4	1		0	60	C4	4	281
23	23	89	1.0	1/4	1/4	4/4	1	1	1/4			1/4	1		-3	63	Eb4	4	281
23	23	90	2.0	1/2	1/2	4/4	2	1	1/2			1/2	1		2	38	D2	2	289
23	23	90	2.0	1/2	1/2	4/4	2	1	1/2			1/2	1		2	50	D3	3	289
23	23	90	2.0	1/2	1/2	4/4	1	2	1/2			1/2	1		-1	53	F3	3	287
23	23	90	0.5	1/2	1/2	4/4	1	1	1/8			1/8	1		0	60	C4	4	282
23	23	90	0.5	1/2	1/2	4/4	1	1	1/8			1/8	1		-3	63	Eb4	4	282
23	23	181/2	0.5	5/8	5/8	4/4	1	1	1/8			1/8	1		-2	58	Bb3	3	283
23	23	181/2	0.5	5/8	5/8	4/4	1	1	1/8			1/8	1		2	62	D4	4	283
23	23	91	0.5	3/4	3/4	4/4	1	1	1/8			1/8	1		-1	65	F4	4	284
23	23	183/2	0.5	7/8	7/8	4/4	1	1	1/8			1/8	1		2	62	D4	4	285
24	24	92	1.0	0	0	4/4	2	1	1/4			1/4	1		-3	39	Eb2	2	300
24	24	92	1.0	0	0	4/4	2	1	1/4			1/4	1		-3	51	Eb3	3	300
24	24	92	0.25	0	0	4/4	1	1	1/16			1/16	1		2	62	D4	4	290
24	24	369/4	0.25	1/16	1/16	4/4	1	1	1/16			1/16	1		0	60	C4	4	291
24	24	185/2	0.25	1/8	1/8	4/4	1	1	1/16			1/16	1		-3	63	Eb4	4	292
24	24	371/4	0.25	3/16	3/16	4/4	1	1	1/16			1/16	1		1	67	G4	4	293
24	24	93	1.0	1/4	1/4	4/4	2	1	1/4			1/4	1		-3	51	Eb3	3	301
24	24	93	0.25	1/4	1/4	4/4	1	1	1/16			1/16	1		-1	65	F4	4	294
24	24	373/4	0.25	5/16	5/16	4/4	1	1	1/16			1/16	1		-3	63	Eb4	4	295
24	24	187/2	0.25	3/8	3/8	4/4	1	1	1/16			1/16	1		2	62	D4	4	296
24	24	375/4	0.25	7/16	7/16	4/4	1	1	1/16			1/16	1		0	60	C4	4	297
24	24	94	1.0	1/2	1/2	4/4	2	1	1/4			1/4	1		-1	53	F3	3	302
24	24	94	1.0	1/2	1/2	4/4	1	1	1/4			1/4	1		-2	58	Bb3	3	298
24	24	95	1.0	3/4	3/4	4/4	2	1	1/4			1/4	1		-1	41	F2	2	303
24	24	95	1.0	3/4	3/4	4/4	1	1	1/4			1/4	1		3	57	A3	3	299
25	25	96	0.5	0	0	4/4	2	1	1/8			1/8	1		-2	46	Bb2	2	313
25	25	96	1.0	0	0	4/4	1	1	1/4			1/4	1		-2	58	Bb3	3	304
25	25	193/2	0.5	1/8	1/8	4/4	2	1	1/8			1/8	1		-2	46	Bb2	2	314
25	25	97	0.5	1/4	1/4	4/4	2	1	1/8			1/8	1		-2	46	Bb2	2	315
25	25	97	1.0	1/4	1/4	4/4	1	1	1/4			1/4	1	1	-2	58	Bb3	3	305
25	25	195/2	0.5	3/8	3/8	4/4	2	1	1/8			1/8	1		-2	46	Bb2	2	316
25	25	98	2.0	1/2	1/2	4/4	2	1	1/2		1/2_r8_0	1/2	1		-2	46	Bb2	2	317
25	25	98	0.5	1/2	1/2	4/4	1	1	1/8			1/8	1	-1	-2	58	Bb3	3	306
25	25	197/2	0.25	5/8	5/8	4/4	1	1	1/16			1/16	1		3	57	A3	3	307
25	25	395/4	0.25	11/16	11/16	4/4	1	1	1/16			1/16	1		-2	58	Bb3	3	308
25	25	99	0.25	3/4	3/4	4/4	1	1	1/16			1/16	1		0	60	C4	4	309
25	25	397/4	0.25	13/16	13/16	4/4	1	1	1/16			1/16	1		3	57	A3	3	310
25	25	199/2	0.25	7/8	7/8	4/4	1	1	1/16			1/16	1		1	55	G3	3	311
25	25	399/4	0.25	15/16	15/16	4/4	1	1	1/16			1/16	1		-1	53	F3	3	312
26	26	100	0.5	0	0	4/4	2	1	1/8			1/8	1		-2	46	Bb2	2	327
26	26	100	1.0	0	0	4/4	1	1	1/4			1/4	1		-2	58	Bb3	3	318
26	26	100	1.0	0	0	4/4	1	1	1/4			1/4	1		2	62	D4	4	318
26	26	201/2	0.5	1/8	1/8	4/4	2	1	1/8			1/8	1		-2	46	Bb2	2	328
26	26	101	0.5	1/4	1/4	4/4	2	1	1/8			1/8	1		-2	46	Bb2	2	329
26	26	101	1.0	1/4	1/4	4/4	1	1	1/4			1/4	1		-2	58	Bb3	3	319
26	26	101	1.0	1/4	1/4	4/4	1	1	1/4			1/4	1	1	2	62	D4	4	319
26	26	203/2	0.5	3/8	3/8	4/4	2	1	1/8			1/8	1		-2	46	Bb2	2	330
26	26	102	2.0	1/2	1/2	4/4	2	1	1/2		1/2_r8_0	1/2	1		-2	46	Bb2	2	331
26	26	102	0.5	1/2	1/2	4/4	1	1	1/8			1/8	1	-1	2	62	D4	4	320
26	26	205/2	0.25	5/8	5/8	4/4	1	1	1/16			1/16	1		0	60	C4	4	321
26	26	411/4	0.25	11/16	11/16	4/4	1	1	1/16			1/16	1		2	62	D4	4	322
26	26	103	0.25	3/4	3/4	4/4	1	1	1/16			1/16	1		-3	63	Eb4	4	323
26	26	413/4	0.25	13/16	13/16	4/4	1	1	1/16			1/16	1		0	60	C4	4	324
26	26	207/2	0.25	7/8	7/8	4/4	1	1	1/16			1/16	1		-2	58	Bb3	3	325
26	26	415/4	0.25	15/16	15/16	4/4	1	1	1/16			1/16	1		3	57	A3	3	326
27	27	104	2.0	0	0	4/4	2	1	1/2		1/2_r8_0	1/2	1		-2	46	Bb2	2	346
27	27	104	0.5	0	0	4/4	1	1	1/8			1/8	1		2	62	D4	4	332
27	27	104	0.5	0	0	4/4	1	1	1/8			1/8	1		-1	65	F4	4	332
27	27	209/2	0.5	1/8	1/8	4/4	1	1	1/8			1/8	1	1	2	62	D4	4	333
27	27	209/2	0.5	1/8	1/8	4/4	1	1	1/8			1/8	1		-1	65	F4	4	333
27	27	105	0.25	1/4	1/4	4/4	1	1	1/16			1/16	1	-1	2	62	D4	4	334
27	27	105	0.25	1/4	1/4	4/4	1	1	1/16			1/16	1		-1	65	F4	4	334
27	27	421/4	0.25	5/16	5/16	4/4	1	1	1/16			1/16	1		-2	58	Bb3	3	335
27	27	421/4	0.25	5/16	5/16	4/4	1	1	1/16			1/16	1		2	62	D4	4	335
27	27	211/2	0.25	3/8	3/8	4/4	1	1	1/16			1/16	1		0	60	C4	4	336
27	27	211/2	0.25	3/8	3/8	4/4	1	1	1/16			1/16	1		-3	63	Eb4	4	336
27	27	423/4	0.25	7/16	7/16	4/4	1	1	1/16			1/16	1		2	62	D4	4	337
27	27	423/4	0.25	7/16	7/16	4/4	1	1	1/16			1/16	1		-1	65	F4	4	337
27	27	106	2.0	1/2	1/2	4/4	2	1	1/2		1/2_r8_0	1/2	1		-2	46	Bb2	2	347
27	27	106	0.25	1/2	1/2	4/4	1	1	1/16			1/16	1		-3	63	Eb4	4	338
27	27	106	0.25	1/2	1/2	4/4	1	1	1/16			1/16	1		1	67	G4	4	338
27	27	425/4	0.25	9/16	9/16	4/4	1	1	1/16			1/16	1		2	62	D4	4	339
27	27	425/4	0.25	9/16	9/16	4/4	1	1	1/16			1/16	1		-1	65	F4	4	339
27	27	213/2	0.25	5/8	5/8	4/4	1	1	1/16			1/16	1		0	60	C4	4	340
27	27	213/2	0.25	5/8	5/8	4/4	1	1	1/16			1/16	1		-3	63	Eb4	4	340
27	27	427/4	0.25	11/16	11/16	4/4	1	1	1/16			1/16	1		-2	58	Bb3	3	341
27	27	427/4	0.25	11/16	11/16	4/4	1	1	1/16			1/16	1		2	62	D4	4	341
27	27	107	0.25	3/4	3/4	4/4	1	1	1/16			1/16	1		0	60	C4	4	342
27	27	107	0.25	3/4	3/4	4/4	1	1	1/16			1/16	1		-3	63	Eb4	4	342
27	27	429/4	0.25	13/16	13/16	4/4	1	1	1/16			1/16	1		2	62	D4	4	343
27	27	429/4	0.25	13/16	13/16	4/4	1	1	1/16			1/16	1		-1	65	F4	4	343
27	27	215/2	0.25	7/8	7/8	4/4	1	1	1/16			1/16	1		-3	63	Eb4	4	344
27	27	215/2	0.25	7/8	7/8	4/4	1	1	1/16			1/16	1		1	67	G4	4	344
27	27	431/4	0.25	15/16	15/16	4/4	1	1	1/16			1/16	1		0	60	C4	4	345
27	27	431/4	0.25	15/16	15/16	4/4	1	1	1/16			1/16	1		3	69	A4	4	345
28	28	108	0.5	0	0	4/4	2	1	1/8			1/8	1		-2	34	Bb1	1	364
28	28	108	0.5	0	0	4/4	2	1	1/8			1/8	1		-2	46	Bb2	2	364
28	28	108	0.25	0	0	4/4	1	1	1/16			1/16	1		2	62	D4	4	348
28	28	108	0.25	0	0	4/4	1	1	1/16			1/16	1		-2	70	Bb4	4	348
28	28	433/4	0.25	1/16	1/16	4/4	1	1	1/16			1/16	1		0	60	C4	4	349
28	28	433/4	0.25	1/16	1/16	4/4	1	1	1/16			1/16	1		3	69	A4	4	349
28	28	217/2	0.5	1/8	1/8	4/4	2	1	1/8			1/8	1		-2	34	Bb1	1	365
28	28	217/2	0.5	1/8	1/8	4/4	2	1	1/8			1/8	1		-2	46	Bb2	2	365
28	28	217/2	0.25	1/8	1/8	4/4	1	1	1/16			1/16	1		2	62	D4	4	350
28	28	217/2	0.25	1/8	1/8	4/4	1	1	1/16			1/16	1		-2	70	Bb4	4	350
28	28	435/4	0.25	3/16	3/16	4/4	1	1	1/16			1/16	1		-3	63	Eb4	4	351
28	28	435/4	0.25	3/16	3/16	4/4	1	1	1/16			1/16	1		0	72	C5	5	351
28	28	109	0.5	1/4	1/4	4/4	2	1	1/8			1/8	1		-2	34	Bb1	1	366
28	28	109	0.5	1/4	1/4	4/4	2	1	1/8			1/8	1		-2	46	Bb2	2	366
28	28	109	0.25	1/4	1/4	4/4	1	1	1/16			1/16	1		2	62	D4	4	352
28	28	109	0.25	1/4	1/4	4/4	1	1	1/16			1/16	1		-2	70	Bb4	4	352
28	28	437/4	0.25	5/16	5/16	4/4	1	1	1/16			1/16	1		2	62	D4	4	353
28	28	437/4	0.25	5/16	5/16	4/4	1	1	1/16			1/16	1		-1	65	F4	4	353
28	28	219/2	0.5	3/8	3/8	4/4	2	1	1/8			1/8	1		-2	34	Bb1	1	367
28	28	219/2	0.5	3/8	3/8	4/4	2	1	1/8			1/8	1		-2	46	Bb2	2	367
28	28	219/2	0.25	3/8	3/8	4/4	1	1	1/16			1/16	1		-3	63	Eb4	4	354
28	28	219/2	0.25	3/8	3/8	4/4	1	1	1/16			1/16	1		1	67	G4	4	354
28	28	439/4	0.25	7/16	7/16	4/4	1	1	1/16			1/16	1		-1	65	F4	4	355
28	28	439/4	0.25	7/16	7/16	4/4	1	1	1/16			1/16	1		3	69	A4	4	355
28	28	110	2.0	1/2	1/2	4/4	2	1	1/2		1/2_r8_0	1/2	1		-2	34	Bb1	1	368
28	28	110	2.0	1/2	1/2	4/4	2	1	1/2		1/2_r8_0	1/2	1		-2	46	Bb2	2	368
28	28	110	0.25	1/2	1/2	4/4	1	1	1/16			1/16	1		1	67	G4	4	356
28	28	110	0.25	1/2	1/2	4/4	1	1	1/16			1/16	1		-2	70	Bb4	4	356
28	28	441/4	0.25	9/16	9/16	4/4	1	1	1/16			1/16	1		-1	65	F4	4	357
28	28	441/4	0.25	9/16	9/16	4/4	1	1	1/16			1/16	1		3	69	A4	4	357
28	28	221/2	0.25	5/8	5/8	4/4	1	1	1/16			1/16	1		1	67	G4	4	358
28	28	221/2	0.25	5/8	5/8	4/4	1	1	1/16			1/16	1		-2	70	Bb4	4	358
28	28	443/4	0.25	11/16	11/16	4/4	1	1	1/16			1/16	1		3	69	A4	4	359
28	28	443/4	0.25	11/16	11/16	4/4	1	1	1/16			1/16	1		0	72	C5	5	359
28	28	111	0.25	3/4	3/4	4/4	1	1	1/16			1/16	1		-2	70	Bb4	4	360
28	28	111	0.25	3/4	3/4	4/4	1	1	1/16			1/16	1		2	74	D5	5	360
28	28	445/4	0.25	13/16	13/16	4/4	1	1	1/16			1/16	1		3	69	A4	4	361
28	28	445/4	0.25	13/16	13/16	4/4	1	1	1/16			1/16	1		0	72	C5	5	361
28	28	223/2	0.25	7/8	7/8	4/4	1	1	1/16			1/16	1		-2	70	Bb4	4	362
28	28	223/2	0.25	7/8	7/8	4/4	1	1	1/16			1/16	1		2	74	D5	5	362
28	28	447/4	0.25	15/16	15/16	4/4	1	1	1/16			1/16	1		0	72	C5	5	363
28	28	447/4	0.25	15/16	15/16	4/4	1	1	1/16			1/16	1		-3	75	Eb5	5	363
29	29	112	2.0	0	0	4/4	2	1	1/2		1/2_r8_0	1/2	1		-2	34	Bb1	1	385
29	29	112	2.0	0	0	4/4	2	1	1/2		1/2_r8_0	1/2	1		-2	46	Bb2	2	385
29	29	112	0.25	0	0	4/4	1	1	1/16			1/16	1		2	74	D5	5	369
29	29	112	0.25	0	0	4/4	1	1	1/16			1/16	1		-1	77	F5	5	369
29	29	449/4	0.25	1/16	1/16	4/4	1	1	1/16			1/16	1		0	72	C5	5	370
29	29	449/4	0.25	1/16	1/16	4/4	1	1	1/16			1/16	1		-3	75	Eb5	5	370
29	29	225/2	0.25	1/8	1/8	4/4	1	1	1/16			1/16	1		2	74	D5	5	371
29	29	225/2	0.25	1/8	1/8	4/4	1	1	1/16			1/16	1		-1	77	F5	5	371
29	29	451/4	0.25	3/16	3/16	4/4	1	1	1/16			1/16	1		-3	75	Eb5	5	372
29	29	451/4	0.25	3/16	3/16	4/4	1	1	1/16			1/16	1		1	79	G5	5	372
29	29	113	0.25	1/4	1/4	4/4	1	1	1/16			1/16	1		2	74	D5	5	373
29	29	113	0.25	1/4	1/4	4/4	1	1	1/16			1/16	1		-1	77	F5	5	373
29	29	453/4	0.25	5/16	5/16	4/4	1	1	1/16			1/16	1		-2	70	Bb4	4	374
29	29	453/4	0.25	5/16	5/16	4/4	1	1	1/16			1/16	1		2	74	D5	5	374
29	29	227/2	0.25	3/8	3/8	4/4	1	1	1/16			1/16	1		0	72	C5	5	375
29	29	227/2	0.25	3/8	3/8	4/4	1	1	1/16			1/16	1		-3	75	Eb5	5	375
29	29	455/4	0.25	7/16	7/16	4/4	1	1	1/16			1/16	1		2	74	D5	5	376
29	29	455/4	0.25	7/16	7/16	4/4	1	1	1/16			1/16	1		-1	77	F5	5	376
29	29	114	2.0	1/2	1/2	4/4	2	1	1/2		1/2_r8_0	1/2	1		-2	34	Bb1	1	386
29	29	114	2.0	1/2	1/2	4/4	2	1	1/2		1/2_r8_0	1/2	1		-2	46	Bb2	2	386
29	29	114	0.25	1/2	1/2	4/4	1	1	1/16			1/16	1		-3	75	Eb5	5	377
29	29	114	0.25	1/2	1/2	4/4	1	1	1/16			1/16	1		1	79	G5	5	377
29	29	457/4	0.25	9/16	9/16	4/4	1	1	1/16			1/16	1		2	74	D5	5	378
29	29	457/4	0.25	9/16	9/16	4/4	1	1	1/16			1/16	1		-1	77	F5	5	378
29	29	229/2	0.25	5/8	5/8	4/4	1	1	1/16			1/16	1		-3	75	Eb5	5	379
29	29	229/2	0.25	5/8	5/8	4/4	1	1	1/16			1/16	1		1	79	G5	5	379
29	29	459/4	0.25	11/16	11/16	4/4	1	1	1/16			1/16	1		-1	77	F5	5	380
29	29	459/4	0.25	11/16	11/16	4/4	1	1	1/16			1/16	1		3	81	A5	5	380
29	29	115	0.25	3/4	3/4	4/4	1	1	1/16			1/16	1		1	79	G5	5	381
29	29	115	0.25	3/4	3/4	4/4	1	1	1/16			1/16	1		-2	82	Bb5	5	381
29	29	461/4	0.25	13/16	13/16	4/4	1	1	1/16			1/16	1		-1	77	F5	5	382
29	29	461/4	0.25	13/16	13/16	4/4	1	1	1/16			1/16	1		3	81	A5	5	382
29	29	231/2	0.25	7/8	7/8	4/4	1	1	1/16			1/16	1		1	79	G5	5	383
29	29	231/2	0.25	7/8	7/8	4/4	1	1	1/16			1/16	1		-2	82	Bb5	5	383
29	29	463/4	0.25	15/16	15/16	4/4	1	1	1/16			1/16	1		3	81	A5	5	384
29	29	463/4	0.25	15/16	15/16	4/4	1	1	1/16			1/16	1		0	84	C6	6	384
30	30	116	1.0	0	0	4/4	2	1	1/4			1/4	1		-2	34	Bb1	1	403
30	30	116	1.0	0	0	4/4	2	1	1/4			1/4	1		-2	46	Bb2	2	403
30	30	116	0.25	0	0	4/4	1	1	1/16			1/16	1		-2	82	Bb5	5	387
30	30	116	0.25	0	0	4/4	1	1	1/16			1/16	1		2	86	D6	6	387
30	30	465/4	0.25	1/16	1/16	4/4	1	1	1/16			1/16	1		2	86	D6	6	388
30	30	233/2	0.25	1/8	1/8	4/4	1	1	1/16			1/16	1		-1	89	F6	6	389
30	30	467/4	0.25	3/16	3/16	4/4	1	1	1/16			1/16	1		-3	87	Eb6	6	390
30	30	117	0.25	1/4	1/4	4/4	1	1	1/16			1/16	1		2	86	D6	6	391
30	30	469/4	0.25	5/16	5/16	4/4	1	1	1/16			1/16	1		0	84	C6	6	392
30	30	235/2	0.25	3/8	3/8	4/4	1	1	1/16			1/16	1		-2	82	Bb5	5	393
30	30	471/4	0.25	7/16	7/16	4/4	1	1	1/16			1/16	1		3	81	A5	5	394
30	30	118	0.25	1/2	1/2	4/4	1	1	1/16			1/16	1		1	79	G5	5	395
30	30	473/4	0.25	9/16	9/16	4/4	1	1	1/16			1/16	1		-1	77	F5	5	396
30	30	237/2	0.25	5/8	5/8	4/4	1	1	1/16			1/16	1		-3	75	Eb5	5	397
30	30	475/4	0.25	11/16	11/16	4/4	1	1	1/16			1/16	1		2	74	D5	5	398
30	30	119	0.25	3/4	3/4	4/4	1	1	1/16			1/16	1		0	72	C5	5	399
30	30	477/4	0.25	13/16	13/16	4/4	1	1	1/16			1/16	1		-2	70	Bb4	4	400
30	30	239/2	0.25	7/8	7/8	4/4	1	1	1/16			1/16	1		3	69	A4	4	401
30	30	479/4	0.25	15/16	15/16	4/4	1	1	1/16			1/16	1		1	67	G4	4	402
31	31	120	0.5	0	0	4/4	2	1	1/8			1/8	1		-1	53	F3	3	406
31	31	120	0.5	0	0	4/4	2	1	1/8			1/8	1		-2	58	Bb3	3	406
31	31	120	0.5	0	0	4/4	2	1	1/8			1/8	1		2	62	D4	4	406
31	31	120	2.0	0	0	4/4	1	1	1/2			1/2	1		-1	65	F4	4	404
31	31	241/2	0.5	1/8	1/8	4/4	2	1	1/8			1/8	1		-1	53	F3	3	407
31	31	241/2	0.5	1/8	1/8	4/4	2	1	1/8			1/8	1		-2	58	Bb3	3	407
31	31	241/2	0.5	1/8	1/8	4/4	2	1	1/8			1/8	1		2	62	D4	4	407
31	31	121	0.5	1/4	1/4	4/4	2	1	1/8			1/8	1		-1	53	F3	3	408
31	31	121	0.5	1/4	1/4	4/4	2	1	1/8			1/8	1		-2	58	Bb3	3	408
31	31	121	0.5	1/4	1/4	4/4	2	1	1/8			1/8	1		2	62	D4	4	408
31	31	243/2	0.5	3/8	3/8	4/4	2	1	1/8			1/8	1		-1	53	F3	3	409
31	31	243/2	0.5	3/8	3/8	4/4	2	1	1/8			1/8	1		-2	58	Bb3	3	409
31	31	243/2	0.5	3/8	3/8	4/4	2	1	1/8			1/8	1		2	62	D4	4	409
31	31	122	0.5	1/2	1/2	4/4	2	1	1/8			1/8	1		-1	53	F3	3	410
31	31	122	0.5	1/2	1/2	4/4	2	1	1/8			1/8	1		-4	56	Ab3	3	410
31	31	122	0.5	1/2	1/2	4/4	2	1	1/8			1/8	1		0	60	C4	4	410
31	31	122	2.0	1/2	1/2	4/4	1	1	1/2			1/2	1		0	72	C5	5	405
31	31	245/2	0.5	5/8	5/8	4/4	2	1	1/8			1/8	1		-1	53	F3	3	411
31	31	245/2	0.5	5/8	5/8	4/4	2	1	1/8			1/8	1		-4	56	Ab3	3	411
31	31	245/2	0.5	5/8	5/8	4/4	2	1	1/8			1/8	1		0	60	C4	4	411
31	31	123	0.5	3/4	3/4	4/4	2	1	1/8			1/8	1		-1	53	F3	3	412
31	31	123	0.5	3/4	3/4	4/4	2	1	1/8			1/8	1		-4	56	Ab3	3	412
31	31	123	0.5	3/4	3/4	4/4	2	1	1/8			1/8	1		0	60	C4	4	412
31	31	247/2	0.5	7/8	7/8	4/4	2	1	1/8			1/8	1		-1	53	F3	3	413
31	31	247/2	0.5	7/8	7/8	4/4	2	1	1/8			1/8	1		-4	56	Ab3	3	413
31	31	247/2	0.5	7/8	7/8	4/4	2	1	1/8			1/8	1		0	60	C4	4	413
32	32	124	1.0	0	0	4/4	2	1	1/4			1/4	1		-2	46	Bb2	2	429
32	32	124	1.0	0	0	4/4	2	1	1/4			1/4	1		-2	58	Bb3	3	429
32	32	497/4	0.25	1/16	1/16	4/4	1	1	1/16			1/16	1		-2	82	Bb5	5	414
32	32	497/4	0.25	1/16	1/16	4/4	1	1	1/16			1/16	1		2	86	D6	6	414
32	32	249/2	0.25	1/8	1/8	4/4	1	1	1/16			1/16	1		2	86	D6	6	415
32	32	249/2	0.25	1/8	1/8	4/4	1	1	1/16			1/16	1		-1	89	F6	6	415
32	32	499/4	0.25	3/16	3/16	4/4	1	1	1/16			1/16	1		0	84	C6	6	416
32	32	499/4	0.25	3/16	3/16	4/4	1	1	1/16			1/16	1		-3	87	Eb6	6	416
32	32	125	0.25	1/4	1/4	4/4	1	1	1/16			1/16	1		-2	82	Bb5	5	417
32	32	125	0.25	1/4	1/4	4/4	1	1	1/16			1/16	1		2	86	D6	6	417
32	32	501/4	0.25	5/16	5/16	4/4	1	1	1/16			1/16	1		3	81	A5	5	418
32	32	501/4	0.25	5/16	5/16	4/4	1	1	1/16			1/16	1		0	84	C6	6	418
32	32	251/2	0.25	3/8	3/8	4/4	1	1	1/16			1/16	1		1	79	G5	5	419
32	32	251/2	0.25	3/8	3/8	4/4	1	1	1/16			1/16	1		-2	82	Bb5	5	419
32	32	503/4	0.25	7/16	7/16	4/4	1	1	1/16			1/16	1		-1	77	F5	5	420
32	32	503/4	0.25	7/16	7/16	4/4	1	1	1/16			1/16	1		3	81	A5	5	420
32	32	126	0.25	1/2	1/2	4/4	1	1	1/16			1/16	1		-3	75	Eb5	5	421
32	32	126	0.25	1/2	1/2	4/4	1	1	1/16			1/16	1		1	79	G5	5	421
32	32	505/4	0.25	9/16	9/16	4/4	1	1	1/16			1/16	1		2	74	D5	5	422
32	32	505/4	0.25	9/16	9/16	4/4	1	1	1/16			1/16	1		-1	77	F5	5	422
32	32	253/2	0.25	5/8	5/8	4/4	1	1	1/16			1/16	1		0	72	C5	5	423
32	32	253/2	0.25	5/8	5/8	4/4	1	1	1/16			1/16	1		-3	75	Eb5	5	423
32	32	507/4	0.25	11/16	11/16	4/4	1	1	1/16			1/16	1		-2	70	Bb4	4	424
32	32	507/4	0.25	11/16	11/16	4/4	1	1	1/16			1/16	1		2	74	D5	5	424
32	32	127	0.25	3/4	3/4	4/4	1	1	1/16			1/16	1		3	69	A4	4	425
32	32	127	0.25	3/4	3/4	4/4	1	1	1/16			1/16	1		0	72	C5	5	425
32	32	509/4	0.25	13/16	13/16	4/4	1	1	1/16			1/16	1		1	67	G4	4	426
32	32	509/4	0.25	13/16	13/16	4/4	1	1	1/16			1/16	1		-2	70	Bb4	4	426
32	32	255/2	0.25	7/8	7/8	4/4	1	1	1/16			1/16	1		-1	65	F4	4	427
32	32	255/2	0.25	7/8	7/8	4/4	1	1	1/16			1/16	1		3	69	A4	4	427
32	32	511/4	0.25	15/16	15/16	4/4	1	1	1/16			1/16	1		-3	63	Eb4	4	428
32	32	511/4	0.25	15/16	15/16	4/4	1	1	1/16			1/16	1		1	67	G4	4	428
33	33	128	0.5	0	0	4/4	2	1	1/8			1/8	1		-1	53	F3	3	436
33	33	128	0.5	0	0	4/4	2	1	1/8			1/8	1		-2	58	Bb3	3	436
33	33	128	0.5	0	0	4/4	2	1	1/8			1/8	1		2	62	D4	4	436
33	33	128	1.0	0	0	4/4	1	1	1/4			1/4	1	1	-1	65	F4	4	430
33	33	257/2	0.5	1/8	1/8	4/4	2	1	1/8			1/8	1		-1	53	F3	3	437
33	33	257/2	0.5	1/8	1/8	4/4	2	1	1/8			1/8	1		-2	58	Bb3	3	437
33	33	257/2	0.5	1/8	1/8	4/4	2	1	1/8			1/8	1		2	62	D4	4	437
33	33	129	0.5	1/4	1/4	4/4	2	1	1/8			1/8	1		-1	53	F3	3	438
33	33	129	0.5	1/4	1/4	4/4	2	1	1/8			1/8	1		-2	58	Bb3	3	438
33	33	129	0.5	1/4	1/4	4/4	2	1	1/8			1/8	1		2	62	D4	4	438
33	33	129	0.25	1/4	1/4	4/4	1	1	1/16			1/16	1	-1	-1	65	F4	4	431
33	33	517/4	0.25	5/16	5/16	4/4	1	1	1/16			1/16	1		-1	77	F5	5	432
33	33	259/2	0.5	3/8	3/8	4/4	2	1	1/8			1/8	1		-1	53	F3	3	439
33	33	259/2	0.5	3/8	3/8	4/4	2	1	1/8			1/8	1		-2	58	Bb3	3	439
33	33	259/2	0.5	3/8	3/8	4/4	2	1	1/8			1/8	1		2	62	D4	4	439
33	33	259/2	0.25	3/8	3/8	4/4	1	1	1/16			1/16	1		2	74	D5	5	433
33	33	519/4	0.25	7/16	7/16	4/4	1	1	1/16			1/16	1		-2	70	Bb4	4	434
33	33	130	0.5	1/2	1/2	4/4	2	1	1/8			1/8	1		-1	53	F3	3	440
33	33	130	0.5	1/2	1/2	4/4	2	1	1/8			1/8	1		-4	56	Ab3	3	440
33	33	130	0.5	1/2	1/2	4/4	2	1	1/8			1/8	1		0	60	C4	4	440
33	33	130	2.0	1/2	1/2	4/4	1	1	1/2			1/2	1		0	72	C5	5	435
33	33	261/2	0.5	5/8	5/8	4/4	2	1	1/8			1/8	1		-1	53	F3	3	441
33	33	261/2	0.5	5/8	5/8	4/4	2	1	1/8			1/8	1		-4	56	Ab3	3	441
33	33	261/2	0.5	5/8	5/8	4/4	2	1	1/8			1/8	1		0	60	C4	4	441
33	33	131	0.5	3/4	3/4	4/4	2	1	1/8			1/8	1		-1	53	F3	3	442
33	33	131	0.5	3/4	3/4	4/4	2	1	1/8			1/8	1		-4	56	Ab3	3	442
33	33	131	0.5	3/4	3/4	4/4	2	1	1/8			1/8	1		0	60	C4	4	442
33	33	263/2	0.5	7/8	7/8	4/4	2	1	1/8			1/8	1		-1	53	F3	3	443
33	33	263/2	0.5	7/8	7/8	4/4	2	1	1/8			1/8	1		-4	56	Ab3	3	443
33	33	263/2	0.5	7/8	7/8	4/4	2	1	1/8			1/8	1		0	60	C4	4	443
34	34	132	0.5	0	0	4/4	2	1	1/8			1/8	1		-2	46	Bb2	2	452
34	34	132	0.5	0	0	4/4	2	1	1/8			1/8	1		-2	58	Bb3	3	452
34	34	132	0.75	0	0	4/4	1	1	3/16			1/8	3/2		-2	70	Bb4	4	444
34	34	531/4	0.25	3/16	3/16	4/4	2	1	1/16			1/16	1		-2	46	Bb2	2	453
34	34	531/4	0.25	3/16	3/16	4/4	2	1	1/16			1/16	1		-2	58	Bb3	3	453
34	34	531/4	0.25	3/16	3/16	4/4	1	1	1/16			1/16	1		2	74	D5	5	445
34	34	531/4	0.25	3/16	3/16	4/4	1	1	1/16			1/16	1		-1	77	F5	5	445
34	34	133	0.5	1/4	1/4	4/4	2	1	1/8			1/8	1		-2	46	Bb2	2	454
34	34	133	0.5	1/4	1/4	4/4	2	1	1/8			1/8	1		-2	58	Bb3	3	454
34	34	133	0.75	1/4	1/4	4/4	1	1	3/16			1/8	3/2		-3	75	Eb5	5	446
34	34	133	0.75	1/4	1/4	4/4	1	1	3/16			1/8	3/2		1	79	G5	5	446
34	34	535/4	0.25	7/16	7/16	4/4	2	1	1/16			1/16	1		-2	46	Bb2	2	455
34	34	535/4	0.25	7/16	7/16	4/4	2	1	1/16			1/16	1		-2	58	Bb3	3	455
34	34	535/4	0.25	7/16	7/16	4/4	1	1	1/16			1/16	1		0	72	C5	5	447
34	34	535/4	0.25	7/16	7/16	4/4	1	1	1/16			1/16	1		-3	75	Eb5	5	447
34	34	535/4	0.25	7/16	7/16	4/4	1	1	1/16			1/16	1		3	81	A5	5	447
34	34	134	0.5	1/2	1/2	4/4	2	1	1/8			1/8	1		-2	46	Bb2	2	456
34	34	134	0.5	1/2	1/2	4/4	2	1	1/8			1/8	1		-2	58	Bb3	3	456
34	34	134	0.75	1/2	1/2	4/4	1	1	3/16			1/8	3/2		2	74	D5	5	448
34	34	134	0.75	1/2	1/2	4/4	1	1	3/16			1/8	3/2		-2	82	Bb5	5	448
34	34	539/4	0.25	11/16	11/16	4/4	2	1	1/16			1/16	1		-2	34	Bb1	1	457
34	34	539/4	0.25	11/16	11/16	4/4	2	1	1/16			1/16	1		-2	46	Bb2	2	457
34	34	539/4	0.25	11/16	11/16	4/4	1	1	1/16			1/16	1		2	62	D4	4	449
34	34	539/4	0.25	11/16	11/16	4/4	1	1	1/16			1/16	1		-1	65	F4	4	449
34	34	135	0.5	3/4	3/4	4/4	2	1	1/8			1/8	1		-2	34	Bb1	1	458
34	34	135	0.5	3/4	3/4	4/4	2	1	1/8			1/8	1		-2	46	Bb2	2	458
34	34	135	0.75	3/4	3/4	4/4	1	1	3/16			1/8	3/2		-3	63	Eb4	4	450
34	34	135	0.75	3/4	3/4	4/4	1	1	3/16			1/8	3/2		1	67	G4	4	450
34	34	543/4	0.25	15/16	15/16	4/4	2	1	1/16			1/16	1		-2	34	Bb1	1	459
34	34	543/4	0.25	15/16	15/16	4/4	2	1	1/16			1/16	1		-2	46	Bb2	2	459
34	34	543/4	0.25	15/16	15/16	4/4	1	1	1/16			1/16	1		0	60	C4	4	451
34	34	543/4	0.25	15/16	15/16	4/4	1	1	1/16			1/16	1		-3	63	Eb4	4	451
34	34	543/4	0.25	15/16	15/16	4/4	1	1	1/16			1/16	1		3	69	A4	4	451
35	35	136	2.0	0	0	4/4	2	1	1/2			1/2	1		-2	34	Bb1	1	462
35	35	136	2.0	0	0	4/4	2	1	1/2			1/2	1		-2	46	Bb2	2	462
35	35	136	2.0	0	0	4/4	1	1	1/2			1/2	1		0	60	C4	4	460
35	35	136	2.0	0	0	4/4	1	1	1/2			1/2	1		-3	63	Eb4	4	460
35	35	136	2.0	0	0	4/4	1	1	1/2			1/2	1		3	69	A4	4	460
35	35	138	1.0	1/2	1/2	4/4	2	1	1/4			1/4	1		-2	34	Bb1	1	463
35	35	138	1.0	1/2	1/2	4/4	2	1	1/4			1/4	1		-2	46	Bb2	2	463
35	35	138	1.0	1/2	1/2	4/4	1	1	1/4			1/4	1		2	62	D4	4	461
35	35	138	1.0	1/2	1/2	4/4	1	1	1/4			1/4	1		-1	65	F4	4	461
35	35	138	1.0	1/2	1/2	4/4	1	1	1/4			1/4	1		-2	70	Bb4	4	461
36	36	140	1.0	0	0	4/4	1	1	1/4			1/4	1		2	74	D5	5	464
36	36	140	1.0	0	0	4/4	1	1	1/4			1/4	1		-1	77	F5	5	464
36	36	281/2	0.5	1/8	1/8	4/4	2	1	1/8			1/8	1		-2	58	Bb3	3	468
36	36	141	0.5	1/4	1/4	4/4	2	1	1/8			1/8	1		3	57	A3	3	469
36	36	141	2.0	1/4	1/4	4/4	1	1	1/2			1/2	1		-1	65	F4	4	465
36	36	141	2.0	1/4	1/4	4/4	1	1	1/2			1/2	1		2	74	D5	5	465
36	36	141	2.0	1/4	1/4	4/4	1	1	1/2			1/2	1		-1	77	F5	5	465
36	36	283/2	0.5	3/8	3/8	4/4	2	1	1/8			1/8	1		-2	58	Bb3	3	470
36	36	142	0.5	1/2	1/2	4/4	2	1	1/8			1/8	1		-1	53	F3	3	471
36	36	285/2	0.5	5/8	5/8	4/4	2	1	1/8			1/8	1		-2	58	Bb3	3	472
36	36	143	0.5	3/4	3/4	4/4	2	1	1/8			1/8	1		2	62	D4	4	473
36	36	143	0.75	3/4	3/4	4/4	1	1	3/16			1/8	3/2		2	74	D5	5	466
36	36	143	0.75	3/4	3/4	4/4	1	1	3/16			1/8	3/2		-1	77	F5	5	466
36	36	287/2	0.5	7/8	7/8	4/4	2	1	1/8			1/8	1		-1	65	F4	4	474
36	36	575/4	0.25	15/16	15/16	4/4	1	1	1/16			1/16	1		-3	75	Eb5	5	467
36	36	575/4	0.25	15/16	15/16	4/4	1	1	1/16			1/16	1		1	79	G5	5	467
37	37	144	0.0	0	0	4/4	1	1	0	appoggiatura		1/8	1		2	74	D5	5	475
37	37	144	0.0	0	0	4/4	1	1	0	appoggiatura		1/8	1		-1	77	F5	5	475
37	37	144	1.0	0	0	4/4	1	1	1/4			1/4	1		0	72	C5	5	476
37	37	144	1.0	0	0	4/4	1	1	1/4			1/4	1		-3	75	Eb5	5	476
37	37	289/2	0.5	1/8	1/8	4/4	2	1	1/8			1/8	1		0	60	C4	4	480
37	37	145	0.5	1/4	1/4	4/4	2	1	1/8			1/8	1		5	59	B3	3	481
37	37	145	2.0	1/4	1/4	4/4	1	1	1/2			1/2	1		-1	65	F4	4	477
37	37	145	2.0	1/4	1/4	4/4	1	1	1/2			1/2	1		0	72	C5	5	477
37	37	145	2.0	1/4	1/4	4/4	1	1	1/2			1/2	1		-3	75	Eb5	5	477
37	37	291/2	0.5	3/8	3/8	4/4	2	1	1/8			1/8	1		0	60	C4	4	482
37	37	146	0.5	1/2	1/2	4/4	2	1	1/8			1/8	1		-1	53	F3	3	483
37	37	293/2	0.5	5/8	5/8	4/4	2	1	1/8			1/8	1		3	57	A3	3	484
37	37	147	0.5	3/4	3/4	4/4	2	1	1/8			1/8	1		0	60	C4	4	485
37	37	147	0.75	3/4	3/4	4/4	1	1	3/16			1/8	3/2		0	72	C5	5	478
37	37	147	0.75	3/4	3/4	4/4	1	1	3/16			1/8	3/2		-3	75	Eb5	5	478
37	37	295/2	0.5	7/8	7/8	4/4	2	1	1/8			1/8	1		-1	65	F4	4	486
37	37	591/4	0.25	15/16	15/16	4/4	1	1	1/16			1/16	1		2	74	D5	5	479
37	37	591/4	0.25	15/16	15/16	4/4	1	1	1/16			1/16	1		-1	77	F5	5	479
38	38	148	0.0	0	0	4/4	1	1	0	appoggiatura		1/8	1		0	72	C5	5	487
38	38	148	0.0	0	0	4/4	1	1	0	appoggiatura		1/8	1		-3	75	Eb5	5	487
38	38	148	1.0	0	0	4/4	1	1	1/4			1/4	1		-2	70	Bb4	4	488
38	38	148	1.0	0	0	4/4	1	1	1/4			1/4	1		2	74	D5	5	488
38	38	297/2	0.5	1/8	1/8	4/4	2	1	1/8			1/8	1		1	55	G3	3	494
38	38	149	0.5	1/4	1/4	4/4	2	1	1/8			1/8	1		6	54	F#3	3	495
38	38	149	2.0	1/4	1/4	4/4	1	1	1/2			1/2	1		-2	70	Bb4	4	489
38	38	299/2	0.5	3/8	3/8	4/4	2	1	1/8			1/8	1		1	55	G3	3	496
38	38	150	0.5	1/2	1/2	4/4	2	1	1/8			1/8	1		2	50	D3	3	497
38	38	301/2	0.5	5/8	5/8	4/4	2	1	1/8			1/8	1		-1	53	F3	3	498
38	38	151	0.0	3/4	3/4	4/4	1	1	0	grace16		1/16	1		1	79	G5	5	490
38	38	151	0.5	3/4	3/4	4/4	2	1	1/8			1/8	1		-2	58	Bb3	3	499
38	38	151	0.5	3/4	3/4	4/4	1	1	1/8			1/8	1		-1	77	F5	5	491
38	38	303/2	0.5	7/8	7/8	4/4	2	1	1/8			1/8	1		2	62	D4	4	500
38	38	303/2	0.25	7/8	7/8	4/4	1	1	1/16			1/16	1		-3	75	Eb5	5	492
38	38	607/4	0.25	15/16	15/16	4/4	1	1	1/16			1/16	1		2	74	D5	5	493
39	39	152	0.0	0	0	4/4	1	1	0	appoggiatura		1/8	1		2	74	D5	5	501
39	39	152	1.0	0	0	4/4	1	1	1/4			1/4	1		0	72	C5	5	502
39	39	305/2	0.5	1/8	1/8	4/4	2	1	1/8			1/8	1		-3	51	Eb3	3	508
39	39	153	0.5	1/4	1/4	4/4	2	1	1/8			1/8	1		1	55	G3	3	509
39	39	153	2.0	1/4	1/4	4/4	1	1	1/2			1/2	1		-2	70	Bb4	4	503
39	39	307/2	0.5	3/8	3/8	4/4	2	1	1/8			1/8	1		0	60	C4	4	510
39	39	154	2.0	1/2	1/2	4/4	2	2	1/2			1/2	1		-1	53	F3	3	514
39	39	309/2	0.5	5/8	5/8	4/4	2	1	1/8			1/8	1		2	62	D4	4	511
39	39	155	0.0	3/4	3/4	4/4	1	1	0	grace16		1/16	1		2	74	D5	5	504
39	39	155	0.5	3/4	3/4	4/4	2	1	1/8			1/8	1		-3	63	Eb4	4	512
39	39	155	0.5	3/4	3/4	4/4	1	1	1/8			1/8	1		0	72	C5	5	505
39	39	311/2	0.5	7/8	7/8	4/4	2	1	1/8			1/8	1		2	62	D4	4	513
39	39	311/2	0.25	7/8	7/8	4/4	1	1	1/16			1/16	1		-2	70	Bb4	4	506
39	39	623/4	0.25	15/16	15/16	4/4	1	1	1/16			1/16	1		3	69	A4	4	507
40	40	156	2.0	0	0	4/4	1	2	1/2			1/2	1		2	74	D5	5	522
40	40	156	1.0	0	0	4/4	1	1	1/4			1/4	1	1	-1	77	F5	5	515
40	40	313/2	0.5	1/8	1/8	4/4	2	1	1/8			1/8	1		-2	58	Bb3	3	524
40	40	157	0.5	1/4	1/4	4/4	2	1	1/8			1/8	1		2	62	D4	4	525
40	40	157	0.25	1/4	1/4	4/4	1	1	1/16			1/16	1	-1	-1	77	F5	5	516
40	40	629/4	0.25	5/16	5/16	4/4	1	1	1/16			1/16	1		1	79	G5	5	517
40	40	315/2	0.5	3/8	3/8	4/4	2	1	1/8			1/8	1		-1	65	F4	4	526
40	40	315/2	0.25	3/8	3/8	4/4	1	1	1/16			1/16	1		3	81	A5	5	518
40	40	631/4	0.25	7/16	7/16	4/4	1	1	1/16			1/16	1		-2	82	Bb5	5	519
40	40	158	0.5	1/2	1/2	4/4	2	1	1/8			1/8	1		2	62	D4	4	527
40	40	158	1.0	1/2	1/2	4/4	1	2	1/4			1/4	1		2	74	D5	5	523
40	40	158	1.0	1/2	1/2	4/4	1	1	1/4			1/4	1		-1	77	F5	5	520
40	40	317/2	0.5	5/8	5/8	4/4	2	1	1/8			1/8	1		-2	58	Bb3	3	528
40	40	159	0.5	3/4	3/4	4/4	2	1	1/8			1/8	1		-1	53	F3	3	529
40	40	319/2	0.5	7/8	7/8	4/4	2	1	1/8			1/8	1		2	50	D3	3	530
40	40	639/4	0.25	15/16	15/16	4/4	1	1	1/16			1/16	1		2	74	D5	5	521
41	41	160	0.0	0	0	4/4	1	1	0	appoggiatura		1/8	1		2	74	D5	5	531
41	41	160	1.0	0	0	4/4	1	1	1/4			1/4	1		0	72	C5	5	532
41	41	321/2	0.5	1/8	1/8	4/4	2	1	1/8			1/8	1		-3	51	Eb3	3	538
41	41	161	0.5	1/4	1/4	4/4	2	1	1/8			1/8	1		1	55	G3	3	539
41	41	161	2.0	1/4	1/4	4/4	1	1	1/2			1/2	1		-2	70	Bb4	4	533
41	41	323/2	0.5	3/8	3/8	4/4	2	1	1/8			1/8	1		0	60	C4	4	540
41	41	162	2.0	1/2	1/2	4/4	2	2	1/2			1/2	1		-1	53	F3	3	544
41	41	325/2	0.5	5/8	5/8	4/4	2	1	1/8			1/8	1		2	62	D4	4	541
41	41	163	0.0	3/4	3/4	4/4	1	1	0	grace16		1/16	1		2	74	D5	5	534
41	41	163	0.5	3/4	3/4	4/4	2	1	1/8			1/8	1		-3	63	Eb4	4	542
41	41	163	0.5	3/4	3/4	4/4	1	1	1/8			1/8	1		0	72	C5	5	535
41	41	327/2	0.5	7/8	7/8	4/4	2	1	1/8			1/8	1		2	62	D4	4	543
41	41	327/2	0.25	7/8	7/8	4/4	1	1	1/16			1/16	1		-2	70	Bb4	4	536
41	41	655/4	0.25	15/16	15/16	4/4	1	1	1/16			1/16	1		3	69	A4	4	537
42	42	164	1.0	0	0	4/4	2	1	1/4			1/4	1		-2	58	Bb3	3	549
42	42	164	1.0	0	0	4/4	2	1	1/4			1/4	1		2	62	D4	4	549
42	42	164	0.75	0	0	4/4	1	1	3/16			1/8	3/2		-2	70	Bb4	4	545
42	42	659/4	0.25	3/16	3/16	4/4	1	1	1/16			1/16	1		3	69	A4	4	546
42	42	165	1.0	1/4	1/4	4/4	1	1	1/4			1/4	1		-2	70	Bb4	4	547
42	42	166	2.0	1/2	1/2	4/4	2	1	1/2			1/2	1		-5	37	Db2	2	550
42	42	166	2.0	1/2	1/2	4/4	2	1	1/2			1/2	1		-5	49	Db3	3	550
42	42	166	2.0	1/2	1/2	4/4	1	1	1/2			1/2	1		-5	61	Db4	4	548
43	43	168	1.0	0	0	4/4	2	1	1/4			1/4	1		0	36	C2	2	558
43	43	168	1.0	0	0	4/4	2	1	1/4			1/4	1		0	48	C3	3	558
43	43	168	0.5	0	0	4/4	1	1	1/8			1/8	1		0	60	C4	4	551
43	43	337/2	0.5	1/8	1/8	4/4	1	1	1/8			1/8	1		-2	70	Bb4	4	552
43	43	337/2	0.5	1/8	1/8	4/4	1	1	1/8			1/8	1		-5	73	Db5	5	552
43	43	169	0.5	1/4	1/4	4/4	1	1	1/8			1/8	1		-4	68	Ab4	4	553
43	43	169	0.5	1/4	1/4	4/4	1	1	1/8			1/8	1		0	72	C5	5	553
43	43	339/2	0.5	3/8	3/8	4/4	1	1	1/8			1/8	1		1	67	G4	4	554
43	43	339/2	0.5	3/8	3/8	4/4	1	1	1/8			1/8	1		-2	70	Bb4	4	554
43	43	170	1.0	1/2	1/2	4/4	2	1	1/4			1/4	1		0	48	C3	3	559
43	43	341/2	0.5	5/8	5/8	4/4	1	1	1/8			1/8	1		-5	73	Db5	5	555
43	43	341/2	0.5	5/8	5/8	4/4	1	1	1/8			1/8	1		-2	82	Bb5	5	555
43	43	171	0.5	3/4	3/4	4/4	1	1	1/8			1/8	1		0	72	C5	5	556
43	43	171	0.5	3/4	3/4	4/4	1	1	1/8			1/8	1		-4	80	Ab5	5	556
43	43	343/2	0.5	7/8	7/8	4/4	1	1	1/8			1/8	1		-2	70	Bb4	4	557
43	43	343/2	0.5	7/8	7/8	4/4	1	1	1/8			1/8	1		1	79	G5	5	557
44	44	172	1.0	0	0	4/4	1	1	1/4			1/4	1		1	67	G4	4	560
44	44	172	1.0	0	0	4/4	1	1	1/4			1/4	1		4	76	E5	5	560
44	44	345/2	0.5	1/8	1/8	4/4	2	1	1/8			1/8	1		0	60	C4	4	563
44	44	173	0.5	1/4	1/4	4/4	2	1	1/8			1/8	1		-4	56	Ab3	3	564
44	44	173	1.0	1/4	1/4	4/4	1	1	1/4			1/4	1		-4	68	Ab4	4	561
44	44	173	1.0	1/4	1/4	4/4	1	1	1/4			1/4	1		-1	77	F5	5	561
44	44	347/2	0.5	3/8	3/8	4/4	2	1	1/8			1/8	1		-1	53	F3	3	565
44	44	174	2.0	1/2	1/2	4/4	2	1	1/2			1/2	1		-7	47	Cb3	3	566
44	44	174	2.0	1/2	1/2	4/4	1	1	1/2			1/2	1		-7	59	Cb4	4	562
45	45	176	1.0	0	0	4/4	2	1	1/4			1/4	1		-2	46	Bb2	2	574
45	45	176	0.5	0	0	4/4	1	1	1/8			1/8	1		-2	58	Bb3	3	567
45	45	353/2	0.5	1/8	1/8	4/4	1	1	1/8			1/8	1		-4	68	Ab4	4	568
45	45	353/2	0.5	1/8	1/8	4/4	1	1	1/8			1/8	1		0	72	C5	5	568
45	45	177	0.5	1/4	1/4	4/4	1	1	1/8			1/8	1		1	67	G4	4	569
45	45	177	0.5	1/4	1/4	4/4	1	1	1/8			1/8	1		-2	70	Bb4	4	569
45	45	355/2	0.5	3/8	3/8	4/4	1	1	1/8			1/8	1		-1	65	F4	4	570
45	45	355/2	0.5	3/8	3/8	4/4	1	1	1/8			1/8	1		-4	68	Ab4	4	570
45	45	178	1.0	1/2	1/2	4/4	2	1	1/4			1/4	1		-2	58	Bb3	3	575
45	45	357/2	0.5	5/8	5/8	4/4	1	1	1/8			1/8	1		-4	80	Ab5	5	571
45	45	357/2	0.5	5/8	5/8	4/4	1	1	1/8			1/8	1		0	84	C6	6	571
45	45	179	0.5	3/4	3/4	4/4	1	1	1/8			1/8	1		1	79	G5	5	572
45	45	179	0.5	3/4	3/4	4/4	1	1	1/8			1/8	1		-2	82	Bb5	5	572
45	45	359/2	0.5	7/8	7/8	4/4	1	1	1/8			1/8	1		-1	77	F5	5	573
45	45	359/2	0.5	7/8	7/8	4/4	1	1	1/8			1/8	1		-4	80	Ab5	5	573
46	46	180	1.0	0	0	4/4	2	1	1/4			1/4	1		-3	63	Eb4	4	588
46	46	180	0.5	0	0	4/4	1	1	1/8			1/8	1		-3	75	Eb5	5	576
46	46	180	0.5	0	0	4/4	1	1	1/8			1/8	1		1	79	G5	5	576
46	46	361/2	0.0	1/8	1/8	4/4	1	1	0	grace16		1/16	1		0	84	C6	6	577
46	46	361/2	0.5	1/8	1/8	4/4	1	1	1/8			1/8	1		-2	82	Bb5	5	578
46	46	181	0.0	1/4	1/4	4/4	1	1	0	grace16		1/16	1		-4	80	Ab5	5	579
46	46	181	0.5	1/4	1/4	4/4	1	1	1/8			1/8	1		1	79	G5	5	580
46	46	363/2	0.0	3/8	3/8	4/4	1	1	0	grace16		1/16	1		-1	77	F5	5	581
46	46	363/2	0.5	3/8	3/8	4/4	1	1	1/8			1/8	1		-3	75	Eb5	5	582
46	46	182	1.5	1/2	1/2	4/4	1	1	3/8			1/4	3/2		-3	75	Eb5	5	583
46	46	365/2	0.5	5/8	5/8	4/4	1	2	1/8			1/8	1		-3	63	Eb4	4	585
46	46	365/2	0.5	5/8	5/8	4/4	1	2	1/8			1/8	1		1	67	G4	4	585
46	46	183	0.5	3/4	3/4	4/4	1	2	1/8			1/8	1		-1	65	F4	4	586
46	46	183	0.5	3/4	3/4	4/4	1	2	1/8			1/8	1		-4	68	Ab4	4	586
46	46	367/2	0.5	7/8	7/8	4/4	1	2	1/8			1/8	1		1	67	G4	4	587
46	46	367/2	0.5	7/8	7/8	4/4	1	2	1/8			1/8	1		-2	70	Bb4	4	587
46	46	367/2	0.5	7/8	7/8	4/4	1	1	1/8			1/8	1		2	74	D5	5	584
47	47	184	1.0	0	0	4/4	2	1	1/4			1/4	1		-4	68	Ab4	4	601
47	47	184	0.5	0	0	4/4	1	1	1/8			1/8	1		0	72	C5	5	589
47	47	369/2	0.0	1/8	1/8	4/4	1	1	0	grace16		1/16	1		-2	82	Bb5	5	590
47	47	369/2	0.5	1/8	1/8	4/4	1	1	1/8			1/8	1		-4	80	Ab5	5	591
47	47	185	0.0	1/4	1/4	4/4	1	1	0	grace16		1/16	1		1	79	G5	5	592
47	47	185	0.5	1/4	1/4	4/4	1	1	1/8			1/8	1		-1	77	F5	5	593
47	47	371/2	0.0	3/8	3/8	4/4	1	1	0	grace16		1/16	1		-3	75	Eb5	5	594
47	47	371/2	0.5	3/8	3/8	4/4	1	1	1/8			1/8	1		2	74	D5	5	595
47	47	186	1.5	1/2	1/2	4/4	1	1	3/8			1/4	3/2		2	74	D5	5	596
47	47	373/2	0.5	5/8	5/8	4/4	1	2	1/8			1/8	1		2	62	D4	4	598
47	47	373/2	0.5	5/8	5/8	4/4	1	2	1/8			1/8	1		-1	65	F4	4	598
47	47	187	0.5	3/4	3/4	4/4	1	2	1/8			1/8	1		-3	63	Eb4	4	599
47	47	187	0.5	3/4	3/4	4/4	1	2	1/8			1/8	1		1	67	G4	4	599
47	47	375/2	0.5	7/8	7/8	4/4	1	2	1/8			1/8	1		-1	65	F4	4	600
47	47	375/2	0.5	7/8	7/8	4/4	1	2	1/8			1/8	1		-4	68	Ab4	4	600
47	47	375/2	0.5	7/8	7/8	4/4	1	1	1/8			1/8	1		0	72	C5	5	597
48	48	188	1.0	0	0	4/4	2	1	1/4			1/4	1		1	67	G4	4	611
48	48	188	0.5	0	0	4/4	1	1	1/8			1/8	1		-2	70	Bb4	4	602
48	48	377/2	0.0	1/8	1/8	4/4	1	1	0	grace16		1/16	1		-4	80	Ab5	5	603
48	48	377/2	0.5	1/8	1/8	4/4	1	1	1/8			1/8	1		1	79	G5	5	604
48	48	189	0.0	1/4	1/4	4/4	1	1	0	grace16		1/16	1		-1	77	F5	5	605
48	48	189	0.5	1/4	1/4	4/4	1	1	1/8			1/8	1		-3	75	Eb5	5	606
48	48	379/2	0.0	3/8	3/8	4/4	1	1	0	grace16		1/16	1		2	74	D5	5	607
48	48	379/2	0.5	3/8	3/8	4/4	1	1	1/8			1/8	1		0	72	C5	5	608
48	48	190	1.5	1/2	1/2	4/4	1	1	3/8			1/4	3/2		0	72	C5	5	609
48	48	381/2	0.5	5/8	5/8	4/4	2	1	1/8			1/8	1		0	60	C4	4	612
48	48	381/2	0.5	5/8	5/8	4/4	2	1	1/8			1/8	1		-3	63	Eb4	4	612
48	48	191	0.5	3/4	3/4	4/4	2	1	1/8			1/8	1		2	62	D4	4	613
48	48	191	0.5	3/4	3/4	4/4	2	1	1/8			1/8	1		-1	65	F4	4	613
48	48	383/2	0.5	7/8	7/8	4/4	2	1	1/8			1/8	1		-3	63	Eb4	4	614
48	48	383/2	0.5	7/8	7/8	4/4	2	1	1/8			1/8	1		1	67	G4	4	614
48	48	383/2	0.5	7/8	7/8	4/4	1	1	1/8			1/8	1		-2	70	Bb4	4	610
49	49	192	1.0	0	0	4/4	2	1	1/4			1/4	1		-1	65	F4	4	631
49	49	192	0.25	0	0	4/4	1	1	1/16			1/16	1		-2	70	Bb4	4	615
49	49	769/4	0.25	1/16	1/16	4/4	1	1	1/16			1/16	1		-4	68	Ab4	4	616
49	49	385/2	0.25	1/8	1/8	4/4	1	1	1/16			1/16	1		1	67	G4	4	617
49	49	771/4	0.25	3/16	3/16	4/4	1	1	1/16			1/16	1		-4	68	Ab4	4	618
49	49	193	1.0	1/4	1/4	4/4	2	1	1/4			1/4	1		2	62	D4	4	632
49	49	193	0.25	1/4	1/4	4/4	1	1	1/16			1/16	1		-1	77	F5	5	619
49	49	773/4	0.25	5/16	5/16	4/4	1	1	1/16			1/16	1		2	74	D5	5	620
49	49	387/2	0.25	3/8	3/8	4/4	1	1	1/16			1/16	1		-2	70	Bb4	4	621
49	49	775/4	0.25	7/16	7/16	4/4	1	1	1/16			1/16	1		-4	68	Ab4	4	622
49	49	194	1.0	1/2	1/2	4/4	2	1	1/4			1/4	1		-3	63	Eb4	4	633
49	49	194	0.25	1/2	1/2	4/4	1	1	1/16			1/16	1		-4	68	Ab4	4	623
49	49	777/4	0.25	9/16	9/16	4/4	1	1	1/16			1/16	1		1	67	G4	4	624
49	49	389/2	0.25	5/8	5/8	4/4	1	1	1/16			1/16	1		6	66	F#4	4	625
49	49	779/4	0.25	11/16	11/16	4/4	1	1	1/16			1/16	1		1	67	G4	4	626
49	49	195	1.0	3/4	3/4	4/4	2	1	1/4			1/4	1		-3	63	Eb4	4	634
49	49	195	0.25	3/4	3/4	4/4	1	1	1/16			1/16	1		-3	75	Eb5	5	627
49	49	781/4	0.25	13/16	13/16	4/4	1	1	1/16			1/16	1		-2	70	Bb4	4	628
49	49	391/2	0.25	7/8	7/8	4/4	1	1	1/16			1/16	1		-4	68	Ab4	4	629
49	49	783/4	0.25	15/16	15/16	4/4	1	1	1/16			1/16	1		1	67	G4	4	630
50	50	196	0.5	0	0	4/4	2	1	1/8			1/8	1		-2	58	Bb3	3	644
50	50	196	0.5	0	0	4/4	2	1	1/8			1/8	1		2	62	D4	4	644
50	50	196	0.5	0	0	4/4	1	1	1/8			1/8	1		-1	65	F4	4	635
50	50	393/2	0.5	1/8	1/8	4/4	2	1	1/8			1/8	1		-2	58	Bb3	3	645
50	50	393/2	0.5	1/8	1/8	4/4	2	1	1/8			1/8	1		2	62	D4	4	645
50	50	393/2	0.5	1/8	1/8	4/4	1	1	1/8			1/8	1		-2	82	Bb5	5	636
50	50	197	0.5	1/4	1/4	4/4	2	1	1/8			1/8	1		-2	58	Bb3	3	646
50	50	197	0.5	1/4	1/4	4/4	2	1	1/8			1/8	1		2	62	D4	4	646
50	50	395/2	0.5	3/8	3/8	4/4	2	1	1/8			1/8	1		-2	58	Bb3	3	647
50	50	395/2	0.5	3/8	3/8	4/4	2	1	1/8			1/8	1		2	62	D4	4	647
50	50	395/2	0.5	3/8	3/8	4/4	1	1	1/8			1/8	1		-2	82	Bb5	5	637
50	50	198	2.0	1/2	1/2	4/4	2	1	1/2		1/2_r8_0	1/2	1		-2	58	Bb3	3	648
50	50	397/2	0.25	5/8	5/8	4/4	1	1	1/16			1/16	1		-1	77	F5	5	638
50	50	795/4	0.25	11/16	11/16	4/4	1	1	1/16			1/16	1		2	74	D5	5	639
50	50	199	0.25	3/4	3/4	4/4	1	1	1/16			1/16	1		-4	80	Ab5	5	640
50	50	797/4	0.25	13/16	13/16	4/4	1	1	1/16			1/16	1		-1	77	F5	5	641
50	50	399/2	0.25	7/8	7/8	4/4	1	1	1/16			1/16	1		-3	75	Eb5	5	642
50	50	799/4	0.25	15/16	15/16	4/4	1	1	1/16			1/16	1		2	74	D5	5	643
51	51	200	2.0	0	0	4/4	2	1	1/2		1/2_r8_0	1/2	1		-2	58	Bb3	3	665
51	51	200	2.0	0	0	4/4	1	2	1/2		1/2_r8_0	1/2	1		1	67	G4	4	660
51	51	200	0.25	0	0	4/4	1	1	1/16			1/16	1		-3	75	Eb5	5	649
51	51	801/4	0.25	1/16	1/16	4/4	1	1	1/16			1/16	1		-2	70	Bb4	4	650
51	51	401/2	0.5	1/8	1/8	4/4	1	1	1/8			1/8	1		-2	82	Bb5	5	651
51	51	403/2	0.5	3/8	3/8	4/4	1	1	1/8			1/8	1		-2	82	Bb5	5	652
51	51	202	2.0	1/2	1/2	4/4	2	1	1/2		1/2_r8_0	1/2	1		-2	58	Bb3	3	666
51	51	202	0.5	1/2	1/2	4/4	1	2	1/8			1/8	1		1	67	G4	4	661
51	51	809/4	0.25	9/16	9/16	4/4	1	1	1/16			1/16	1		-3	75	Eb5	5	653
51	51	405/2	0.5	5/8	5/8	4/4	1	2	1/8			1/8	1		1	67	G4	4	662
51	51	405/2	0.25	5/8	5/8	4/4	1	1	1/16			1/16	1		1	79	G5	5	654
51	51	811/4	0.25	11/16	11/16	4/4	1	1	1/16			1/16	1		-2	82	Bb5	5	655
51	51	203	0.5	3/4	3/4	4/4	1	2	1/8			1/8	1		-3	63	Eb4	4	663
51	51	203	0.25	3/4	3/4	4/4	1	1	1/16			1/16	1		-3	87	Eb6	6	656
51	51	813/4	0.25	13/16	13/16	4/4	1	1	1/16			1/16	1		-2	82	Bb5	5	657
51	51	407/2	0.5	7/8	7/8	4/4	1	2	1/8			1/8	1		-3	63	Eb4	4	664
51	51	407/2	0.25	7/8	7/8	4/4	1	1	1/16			1/16	1		-4	80	Ab5	5	658
51	51	815/4	0.25	15/16	15/16	4/4	1	1	1/16			1/16	1		1	79	G5	5	659
52	52	204	0.0	0	0	4/4	1	1	0	appoggiatura		1/8	1		-4	80	Ab5	5	667
52	52	204	1.0	0	0	4/4	2	1	1/4			1/4	1		-2	58	Bb3	3	670
52	52	204	1.0	0	0	4/4	1	1	1/4			1/4	1		-3	75	Eb5	5	668
52	52	204	1.0	0	0	4/4	1	1	1/4			1/4	1		1	79	G5	5	668
52	52	205	1.0	1/4	1/4	4/4	1	1	1/4			1/4	1		2	74	D5	5	669
52	52	205	1.0	1/4	1/4	4/4	1	1	1/4			1/4	1		-1	77	F5	5	669
52	52	206	0.5	1/2	1/2	4/4	2	1	1/8			1/8	1		-2	46	Bb2	2	671
52	52	206	0.5	1/2	1/2	4/4	2	1	1/8			1/8	1		-2	58	Bb3	3	671
52	52	413/2	0.5	5/8	5/8	4/4	2	1	1/8			1/8	1		-4	44	Ab2	2	672
52	52	413/2	0.5	5/8	5/8	4/4	2	1	1/8			1/8	1		-4	56	Ab3	3	672
52	52	207	0.5	3/4	3/4	4/4	2	1	1/8			1/8	1		1	43	G2	2	673
52	52	207	0.5	3/4	3/4	4/4	2	1	1/8			1/8	1		1	55	G3	3	673
52	52	415/2	0.5	7/8	7/8	4/4	2	1	1/8			1/8	1		-1	41	F2	2	674
52	52	415/2	0.5	7/8	7/8	4/4	2	1	1/8			1/8	1		-1	53	F3	3	674
53	53	208	4.0	0	0	4/4	2	1	1			1	1		-3	39	Eb2	2	686
53	53	208	4.0	0	0	4/4	2	1	1			1	1		-3	51	Eb3	3	686
53	53	833/4	0.25	1/16	1/16	4/4	1	1	1/16			1/16	1		-3	75	Eb5	5	675
53	53	833/4	0.25	1/16	1/16	4/4	1	1	1/16			1/16	1		1	79	G5	5	675
53	53	417/2	0.25	1/8	1/8	4/4	1	1	1/16			1/16	1		2	74	D5	5	676
53	53	417/2	0.25	1/8	1/8	4/4	1	1	1/16			1/16	1		-1	77	F5	5	676
53	53	835/4	0.25	3/16	3/16	4/4	1	1	1/16			1/16	1		0	72	C5	5	677
53	53	835/4	0.25	3/16	3/16	4/4	1	1	1/16			1/16	1		-3	75	Eb5	5	677
53	53	209	0.25	1/4	1/4	4/4	1	1	1/16			1/16	1		-2	70	Bb4	4	678
53	53	209	0.25	1/4	1/4	4/4	1	1	1/16			1/16	1		2	74	D5	5	678
53	53	837/4	0.25	5/16	5/16	4/4	1	1	1/16			1/16	1		0	72	C5	5	679
53	53	837/4	0.25	5/16	5/16	4/4	1	1	1/16			1/16	1		-3	75	Eb5	5	679
53	53	419/2	0.25	3/8	3/8	4/4	1	1	1/16			1/16	1		-2	70	Bb4	4	680
53	53	419/2	0.25	3/8	3/8	4/4	1	1	1/16			1/16	1		2	74	D5	5	680
53	53	839/4	0.25	7/16	7/16	4/4	1	1	1/16			1/16	1		-4	68	Ab4	4	681
53	53	839/4	0.25	7/16	7/16	4/4	1	1	1/16			1/16	1		0	72	C5	5	681
53	53	210	0.5	1/2	1/2	4/4	1	1	1/8			1/8	1		1	67	G4	4	682
53	53	210	0.5	1/2	1/2	4/4	1	1	1/8			1/8	1		-2	70	Bb4	4	682
53	53	421/2	0.5	5/8	5/8	4/4	1	1	1/8			1/8	1		1	67	G4	4	683
53	53	421/2	0.5	5/8	5/8	4/4	1	1	1/8			1/8	1		-2	70	Bb4	4	683
53	53	211	0.5	3/4	3/4	4/4	1	1	1/8			1/8	1		1	67	G4	4	684
53	53	211	0.5	3/4	3/4	4/4	1	1	1/8			1/8	1		-2	70	Bb4	4	684
53	53	423/2	0.5	7/8	7/8	4/4	1	1	1/8			1/8	1		1	67	G4	4	685
53	53	423/2	0.5	7/8	7/8	4/4	1	1	1/8			1/8	1		-2	70	Bb4	4	685
54	54	212	2.0	0	0	4/4	2	1	1/2			1/2	1		-1	41	F2	2	696
54	54	212	2.0	0	0	4/4	2	1	1/2			1/2	1		-1	53	F3	3	696
54	54	212	2.0	0	0	4/4	1	2	1/2			1/2	1		0	60	C4	4	694
54	54	212	0.75	0	0	4/4	1	1	3/16			1/8	3/2		1	67	G4	4	687
54	54	212	0.75	0	0	4/4	1	1	3/16			1/8	3/2		-2	70	Bb4	4	687
54	54	851/4	0.25	3/16	3/16	4/4	1	1	1/16			1/16	1		-1	65	F4	4	688
54	54	851/4	0.25	3/16	3/16	4/4	1	1	1/16			1/16	1		-4	68	Ab4	4	688
54	54	213	1.0	1/4	1/4	4/4	1	1	1/4			1/4	1		-1	65	F4	4	689
54	54	213	1.0	1/4	1/4	4/4	1	1	1/4			1/4	1		-4	68	Ab4	4	689
54	54	214	2.0	1/2	1/2	4/4	2	1	1/2			1/2	1		1	43	G2	2	697
54	54	214	2.0	1/2	1/2	4/4	2	1	1/2			1/2	1		1	55	G3	3	697
54	54	214	2.0	1/2	1/2	4/4	1	2	1/2			1/2	1		-2	58	Bb3	3	695
54	54	214	0.5	1/2	1/2	4/4	1	1	1/8			1/8	1		-1	65	F4	4	690
54	54	214	0.5	1/2	1/2	4/4	1	1	1/8			1/8	1		-4	68	Ab4	4	690
54	54	429/2	0.5	5/8	5/8	4/4	1	1	1/8			1/8	1		-3	63	Eb4	4	691
54	54	429/2	0.5	5/8	5/8	4/4	1	1	1/8			1/8	1		1	67	G4	4	691
54	54	215	0.5	3/4	3/4	4/4	1	1	1/8			1/8	1		-2	70	Bb4	4	692
54	54	431/2	0.5	7/8	7/8	4/4	1	1	1/8			1/8	1		1	67	G4	4	693
55	55	216	1.0	0	0	4/4	2	1	1/4			1/4	1		-4	44	Ab2	2	710
55	55	216	1.0	0	0	4/4	2	1	1/4			1/4	1		-4	56	Ab3	3	710
55	55	216	1.0	0	0	4/4	1	2	1/4			1/4	1		0	60	C4	4	708
55	55	216	0.25	0	0	4/4	1	1	1/16			1/16	1		1	67	G4	4	698
55	55	865/4	0.25	1/16	1/16	4/4	1	1	1/16			1/16	1		-1	65	F4	4	699
55	55	433/2	0.25	1/8	1/8	4/4	1	1	1/16			1/16	1		4	64	E4	4	700
55	55	867/4	0.25	3/16	3/16	4/4	1	1	1/16			1/16	1		-1	65	F4	4	701
55	55	217	1.0	1/4	1/4	4/4	2	1	1/4			1/4	1		-4	44	Ab2	2	711
55	55	217	1.0	1/4	1/4	4/4	2	1	1/4			1/4	1		-4	56	Ab3	3	711
55	55	217	1.0	1/4	1/4	4/4	1	2	1/4			1/4	1		0	60	C4	4	709
55	55	217	0.25	1/4	1/4	4/4	1	1	1/16			1/16	1		-4	68	Ab4	4	702
55	55	869/4	0.25	5/16	5/16	4/4	1	1	1/16			1/16	1		-1	65	F4	4	703
55	55	435/2	0.25	3/8	3/8	4/4	1	1	1/16			1/16	1		-4	68	Ab4	4	704
55	55	871/4	0.25	7/16	7/16	4/4	1	1	1/16			1/16	1		-1	65	F4	4	705
55	55	218	1.0	1/2	1/2	4/4	2	1	1/4			1/4	1		-2	46	Bb2	2	712
55	55	218	1.0	1/2	1/2	4/4	2	1	1/4			1/4	1		1	55	G3	3	712
55	55	218	1.0	1/2	1/2	4/4	1	1	1/4			1/4	1		-3	63	Eb4	4	706
55	55	219	1.0	3/4	3/4	4/4	2	1	1/4			1/4	1		-2	46	Bb2	2	713
55	55	219	1.0	3/4	3/4	4/4	2	1	1/4			1/4	1		-1	53	F3	3	713
55	55	219	1.0	3/4	3/4	4/4	1	1	1/4			1/4	1		2	62	D4	4	707
56	56	220	1.0	0	0	4/4	1	1	1/4			1/4	1		-3	63	Eb4	4	714
56	56	441/2	0.5	1/8	1/8	4/4	2	1	1/8			1/8	1		-3	39	Eb2	2	716
56	56	221	0.5	1/4	1/4	4/4	2	1	1/8			1/8	1		2	38	D2	2	717
56	56	443/2	0.5	3/8	3/8	4/4	2	1	1/8			1/8	1		-3	39	Eb2	2	718
56	56	222	0.5	1/2	1/2	4/4	2	1	1/8			1/8	1		1	43	G2	2	719
56	56	445/2	0.5	5/8	5/8	4/4	2	1	1/8			1/8	1		-2	46	Bb2	2	720
56	56	223	0.5	3/4	3/4	4/4	2	1	1/8			1/8	1		2	50	D3	3	721
56	56	447/2	0.5	7/8	7/8	4/4	2	1	1/8			1/8	1		-3	51	Eb3	3	722
56	56	895/4	0.25	15/16	15/16	4/4	1	1	1/16			1/16	1		1	67	G4	4	715
56	56	895/4	0.25	15/16	15/16	4/4	1	1	1/16			1/16	1		-2	70	Bb4	4	715
57	57	224	1.0	0	0	4/4	1	2	1/4			1/4	1		1	67	G4	4	727
57	57	224	0.75	0	0	4/4	1	1	3/16			1/8	3/2		-2	70	Bb4	4	723
57	57	449/2	0.5	1/8	1/8	4/4	2	1	1/8			1/8	1		-3	39	Eb2	2	729
57	57	899/4	0.25	3/16	3/16	4/4	1	1	1/16			1/16	1		5	71	B4	4	724
57	57	225	0.5	1/4	1/4	4/4	2	1	1/8			1/8	1		2	38	D2	2	730
57	57	225	1.0	1/4	1/4	4/4	1	2	1/4			1/4	1		-4	68	Ab4	4	728
57	57	225	1.0	1/4	1/4	4/4	1	1	1/4			1/4	1		0	72	C5	5	725
57	57	451/2	0.5	3/8	3/8	4/4	2	1	1/8			1/8	1		-3	39	Eb2	2	731
57	57	226	0.5	1/2	1/2	4/4	2	1	1/8			1/8	1		-4	44	Ab2	2	732
57	57	453/2	0.5	5/8	5/8	4/4	2	1	1/8			1/8	1		0	48	C3	3	733
57	57	227	0.5	3/4	3/4	4/4	2	1	1/8			1/8	1		2	50	D3	3	734
57	57	455/2	0.5	7/8	7/8	4/4	2	1	1/8			1/8	1		-3	51	Eb3	3	735
57	57	911/4	0.25	15/16	15/16	4/4	1	1	1/16			1/16	1		-1	65	F4	4	726
57	57	911/4	0.25	15/16	15/16	4/4	1	1	1/16			1/16	1		-4	68	Ab4	4	726
58	58	228	1.0	0	0	4/4	1	2	1/4			1/4	1		-1	65	F4	4	740
58	58	228	0.75	0	0	4/4	1	1	3/16			1/8	3/2		-4	68	Ab4	4	736
58	58	457/2	0.5	1/8	1/8	4/4	2	1	1/8			1/8	1		-3	39	Eb2	2	742
58	58	915/4	0.25	3/16	3/16	4/4	1	1	1/16			1/16	1		3	69	A4	4	737
58	58	229	0.5	1/4	1/4	4/4	2	1	1/8			1/8	1		2	38	D2	2	743
58	58	229	1.0	1/4	1/4	4/4	1	2	1/4			1/4	1		1	67	G4	4	741
58	58	229	1.0	1/4	1/4	4/4	1	1	1/4			1/4	1		-2	70	Bb4	4	738
58	58	459/2	0.5	3/8	3/8	4/4	2	1	1/8			1/8	1		-3	39	Eb2	2	744
58	58	230	0.5	1/2	1/2	4/4	2	1	1/8			1/8	1		1	43	G2	2	745
58	58	461/2	0.5	5/8	5/8	4/4	2	1	1/8			1/8	1		-2	46	Bb2	2	746
58	58	231	0.5	3/4	3/4	4/4	2	1	1/8			1/8	1		2	50	D3	3	747
58	58	463/2	0.5	7/8	7/8	4/4	2	1	1/8			1/8	1		-3	51	Eb3	3	748
58	58	927/4	0.25	15/16	15/16	4/4	1	1	1/16			1/16	1		1	67	G4	4	739
58	58	927/4	0.25	15/16	15/16	4/4	1	1	1/16			1/16	1		-3	75	Eb5	5	739
59	59	232	1.0	0	0	4/4	1	2	1/4			1/4	1		1	67	G4	4	753
59	59	232	0.75	0	0	4/4	1	1	3/16			1/8	3/2		-3	75	Eb5	5	749
59	59	465/2	0.5	1/8	1/8	4/4	2	1	1/8			1/8	1		-2	46	Bb2	2	755
59	59	931/4	0.25	3/16	3/16	4/4	1	1	1/16			1/16	1		4	76	E5	5	750
59	59	233	0.5	1/4	1/4	4/4	2	1	1/8			1/8	1		3	45	A2	2	756
59	59	233	1.0	1/4	1/4	4/4	1	2	1/4			1/4	1		-4	68	Ab4	4	754
59	59	233	1.0	1/4	1/4	4/4	1	1	1/4			1/4	1		-1	77	F5	5	751
59	59	467/2	0.5	3/8	3/8	4/4	2	1	1/8			1/8	1		-2	46	Bb2	2	757
59	59	234	0.5	1/2	1/2	4/4	2	1	1/8			1/8	1		2	50	D3	3	758
59	59	469/2	0.5	5/8	5/8	4/4	2	1	1/8			1/8	1		-1	53	F3	3	759
59	59	235	0.5	3/4	3/4	4/4	2	1	1/8			1/8	1		3	57	A3	3	760
59	59	471/2	0.5	7/8	7/8	4/4	2	1	1/8			1/8	1		-2	58	Bb3	3	761
59	59	943/4	0.25	15/16	15/16	4/4	1	1	1/16			1/16	1		-1	65	F4	4	752
59	59	943/4	0.25	15/16	15/16	4/4	1	1	1/16			1/16	1		-4	68	Ab4	4	752
60	60	236	4.0	0	0	4/4	2	1	1			1	1		-3	39	Eb2	2	774
60	60	236	4.0	0	0	4/4	2	1	1			1	1		-3	51	Eb3	3	774
60	60	236	0.25	0	0	4/4	1	1	1/16			1/16	1		1	67	G4	4	762
60	60	945/4	0.25	1/16	1/16	4/4	1	1	1/16			1/16	1		-3	75	Eb5	5	763
60	60	945/4	0.25	1/16	1/16	4/4	1	1	1/16			1/16	1		1	79	G5	5	763
60	60	473/2	0.25	1/8	1/8	4/4	1	1	1/16			1/16	1		2	74	D5	5	764
60	60	473/2	0.25	1/8	1/8	4/4	1	1	1/16			1/16	1		-1	77	F5	5	764
60	60	947/4	0.25	3/16	3/16	4/4	1	1	1/16			1/16	1		0	72	C5	5	765
60	60	947/4	0.25	3/16	3/16	4/4	1	1	1/16			1/16	1		-3	75	Eb5	5	765
60	60	237	0.25	1/4	1/4	4/4	1	1	1/16			1/16	1		-2	70	Bb4	4	766
60	60	237	0.25	1/4	1/4	4/4	1	1	1/16			1/16	1		2	74	D5	5	766
60	60	949/4	0.25	5/16	5/16	4/4	1	1	1/16			1/16	1		0	72	C5	5	767
60	60	949/4	0.25	5/16	5/16	4/4	1	1	1/16			1/16	1		-3	75	Eb5	5	767
60	60	475/2	0.25	3/8	3/8	4/4	1	1	1/16			1/16	1		-2	70	Bb4	4	768
60	60	475/2	0.25	3/8	3/8	4/4	1	1	1/16			1/16	1		2	74	D5	5	768
60	60	951/4	0.25	7/16	7/16	4/4	1	1	1/16			1/16	1		-4	68	Ab4	4	769
60	60	951/4	0.25	7/16	7/16	4/4	1	1	1/16			1/16	1		0	72	C5	5	769
60	60	238	0.5	1/2	1/2	4/4	1	1	1/8			1/8	1		1	67	G4	4	770
60	60	238	0.5	1/2	1/2	4/4	1	1	1/8			1/8	1		-2	70	Bb4	4	770
60	60	477/2	0.5	5/8	5/8	4/4	1	1	1/8			1/8	1		1	67	G4	4	771
60	60	477/2	0.5	5/8	5/8	4/4	1	1	1/8			1/8	1		-2	70	Bb4	4	771
60	60	239	0.5	3/4	3/4	4/4	1	1	1/8			1/8	1		1	67	G4	4	772
60	60	239	0.5	3/4	3/4	4/4	1	1	1/8			1/8	1		-2	70	Bb4	4	772
60	60	479/2	0.5	7/8	7/8	4/4	1	1	1/8			1/8	1		1	67	G4	4	773
60	60	479/2	0.5	7/8	7/8	4/4	1	1	1/8			1/8	1		-2	70	Bb4	4	773
61	61	240	2.0	0	0	4/4	2	1	1/2			1/2	1		-1	41	F2	2	784
61	61	240	2.0	0	0	4/4	1	2	1/2			1/2	1		0	60	C4	4	782
61	61	240	0.75	0	0	4/4	1	1	3/16			1/8	3/2		1	67	G4	4	775
61	61	240	0.75	0	0	4/4	1	1	3/16			1/8	3/2		-2	70	Bb4	4	775
61	61	963/4	0.25	3/16	3/16	4/4	1	1	1/16			1/16	1		-1	65	F4	4	776
61	61	963/4	0.25	3/16	3/16	4/4	1	1	1/16			1/16	1		-4	68	Ab4	4	776
61	61	241	1.0	1/4	1/4	4/4	1	1	1/4			1/4	1		-1	65	F4	4	777
61	61	241	1.0	1/4	1/4	4/4	1	1	1/4			1/4	1		-4	68	Ab4	4	777
61	61	242	2.0	1/2	1/2	4/4	2	1	1/2			1/2	1		1	43	G2	2	785
61	61	242	2.0	1/2	1/2	4/4	1	2	1/2			1/2	1		-2	58	Bb3	3	783
61	61	242	0.5	1/2	1/2	4/4	1	1	1/8			1/8	1		-1	65	F4	4	778
61	61	242	0.5	1/2	1/2	4/4	1	1	1/8			1/8	1		-4	68	Ab4	4	778
61	61	485/2	0.5	5/8	5/8	4/4	1	1	1/8			1/8	1		-3	63	Eb4	4	779
61	61	485/2	0.5	5/8	5/8	4/4	1	1	1/8			1/8	1		1	67	G4	4	779
61	61	243	0.5	3/4	3/4	4/4	1	1	1/8			1/8	1		-2	70	Bb4	4	780
61	61	487/2	0.5	7/8	7/8	4/4	1	1	1/8			1/8	1		1	67	G4	4	781
62	62	244	0.25	0	0	4/4	1	1	1/16			1/16	1		0	60	C4	4	786
62	62	977/4	0.25	1/16	1/16	4/4	1	1	1/16			1/16	1		-1	65	F4	4	787
62	62	489/2	0.25	1/8	1/8	4/4	1	1	1/16			1/16	1		-4	68	Ab4	4	788
62	62	979/4	0.25	3/16	3/16	4/4	1	1	1/16			1/16	1		0	72	C5	5	789
62	62	245	1.0	1/4	1/4	4/4	2	1	1/4			1/4	1		-4	44	Ab2	2	796
62	62	245	1.0	1/4	1/4	4/4	2	1	1/4			1/4	1		-1	53	F3	3	796
62	62	245	0.25	1/4	1/4	4/4	1	1	1/16			1/16	1		-2	70	Bb4	4	790
62	62	981/4	0.25	5/16	5/16	4/4	1	1	1/16			1/16	1		-4	68	Ab4	4	791
62	62	491/2	0.25	3/8	3/8	4/4	1	1	1/16			1/16	1		1	67	G4	4	792
62	62	983/4	0.25	7/16	7/16	4/4	1	1	1/16			1/16	1		-1	65	F4	4	793
62	62	246	1.0	1/2	1/2	4/4	2	1	1/4			1/4	1		-2	46	Bb2	2	797
62	62	246	1.0	1/2	1/2	4/4	2	1	1/4			1/4	1		1	55	G3	3	797
62	62	246	1.0	1/2	1/2	4/4	1	1	1/4			1/4	1		-3	63	Eb4	4	794
62	62	247	1.0	3/4	3/4	4/4	2	1	1/4			1/4	1		-2	46	Bb2	2	798
62	62	247	1.0	3/4	3/4	4/4	2	1	1/4			1/4	1		-4	56	Ab3	3	798
62	62	247	1.0	3/4	3/4	4/4	1	1	1/4			1/4	1		2	62	D4	4	795
63	63	248	0.5	0	0	4/4	2	2	1/8			1/8	1		-3	51	Eb3	3	809
63	63	248	1.0	0	0	4/4	2	1	1/4			1/4	1		1	55	G3	3	800
63	63	248	1.0	0	0	4/4	1	1	1/4			1/4	1		-3	63	Eb4	4	799
63	63	497/2	0.5	1/8	1/8	4/4	2	2	1/8			1/8	1		-3	39	Eb2	2	810
63	63	249	0.5	1/4	1/4	4/4	2	2	1/8			1/8	1		-3	39	Eb2	2	811
63	63	249	1.0	1/4	1/4	4/4	2	1	1/4			1/4	1	1	-3	51	Eb3	3	801
63	63	499/2	0.5	3/8	3/8	4/4	2	2	1/8			1/8	1		-3	39	Eb2	2	812
63	63	250	2.0	1/2	1/2	4/4	2	2	1/2		1/2_r8_0	1/2	1		-3	39	Eb2	2	813
63	63	250	0.5	1/2	1/2	4/4	2	1	1/8			1/8	1	-1	-3	51	Eb3	3	802
63	63	501/2	0.25	5/8	5/8	4/4	2	1	1/16			1/16	1		2	50	D3	3	803
63	63	1003/4	0.25	11/16	11/16	4/4	2	1	1/16			1/16	1		-3	51	Eb3	3	804
63	63	251	0.25	3/4	3/4	4/4	2	1	1/16			1/16	1		-1	53	F3	3	805
63	63	1005/4	0.25	13/16	13/16	4/4	2	1	1/16			1/16	1		2	50	D3	3	806
63	63	503/2	0.25	7/8	7/8	4/4	2	1	1/16			1/16	1		0	48	C3	3	807
63	63	1007/4	0.25	15/16	15/16	4/4	2	1	1/16			1/16	1		-2	46	Bb2	2	808
64	64	252	0.5	0	0	4/4	2	2	1/8			1/8	1		-3	39	Eb2	2	823
64	64	252	1.0	0	0	4/4	2	1	1/4			1/4	1		-3	51	Eb3	3	814
64	64	252	1.0	0	0	4/4	2	1	1/4			1/4	1		1	55	G3	3	814
64	64	505/2	0.5	1/8	1/8	4/4	2	2	1/8			1/8	1		-3	39	Eb2	2	824
64	64	253	0.5	1/4	1/4	4/4	2	2	1/8			1/8	1		-3	39	Eb2	2	825
64	64	253	1.0	1/4	1/4	4/4	2	1	1/4			1/4	1		-3	51	Eb3	3	815
64	64	253	1.0	1/4	1/4	4/4	2	1	1/4			1/4	1	1	1	55	G3	3	815
64	64	507/2	0.5	3/8	3/8	4/4	2	2	1/8			1/8	1		-3	39	Eb2	2	826
64	64	254	2.0	1/2	1/2	4/4	2	2	1/2		1/2_r8_0	1/2	1		-3	39	Eb2	2	827
64	64	254	0.5	1/2	1/2	4/4	2	1	1/8			1/8	1	-1	1	55	G3	3	816
64	64	509/2	0.25	5/8	5/8	4/4	2	1	1/16			1/16	1		-1	53	F3	3	817
64	64	1019/4	0.25	11/16	11/16	4/4	2	1	1/16			1/16	1		1	55	G3	3	818
64	64	255	0.25	3/4	3/4	4/4	2	1	1/16			1/16	1		-4	56	Ab3	3	819
64	64	1021/4	0.25	13/16	13/16	4/4	2	1	1/16			1/16	1		-1	53	F3	3	820
64	64	511/2	0.25	7/8	7/8	4/4	2	1	1/16			1/16	1		-3	51	Eb3	3	821
64	64	1023/4	0.25	15/16	15/16	4/4	2	1	1/16			1/16	1		2	50	D3	3	822
65	65	256	2.0	0	0	4/4	2	1	1/2		1/2_r8_0	1/2	1		-3	39	Eb2	2	842
65	65	256	0.5	0	0	4/4	1	1	1/8			1/8	1		1	55	G3	3	828
65	65	256	0.5	0	0	4/4	1	1	1/8			1/8	1		-2	58	Bb3	3	828
65	65	513/2	0.5	1/8	1/8	4/4	1	1	1/8			1/8	1		1	55	G3	3	829
65	65	513/2	0.5	1/8	1/8	4/4	1	1	1/8			1/8	1	1	-2	58	Bb3	3	829
65	65	257	0.25	1/4	1/4	4/4	1	1	1/16			1/16	1		1	55	G3	3	830
65	65	257	0.25	1/4	1/4	4/4	1	1	1/16			1/16	1	-1	-2	58	Bb3	3	830
65	65	1029/4	0.25	5/16	5/16	4/4	1	1	1/16			1/16	1		-3	51	Eb3	3	831
65	65	1029/4	0.25	5/16	5/16	4/4	1	1	1/16			1/16	1		1	55	G3	3	831
65	65	515/2	0.25	3/8	3/8	4/4	1	1	1/16			1/16	1		-1	53	F3	3	832
65	65	515/2	0.25	3/8	3/8	4/4	1	1	1/16			1/16	1		-4	56	Ab3	3	832
65	65	1031/4	0.25	7/16	7/16	4/4	1	1	1/16			1/16	1		1	55	G3	3	833
65	65	1031/4	0.25	7/16	7/16	4/4	1	1	1/16			1/16	1		-2	58	Bb3	3	833
65	65	258	2.0	1/2	1/2	4/4	2	1	1/2		1/2_r8_0	1/2	1		-3	39	Eb2	2	843
65	65	258	0.25	1/2	1/2	4/4	1	1	1/16			1/16	1		-4	56	Ab3	3	834
65	65	258	0.25	1/2	1/2	4/4	1	1	1/16			1/16	1		0	60	C4	4	834
65	65	1033/4	0.25	9/16	9/16	4/4	1	1	1/16			1/16	1		1	55	G3	3	835
65	65	1033/4	0.25	9/16	9/16	4/4	1	1	1/16			1/16	1		-2	58	Bb3	3	835
65	65	517/2	0.25	5/8	5/8	4/4	1	1	1/16			1/16	1		-1	53	F3	3	836
65	65	517/2	0.25	5/8	5/8	4/4	1	1	1/16			1/16	1		-4	56	Ab3	3	836
65	65	1035/4	0.25	11/16	11/16	4/4	1	1	1/16			1/16	1		-3	51	Eb3	3	837
65	65	1035/4	0.25	11/16	11/16	4/4	1	1	1/16			1/16	1		1	55	G3	3	837
65	65	259	0.25	3/4	3/4	4/4	1	1	1/16			1/16	1		-1	53	F3	3	838
65	65	259	0.25	3/4	3/4	4/4	1	1	1/16			1/16	1		-4	56	Ab3	3	838
65	65	1037/4	0.25	13/16	13/16	4/4	1	1	1/16			1/16	1		1	55	G3	3	839
65	65	1037/4	0.25	13/16	13/16	4/4	1	1	1/16			1/16	1		-2	58	Bb3	3	839
65	65	519/2	0.25	7/8	7/8	4/4	1	1	1/16			1/16	1		-4	56	Ab3	3	840
65	65	519/2	0.25	7/8	7/8	4/4	1	1	1/16			1/16	1		0	60	C4	4	840
65	65	1039/4	0.25	15/16	15/16	4/4	1	1	1/16			1/16	1		-1	53	F3	3	841
65	65	1039/4	0.25	15/16	15/16	4/4	1	1	1/16			1/16	1		2	62	D4	4	841
66	66	260	2.0	0	0	4/4	2	1	1/2		1/2_r8_0	1/2	1		-3	39	Eb2	2	860
66	66	260	2.0	0	0	4/4	2	1	1/2		1/2_r8_0	1/2	1		-3	51	Eb3	3	860
66	66	260	0.25	0	0	4/4	1	1	1/16			1/16	1		1	55	G3	3	844
66	66	260	0.25	0	0	4/4	1	1	1/16			1/16	1		-3	63	Eb4	4	844
66	66	1041/4	0.25	1/16	1/16	4/4	1	1	1/16			1/16	1		-1	53	F3	3	845
66	66	1041/4	0.25	1/16	1/16	4/4	1	1	1/16			1/16	1		2	62	D4	4	845
66	66	521/2	0.25	1/8	1/8	4/4	1	1	1/16			1/16	1		1	55	G3	3	846
66	66	521/2	0.25	1/8	1/8	4/4	1	1	1/16			1/16	1		-3	63	Eb4	4	846
66	66	1043/4	0.25	3/16	3/16	4/4	1	1	1/16			1/16	1		-4	56	Ab3	3	847
66	66	1043/4	0.25	3/16	3/16	4/4	1	1	1/16			1/16	1		-1	65	F4	4	847
66	66	261	0.25	1/4	1/4	4/4	1	1	1/16			1/16	1		1	55	G3	3	848
66	66	261	0.25	1/4	1/4	4/4	1	1	1/16			1/16	1		-3	63	Eb4	4	848
66	66	1045/4	0.25	5/16	5/16	4/4	1	1	1/16			1/16	1		1	55	G3	3	849
66	66	1045/4	0.25	5/16	5/16	4/4	1	1	1/16			1/16	1		-2	58	Bb3	3	849
66	66	523/2	0.25	3/8	3/8	4/4	1	1	1/16			1/16	1		-4	56	Ab3	3	850
66	66	523/2	0.25	3/8	3/8	4/4	1	1	1/16			1/16	1		0	60	C4	4	850
66	66	1047/4	0.25	7/16	7/16	4/4	1	1	1/16			1/16	1		-2	58	Bb3	3	851
66	66	1047/4	0.25	7/16	7/16	4/4	1	1	1/16			1/16	1		2	62	D4	4	851
66	66	262	2.0	1/2	1/2	4/4	2	1	1/2		1/2_r8_0	1/2	1		-3	39	Eb2	2	861
66	66	262	2.0	1/2	1/2	4/4	2	1	1/2		1/2_r8_0	1/2	1		-3	51	Eb3	3	861
66	66	262	0.25	1/2	1/2	4/4	1	1	1/16			1/16	1		0	60	C4	4	852
66	66	262	0.25	1/2	1/2	4/4	1	1	1/16			1/16	1		-3	63	Eb4	4	852
66	66	1049/4	0.25	9/16	9/16	4/4	1	1	1/16			1/16	1		-2	58	Bb3	3	853
66	66	1049/4	0.25	9/16	9/16	4/4	1	1	1/16			1/16	1		2	62	D4	4	853
66	66	525/2	0.25	5/8	5/8	4/4	1	1	1/16			1/16	1		0	60	C4	4	854
66	66	525/2	0.25	5/8	5/8	4/4	1	1	1/16			1/16	1		-3	63	Eb4	4	854
66	66	1051/4	0.25	11/16	11/16	4/4	1	1	1/16			1/16	1		2	62	D4	4	855
66	66	1051/4	0.25	11/16	11/16	4/4	1	1	1/16			1/16	1		-1	65	F4	4	855
66	66	263	0.25	3/4	3/4	4/4	1	1	1/16			1/16	1		-3	63	Eb4	4	856
66	66	263	0.25	3/4	3/4	4/4	1	1	1/16			1/16	1		1	67	G4	4	856
66	66	1053/4	0.25	13/16	13/16	4/4	1	1	1/16			1/16	1		2	62	D4	4	857
66	66	1053/4	0.25	13/16	13/16	4/4	1	1	1/16			1/16	1		-1	65	F4	4	857
66	66	527/2	0.25	7/8	7/8	4/4	1	1	1/16			1/16	1		-3	63	Eb4	4	858
66	66	527/2	0.25	7/8	7/8	4/4	1	1	1/16			1/16	1		1	67	G4	4	858
66	66	1055/4	0.25	15/16	15/16	4/4	1	1	1/16			1/16	1		-1	65	F4	4	859
66	66	1055/4	0.25	15/16	15/16	4/4	1	1	1/16			1/16	1		-4	68	Ab4	4	859
67	67	264	2.0	0	0	4/4	2	1	1/2		1/2_r8_0	1/2	1		-3	39	Eb2	2	878
67	67	264	2.0	0	0	4/4	2	1	1/2		1/2_r8_0	1/2	1		-3	51	Eb3	3	878
67	67	264	0.25	0	0	4/4	1	1	1/16			1/16	1		1	67	G4	4	862
67	67	264	0.25	0	0	4/4	1	1	1/16			1/16	1		-2	70	Bb4	4	862
67	67	1057/4	0.25	1/16	1/16	4/4	1	1	1/16			1/16	1		-1	65	F4	4	863
67	67	1057/4	0.25	1/16	1/16	4/4	1	1	1/16			1/16	1		-4	68	Ab4	4	863
67	67	529/2	0.25	1/8	1/8	4/4	1	1	1/16			1/16	1		1	67	G4	4	864
67	67	529/2	0.25	1/8	1/8	4/4	1	1	1/16			1/16	1		-2	70	Bb4	4	864
67	67	1059/4	0.25	3/16	3/16	4/4	1	1	1/16			1/16	1		-4	68	Ab4	4	865
67	67	1059/4	0.25	3/16	3/16	4/4	1	1	1/16			1/16	1		0	72	C5	5	865
67	67	265	0.25	1/4	1/4	4/4	1	1	1/16			1/16	1		1	67	G4	4	866
67	67	265	0.25	1/4	1/4	4/4	1	1	1/16			1/16	1		-2	70	Bb4	4	866
67	67	1061/4	0.25	5/16	5/16	4/4	1	1	1/16			1/16	1		-3	63	Eb4	4	867
67	67	1061/4	0.25	5/16	5/16	4/4	1	1	1/16			1/16	1		1	67	G4	4	867
67	67	531/2	0.25	3/8	3/8	4/4	1	1	1/16			1/16	1		-1	65	F4	4	868
67	67	531/2	0.25	3/8	3/8	4/4	1	1	1/16			1/16	1		-4	68	Ab4	4	868
67	67	1063/4	0.25	7/16	7/16	4/4	1	1	1/16			1/16	1		1	67	G4	4	869
67	67	1063/4	0.25	7/16	7/16	4/4	1	1	1/16			1/16	1		-2	70	Bb4	4	869
67	67	266	2.0	1/2	1/2	4/4	2	1	1/2		1/2_r8_0	1/2	1		-3	39	Eb2	2	879
67	67	266	2.0	1/2	1/2	4/4	2	1	1/2		1/2_r8_0	1/2	1		-3	51	Eb3	3	879
67	67	266	0.25	1/2	1/2	4/4	1	1	1/16			1/16	1		-4	68	Ab4	4	870
67	67	266	0.25	1/2	1/2	4/4	1	1	1/16			1/16	1		0	72	C5	5	870
67	67	1065/4	0.25	9/16	9/16	4/4	1	1	1/16			1/16	1		1	67	G4	4	871
67	67	1065/4	0.25	9/16	9/16	4/4	1	1	1/16			1/16	1		-2	70	Bb4	4	871
67	67	533/2	0.25	5/8	5/8	4/4	1	1	1/16			1/16	1		-4	68	Ab4	4	872
67	67	533/2	0.25	5/8	5/8	4/4	1	1	1/16			1/16	1		0	72	C5	5	872
67	67	1067/4	0.25	11/16	11/16	4/4	1	1	1/16			1/16	1		-2	70	Bb4	4	873
67	67	1067/4	0.25	11/16	11/16	4/4	1	1	1/16			1/16	1		2	74	D5	5	873
67	67	267	0.25	3/4	3/4	4/4	1	1	1/16			1/16	1		0	72	C5	5	874
67	67	267	0.25	3/4	3/4	4/4	1	1	1/16			1/16	1		-3	75	Eb5	5	874
67	67	1069/4	0.25	13/16	13/16	4/4	1	1	1/16			1/16	1		-2	70	Bb4	4	875
67	67	1069/4	0.25	13/16	13/16	4/4	1	1	1/16			1/16	1		2	74	D5	5	875
67	67	535/2	0.25	7/8	7/8	4/4	1	1	1/16			1/16	1		0	72	C5	5	876
67	67	535/2	0.25	7/8	7/8	4/4	1	1	1/16			1/16	1		-3	75	Eb5	5	876
67	67	1071/4	0.25	15/16	15/16	4/4	1	1	1/16			1/16	1		2	74	D5	5	877
67	67	1071/4	0.25	15/16	15/16	4/4	1	1	1/16			1/16	1		-1	77	F5	5	877
68	68	268	1.0	0	0	4/4	2	1	1/4			1/4	1		-3	39	Eb2	2	896
68	68	268	1.0	0	0	4/4	2	1	1/4			1/4	1		-3	51	Eb3	3	896
68	68	268	0.25	0	0	4/4	1	1	1/16			1/16	1		-3	75	Eb5	5	880
68	68	268	0.25	0	0	4/4	1	1	1/16			1/16	1		1	79	G5	5	880
68	68	1073/4	0.25	1/16	1/16	4/4	1	1	1/16			1/16	1		1	79	G5	5	881
68	68	537/2	0.25	1/8	1/8	4/4	1	1	1/16			1/16	1		-2	82	Bb5	5	882
68	68	1075/4	0.25	3/16	3/16	4/4	1	1	1/16			1/16	1		-4	80	Ab5	5	883
68	68	269	0.25	1/4	1/4	4/4	1	1	1/16			1/16	1		1	79	G5	5	884
68	68	1077/4	0.25	5/16	5/16	4/4	1	1	1/16			1/16	1		-1	77	F5	5	885
68	68	539/2	0.25	3/8	3/8	4/4	1	1	1/16			1/16	1		-3	75	Eb5	5	886
68	68	1079/4	0.25	7/16	7/16	4/4	1	1	1/16			1/16	1		2	74	D5	5	887
68	68	270	0.25	1/2	1/2	4/4	1	1	1/16			1/16	1		0	72	C5	5	888
68	68	1081/4	0.25	9/16	9/16	4/4	1	1	1/16			1/16	1		-2	70	Bb4	4	889
68	68	541/2	0.25	5/8	5/8	4/4	1	1	1/16			1/16	1		-4	68	Ab4	4	890
68	68	1083/4	0.25	11/16	11/16	4/4	1	1	1/16			1/16	1		1	67	G4	4	891
68	68	271	0.25	3/4	3/4	4/4	1	1	1/16			1/16	1		-1	65	F4	4	892
68	68	1085/4	0.25	13/16	13/16	4/4	1	1	1/16			1/16	1		-3	63	Eb4	4	893
68	68	543/2	0.25	7/8	7/8	4/4	1	1	1/16			1/16	1		2	62	D4	4	894
68	68	1087/4	0.25	15/16	15/16	4/4	1	1	1/16			1/16	1		0	60	C4	4	895
69	69	272	0.5	0	0	4/4	2	1	1/8			1/8	1		-2	46	Bb2	2	899
69	69	272	0.5	0	0	4/4	2	1	1/8			1/8	1		-3	51	Eb3	3	899
69	69	272	0.5	0	0	4/4	2	1	1/8			1/8	1		1	55	G3	3	899
69	69	272	2.0	0	0	4/4	1	1	1/2			1/2	1		-2	58	Bb3	3	897
69	69	545/2	0.5	1/8	1/8	4/4	2	1	1/8			1/8	1		-2	46	Bb2	2	900
69	69	545/2	0.5	1/8	1/8	4/4	2	1	1/8			1/8	1		-3	51	Eb3	3	900
69	69	545/2	0.5	1/8	1/8	4/4	2	1	1/8			1/8	1		1	55	G3	3	900
69	69	273	0.5	1/4	1/4	4/4	2	1	1/8			1/8	1		-2	46	Bb2	2	901
69	69	273	0.5	1/4	1/4	4/4	2	1	1/8			1/8	1		-3	51	Eb3	3	901
69	69	273	0.5	1/4	1/4	4/4	2	1	1/8			1/8	1		1	55	G3	3	901
69	69	547/2	0.5	3/8	3/8	4/4	2	1	1/8			1/8	1		-2	46	Bb2	2	902
69	69	547/2	0.5	3/8	3/8	4/4	2	1	1/8			1/8	1		-3	51	Eb3	3	902
69	69	547/2	0.5	3/8	3/8	4/4	2	1	1/8			1/8	1		1	55	G3	3	902
69	69	274	0.5	1/2	1/2	4/4	2	1	1/8			1/8	1		-2	46	Bb2	2	903
69	69	274	0.5	1/2	1/2	4/4	2	1	1/8			1/8	1		2	50	D3	3	903
69	69	274	0.5	1/2	1/2	4/4	2	1	1/8			1/8	1		-1	53	F3	3	903
69	69	274	2.0	1/2	1/2	4/4	1	1	1/2			1/2	1		-1	65	F4	4	898
69	69	549/2	0.5	5/8	5/8	4/4	2	1	1/8			1/8	1		-2	46	Bb2	2	904
69	69	549/2	0.5	5/8	5/8	4/4	2	1	1/8			1/8	1		2	50	D3	3	904
69	69	549/2	0.5	5/8	5/8	4/4	2	1	1/8			1/8	1		-1	53	F3	3	904
69	69	275	0.5	3/4	3/4	4/4	2	1	1/8			1/8	1		-2	46	Bb2	2	905
69	69	275	0.5	3/4	3/4	4/4	2	1	1/8			1/8	1		2	50	D3	3	905
69	69	275	0.5	3/4	3/4	4/4	2	1	1/8			1/8	1		-1	53	F3	3	905
69	69	551/2	0.5	7/8	7/8	4/4	2	1	1/8			1/8	1		-2	46	Bb2	2	906
69	69	551/2	0.5	7/8	7/8	4/4	2	1	1/8			1/8	1		2	50	D3	3	906
69	69	551/2	0.5	7/8	7/8	4/4	2	1	1/8			1/8	1		-1	53	F3	3	906
70	70	276	1.0	0	0	4/4	2	1	1/4			1/4	1		-3	39	Eb2	2	922
70	70	276	1.0	0	0	4/4	2	1	1/4			1/4	1		-3	51	Eb3	3	922
70	70	1105/4	0.25	1/16	1/16	4/4	1	1	1/16			1/16	1		-3	75	Eb5	5	907
70	70	1105/4	0.25	1/16	1/16	4/4	1	1	1/16			1/16	1		1	79	G5	5	907
70	70	553/2	0.25	1/8	1/8	4/4	1	1	1/16			1/16	1		1	79	G5	5	908
70	70	553/2	0.25	1/8	1/8	4/4	1	1	1/16			1/16	1		-2	82	Bb5	5	908
70	70	1107/4	0.25	3/16	3/16	4/4	1	1	1/16			1/16	1		-1	77	F5	5	909
70	70	1107/4	0.25	3/16	3/16	4/4	1	1	1/16			1/16	1		-4	80	Ab5	5	909
70	70	277	0.25	1/4	1/4	4/4	1	1	1/16			1/16	1		-3	75	Eb5	5	910
70	70	277	0.25	1/4	1/4	4/4	1	1	1/16			1/16	1		1	79	G5	5	910
70	70	1109/4	0.25	5/16	5/16	4/4	1	1	1/16			1/16	1		2	74	D5	5	911
70	70	1109/4	0.25	5/16	5/16	4/4	1	1	1/16			1/16	1		-1	77	F5	5	911
70	70	555/2	0.25	3/8	3/8	4/4	1	1	1/16			1/16	1		0	72	C5	5	912
70	70	555/2	0.25	3/8	3/8	4/4	1	1	1/16			1/16	1		-3	75	Eb5	5	912
70	70	1111/4	0.25	7/16	7/16	4/4	1	1	1/16			1/16	1		-2	70	Bb4	4	913
70	70	1111/4	0.25	7/16	7/16	4/4	1	1	1/16			1/16	1		2	74	D5	5	913
70	70	278	0.25	1/2	1/2	4/4	1	1	1/16			1/16	1		-4	68	Ab4	4	914
70	70	278	0.25	1/2	1/2	4/4	1	1	1/16			1/16	1		0	72	C5	5	914
70	70	1113/4	0.25	9/16	9/16	4/4	1	1	1/16			1/16	1		1	67	G4	4	915
70	70	1113/4	0.25	9/16	9/16	4/4	1	1	1/16			1/16	1		-2	70	Bb4	4	915
70	70	557/2	0.25	5/8	5/8	4/4	1	1	1/16			1/16	1		-1	65	F4	4	916
70	70	557/2	0.25	5/8	5/8	4/4	1	1	1/16			1/16	1		-4	68	Ab4	4	916
70	70	1115/4	0.25	11/16	11/16	4/4	1	1	1/16			1/16	1		-3	63	Eb4	4	917
70	70	1115/4	0.25	11/16	11/16	4/4	1	1	1/16			1/16	1		1	67	G4	4	917
70	70	279	0.25	3/4	3/4	4/4	1	1	1/16			1/16	1		2	62	D4	4	918
70	70	279	0.25	3/4	3/4	4/4	1	1	1/16			1/16	1		-1	65	F4	4	918
70	70	1117/4	0.25	13/16	13/16	4/4	1	1	1/16			1/16	1		0	60	C4	4	919
70	70	1117/4	0.25	13/16	13/16	4/4	1	1	1/16			1/16	1		-3	63	Eb4	4	919
70	70	559/2	0.25	7/8	7/8	4/4	1	1	1/16			1/16	1		-2	58	Bb3	3	920
70	70	559/2	0.25	7/8	7/8	4/4	1	1	1/16			1/16	1		2	62	D4	4	920
70	70	1119/4	0.25	15/16	15/16	4/4	1	1	1/16			1/16	1		-4	56	Ab3	3	921
70	70	1119/4	0.25	15/16	15/16	4/4	1	1	1/16			1/16	1		0	60	C4	4	921
71	71	280	0.5	0	0	4/4	2	1	1/8			1/8	1		-2	46	Bb2	2	929
71	71	280	0.5	0	0	4/4	2	1	1/8			1/8	1		-3	51	Eb3	3	929
71	71	280	0.5	0	0	4/4	2	1	1/8			1/8	1		1	55	G3	3	929
71	71	280	1.0	0	0	4/4	1	1	1/4			1/4	1	1	-2	58	Bb3	3	923
71	71	561/2	0.5	1/8	1/8	4/4	2	1	1/8			1/8	1		-2	46	Bb2	2	930
71	71	561/2	0.5	1/8	1/8	4/4	2	1	1/8			1/8	1		-3	51	Eb3	3	930
71	71	561/2	0.5	1/8	1/8	4/4	2	1	1/8			1/8	1		1	55	G3	3	930
71	71	281	0.5	1/4	1/4	4/4	2	1	1/8			1/8	1		-2	46	Bb2	2	931
71	71	281	0.5	1/4	1/4	4/4	2	1	1/8			1/8	1		-3	51	Eb3	3	931
71	71	281	0.5	1/4	1/4	4/4	2	1	1/8			1/8	1		1	55	G3	3	931
71	71	281	0.25	1/4	1/4	4/4	1	1	1/16			1/16	1	-1	-2	58	Bb3	3	924
71	71	1125/4	0.25	5/16	5/16	4/4	1	1	1/16			1/16	1		-2	70	Bb4	4	925
71	71	563/2	0.5	3/8	3/8	4/4	2	1	1/8			1/8	1		-2	46	Bb2	2	932
71	71	563/2	0.5	3/8	3/8	4/4	2	1	1/8			1/8	1		-3	51	Eb3	3	932
71	71	563/2	0.5	3/8	3/8	4/4	2	1	1/8			1/8	1		1	55	G3	3	932
71	71	563/2	0.25	3/8	3/8	4/4	1	1	1/16			1/16	1		1	67	G4	4	926
71	71	1127/4	0.25	7/16	7/16	4/4	1	1	1/16			1/16	1		-3	63	Eb4	4	927
71	71	282	0.5	1/2	1/2	4/4	2	1	1/8			1/8	1		-2	46	Bb2	2	933
71	71	282	0.5	1/2	1/2	4/4	2	1	1/8			1/8	1		2	50	D3	3	933
71	71	282	0.5	1/2	1/2	4/4	2	1	1/8			1/8	1		-1	53	F3	3	933
71	71	282	2.0	1/2	1/2	4/4	1	1	1/2			1/2	1		-1	65	F4	4	928
71	71	565/2	0.5	5/8	5/8	4/4	2	1	1/8			1/8	1		-2	46	Bb2	2	934
71	71	565/2	0.5	5/8	5/8	4/4	2	1	1/8			1/8	1		2	50	D3	3	934
71	71	565/2	0.5	5/8	5/8	4/4	2	1	1/8			1/8	1		-1	53	F3	3	934
71	71	283	0.5	3/4	3/4	4/4	2	1	1/8			1/8	1		-2	46	Bb2	2	935
71	71	283	0.5	3/4	3/4	4/4	2	1	1/8			1/8	1		2	50	D3	3	935
71	71	283	0.5	3/4	3/4	4/4	2	1	1/8			1/8	1		-1	53	F3	3	935
71	71	567/2	0.5	7/8	7/8	4/4	2	1	1/8			1/8	1		-2	46	Bb2	2	936
71	71	567/2	0.5	7/8	7/8	4/4	2	1	1/8			1/8	1		2	50	D3	3	936
71	71	567/2	0.5	7/8	7/8	4/4	2	1	1/8			1/8	1		-1	53	F3	3	936
72	72	284	1.0	0	0	4/4	2	1	1/4			1/4	1		-3	51	Eb3	3	945
72	72	284	1.0	0	0	4/4	2	1	1/4			1/4	1		1	55	G3	3	945
72	72	284	0.5	0	0	4/4	1	1	1/8			1/8	1		-3	63	Eb4	4	937
72	72	1139/4	0.25	3/16	3/16	4/4	1	1	1/16			1/16	1		1	67	G4	4	938
72	72	1139/4	0.25	3/16	3/16	4/4	1	1	1/16			1/16	1		-2	70	Bb4	4	938
72	72	285	0.5	1/4	1/4	4/4	1	1	1/8			1/8	1		-4	68	Ab4	4	939
72	72	285	0.5	1/4	1/4	4/4	1	1	1/8			1/8	1		0	72	C5	5	939
72	72	1143/4	0.25	7/16	7/16	4/4	1	1	1/16			1/16	1		-2	70	Bb4	4	940
72	72	1143/4	0.25	7/16	7/16	4/4	1	1	1/16			1/16	1		-5	73	Db5	5	940
72	72	286	1.0	1/2	1/2	4/4	2	1	1/4			1/4	1		-3	39	Eb2	2	946
72	72	286	1.0	1/2	1/2	4/4	2	1	1/4			1/4	1		-3	51	Eb3	3	946
72	72	286	0.5	1/2	1/2	4/4	1	1	1/8			1/8	1		-4	68	Ab4	4	941
72	72	286	0.5	1/2	1/2	4/4	1	1	1/8			1/8	1		0	72	C5	5	941
72	72	1147/4	0.25	11/16	11/16	4/4	1	1	1/16			1/16	1		0	72	C5	5	942
72	72	1147/4	0.25	11/16	11/16	4/4	1	1	1/16			1/16	1		-4	80	Ab5	5	942
72	72	287	0.5	3/4	3/4	4/4	1	1	1/8			1/8	1		-4	68	Ab4	4	943
72	72	287	0.5	3/4	3/4	4/4	1	1	1/8			1/8	1		-1	77	F5	5	943
72	72	1151/4	0.25	15/16	15/16	4/4	1	1	1/16			1/16	1		-1	65	F4	4	944
72	72	1151/4	0.25	15/16	15/16	4/4	1	1	1/16			1/16	1		2	74	D5	5	944
73	73	288	0.5	0	0	4/4	1	1	1/8			1/8	1		1	67	G4	4	947
73	73	288	0.5	0	0	4/4	1	1	1/8			1/8	1		-3	75	Eb5	5	947
73	73	1155/4	0.25	3/16	3/16	4/4	2	1	1/16			1/16	1		-3	39	Eb2	2	955
73	73	1155/4	0.25	3/16	3/16	4/4	2	1	1/16			1/16	1		-3	51	Eb3	3	955
73	73	1155/4	0.25	3/16	3/16	4/4	1	1	1/16			1/16	1		1	67	G4	4	948
73	73	1155/4	0.25	3/16	3/16	4/4	1	1	1/16			1/16	1		-2	70	Bb4	4	948
73	73	289	0.5	1/4	1/4	4/4	2	1	1/8			1/8	1		-3	39	Eb2	2	956
73	73	289	0.5	1/4	1/4	4/4	2	1	1/8			1/8	1		-3	51	Eb3	3	956
73	73	289	0.5	1/4	1/4	4/4	1	1	1/8			1/8	1		-4	68	Ab4	4	949
73	73	289	0.5	1/4	1/4	4/4	1	1	1/8			1/8	1		0	72	C5	5	949
73	73	1159/4	0.25	7/16	7/16	4/4	2	1	1/16			1/16	1		-3	39	Eb2	2	957
73	73	1159/4	0.25	7/16	7/16	4/4	2	1	1/16			1/16	1		-3	51	Eb3	3	957
73	73	1159/4	0.25	7/16	7/16	4/4	1	1	1/16			1/16	1		-2	70	Bb4	4	950
73	73	1159/4	0.25	7/16	7/16	4/4	1	1	1/16			1/16	1		-5	73	Db5	5	950
73	73	290	0.5	1/2	1/2	4/4	2	1	1/8			1/8	1		-3	39	Eb2	2	958
73	73	290	0.5	1/2	1/2	4/4	2	1	1/8			1/8	1		-3	51	Eb3	3	958
73	73	290	0.5	1/2	1/2	4/4	1	1	1/8			1/8	1		-4	68	Ab4	4	951
73	73	290	0.5	1/2	1/2	4/4	1	1	1/8			1/8	1		0	72	C5	5	951
73	73	1163/4	0.25	11/16	11/16	4/4	2	1	1/16			1/16	1		-3	39	Eb2	2	959
73	73	1163/4	0.25	11/16	11/16	4/4	2	1	1/16			1/16	1		-3	51	Eb3	3	959
73	73	1163/4	0.25	11/16	11/16	4/4	1	1	1/16			1/16	1		-1	65	F4	4	952
73	73	1163/4	0.25	11/16	11/16	4/4	1	1	1/16			1/16	1		-4	68	Ab4	4	952
73	73	291	0.5	3/4	3/4	4/4	2	1	1/8			1/8	1		-3	39	Eb2	2	960
73	73	291	0.5	3/4	3/4	4/4	2	1	1/8			1/8	1		-3	51	Eb3	3	960
73	73	291	0.5	3/4	3/4	4/4	1	1	1/8			1/8	1		2	62	D4	4	953
73	73	291	0.5	3/4	3/4	4/4	1	1	1/8			1/8	1		-1	65	F4	4	953
73	73	1167/4	0.25	15/16	15/16	4/4	2	1	1/16			1/16	1		-3	39	Eb2	2	961
73	73	1167/4	0.25	15/16	15/16	4/4	2	1	1/16			1/16	1		-3	51	Eb3	3	961
73	73	1167/4	0.25	15/16	15/16	4/4	1	1	1/16			1/16	1		-1	53	F3	3	954
73	73	1167/4	0.25	15/16	15/16	4/4	1	1	1/16			1/16	1		-4	56	Ab3	3	954
73	73	1167/4	0.25	15/16	15/16	4/4	1	1	1/16			1/16	1		2	62	D4	4	954
74	74	292	2.0	0	0	4/4	2	1	1/2			1/2	1		-3	39	Eb2	2	964
74	74	292	2.0	0	0	4/4	2	1	1/2			1/2	1		-3	51	Eb3	3	964
74	74	292	2.0	0	0	4/4	1	1	1/2			1/2	1		-1	53	F3	3	962
74	74	292	2.0	0	0	4/4	1	1	1/2			1/2	1		-4	56	Ab3	3	962
74	74	292	2.0	0	0	4/4	1	1	1/2			1/2	1		2	62	D4	4	962
74	74	294	1.0	1/2	1/2	4/4	2	1	1/4			1/4	1		-3	39	Eb2	2	965
74	74	294	1.0	1/2	1/2	4/4	2	1	1/4			1/4	1		-3	51	Eb3	3	965
74	74	294	1.0	1/2	1/2	4/4	1	1	1/4			1/4	1		1	55	G3	3	963
74	74	294	1.0	1/2	1/2	4/4	1	1	1/4			1/4	1		-2	58	Bb3	3	963
74	74	294	1.0	1/2	1/2	4/4	1	1	1/4			1/4	1		-3	63	Eb4	4	963
